relative_path,extension,bytes,pack,category,class_confidence
ActionRPGStarterSystem/AI/AIPresets/BP_AggroEveryone.uasset,.uasset,44123,ActionRPGStarterSystem,blueprint_system_candidate,unverified; filename/path clue only
ActionRPGStarterSystem/AI/AIPresets/BP_AIArcherMannequin_Child.uasset,.uasset,49323,ActionRPGStarterSystem,blueprint_system_candidate,unverified; filename/path clue only
ActionRPGStarterSystem/AI/AIPresets/BP_AIMageMannequin_Child.uasset,.uasset,53490,ActionRPGStarterSystem,blueprint_system_candidate,unverified; filename/path clue only
ActionRPGStarterSystem/AI/AIPresets/BP_AIMageMannequinFriendly.uasset,.uasset,86330,ActionRPGStarterSystem,blueprint_system_candidate,unverified; filename/path clue only
ActionRPGStarterSystem/AI/AIPresets/BP_AIMannequin_Child.uasset,.uasset,52762,ActionRPGStarterSystem,blueprint_system_candidate,unverified; filename/path clue only
ActionRPGStarterSystem/AI/AIPresets/BP_AIMannequinBoss_Child.uasset,.uasset,90553,ActionRPGStarterSystem,blueprint_system_candidate,unverified; filename/path clue only
ActionRPGStarterSystem/AI/AIPresets/BP_AIRobot.uasset,.uasset,32050,ActionRPGStarterSystem,blueprint_system_candidate,unverified; filename/path clue only
ActionRPGStarterSystem/AI/AIPresets/BP_AITurret.uasset,.uasset,32076,ActionRPGStarterSystem,blueprint_system_candidate,unverified; filename/path clue only
ActionRPGStarterSystem/AI/AIPresets/BP_AIUE4Mannequin.uasset,.uasset,39486,ActionRPGStarterSystem,blueprint_system_candidate,unverified; filename/path clue only
ActionRPGStarterSystem/AI/AIPresets/BP_BigSpider.uasset,.uasset,39893,ActionRPGStarterSystem,blueprint_system_candidate,unverified; filename/path clue only
ActionRPGStarterSystem/AI/AIPresets/BP_CompanionAI.uasset,.uasset,41683,ActionRPGStarterSystem,blueprint_system_candidate,unverified; filename/path clue only
ActionRPGStarterSystem/AI/AIPresets/BP_FriendlyAI.uasset,.uasset,107476,ActionRPGStarterSystem,blueprint_system_candidate,unverified; filename/path clue only
ActionRPGStarterSystem/AI/AIPresets/BP_HostileOnDamageAI.uasset,.uasset,252249,ActionRPGStarterSystem,blueprint_system_candidate,unverified; filename/path clue only
ActionRPGStarterSystem/AI/AIPresets/BP_NonFollowerFriendly.uasset,.uasset,52154,ActionRPGStarterSystem,blueprint_system_candidate,unverified; filename/path clue only
ActionRPGStarterSystem/AI/AIPresets/BP_SpiderSmall.uasset,.uasset,40885,ActionRPGStarterSystem,blueprint_system_candidate,unverified; filename/path clue only
ActionRPGStarterSystem/AI/AIPresets/BP_SpookedAI.uasset,.uasset,48141,ActionRPGStarterSystem,blueprint_system_candidate,unverified; filename/path clue only
ActionRPGStarterSystem/AI/AIPresets/BP_TrainingTarget.uasset,.uasset,60986,ActionRPGStarterSystem,blueprint_system_candidate,unverified; filename/path clue only
ActionRPGStarterSystem/AI/Behavior/AIBehaviorTree.uasset,.uasset,111879,ActionRPGStarterSystem,other_content,unverified; filename/path clue only
ActionRPGStarterSystem/AI/Behavior/AIBlackboard.uasset,.uasset,10661,ActionRPGStarterSystem,other_content,unverified; filename/path clue only
ActionRPGStarterSystem/AI/Behavior/Services/Service_CheckGuarding.uasset,.uasset,26738,ActionRPGStarterSystem,blueprint_system_candidate,unverified; filename/path clue only
ActionRPGStarterSystem/AI/Behavior/Tasks/BP_AttackEnemy.uasset,.uasset,72649,ActionRPGStarterSystem,blueprint_system_candidate,unverified; filename/path clue only
ActionRPGStarterSystem/AI/Behavior/Tasks/BP_CheckCanAttack.uasset,.uasset,90437,ActionRPGStarterSystem,blueprint_system_candidate,unverified; filename/path clue only
ActionRPGStarterSystem/AI/Behavior/Tasks/BP_CheckCanExecuteSkillOnFriendly.uasset,.uasset,72258,ActionRPGStarterSystem,blueprint_system_candidate,unverified; filename/path clue only
ActionRPGStarterSystem/AI/Behavior/Tasks/BP_CheckIfCanChaseTarget.uasset,.uasset,86977,ActionRPGStarterSystem,blueprint_system_candidate,unverified; filename/path clue only
ActionRPGStarterSystem/AI/Behavior/Tasks/BP_CheckShouldRunAway.uasset,.uasset,116316,ActionRPGStarterSystem,blueprint_system_candidate,unverified; filename/path clue only
ActionRPGStarterSystem/AI/Behavior/Tasks/BP_FocusEnemy.uasset,.uasset,60525,ActionRPGStarterSystem,blueprint_system_candidate,unverified; filename/path clue only
ActionRPGStarterSystem/AI/Behavior/Tasks/BP_GuardMoveToEnemy.uasset,.uasset,550266,ActionRPGStarterSystem,blueprint_system_candidate,unverified; filename/path clue only
ActionRPGStarterSystem/AI/Behavior/Tasks/BP_MoveAwayFromEnemy.uasset,.uasset,185453,ActionRPGStarterSystem,blueprint_system_candidate,unverified; filename/path clue only
ActionRPGStarterSystem/AI/Behavior/Tasks/BP_MoveToEnemy.uasset,.uasset,187208,ActionRPGStarterSystem,blueprint_system_candidate,unverified; filename/path clue only
ActionRPGStarterSystem/AI/Behavior/Tasks/BP_MoveToFriendly.uasset,.uasset,163785,ActionRPGStarterSystem,blueprint_system_candidate,unverified; filename/path clue only
ActionRPGStarterSystem/AI/Behavior/Tasks/BP_MoveToFriendlyForSkill.uasset,.uasset,96110,ActionRPGStarterSystem,blueprint_system_candidate,unverified; filename/path clue only
ActionRPGStarterSystem/AI/Behavior/Tasks/BP_MoveToLastKnownLoc.uasset,.uasset,97045,ActionRPGStarterSystem,blueprint_system_candidate,unverified; filename/path clue only
ActionRPGStarterSystem/AI/Behavior/Tasks/BP_MoveToLocation.uasset,.uasset,145980,ActionRPGStarterSystem,blueprint_system_candidate,unverified; filename/path clue only
ActionRPGStarterSystem/AI/Behavior/Tasks/BP_MoveToTargetCustom.uasset,.uasset,65269,ActionRPGStarterSystem,blueprint_system_candidate,unverified; filename/path clue only
ActionRPGStarterSystem/AI/Behavior/Tasks/BP_OnTargetAbort.uasset,.uasset,141845,ActionRPGStarterSystem,blueprint_system_candidate,unverified; filename/path clue only
ActionRPGStarterSystem/AI/Behavior/Tasks/BP_OnTargetSpotted.uasset,.uasset,45061,ActionRPGStarterSystem,blueprint_system_candidate,unverified; filename/path clue only
ActionRPGStarterSystem/AI/Behavior/Tasks/BP_ServiceCheckIfCanChase.uasset,.uasset,195874,ActionRPGStarterSystem,blueprint_system_candidate,unverified; filename/path clue only
ActionRPGStarterSystem/AI/Behavior/Tasks/BP_TaskFindRandomSpot.uasset,.uasset,69900,ActionRPGStarterSystem,blueprint_system_candidate,unverified; filename/path clue only
ActionRPGStarterSystem/AI/Behavior/Tasks/BP_WaitCheckTargets.uasset,.uasset,71671,ActionRPGStarterSystem,blueprint_system_candidate,unverified; filename/path clue only
ActionRPGStarterSystem/AI/Behavior/Tasks/EQS/AI_EQS_LastSeen.uasset,.uasset,12399,ActionRPGStarterSystem,other_content,unverified; filename/path clue only
ActionRPGStarterSystem/AI/Behavior/Tasks/EQS/AI_EQS_RunAway.uasset,.uasset,13154,ActionRPGStarterSystem,other_content,unverified; filename/path clue only
ActionRPGStarterSystem/AI/Behavior/Tasks/EQS/BP_EnemyQueryContext.uasset,.uasset,39226,ActionRPGStarterSystem,blueprint_system_candidate,unverified; filename/path clue only
ActionRPGStarterSystem/AI/Behavior/Tasks/EQS/BP_HomeLocationQueryContext.uasset,.uasset,42466,ActionRPGStarterSystem,blueprint_system_candidate,unverified; filename/path clue only
ActionRPGStarterSystem/AI/Behavior/Tasks/EQS/BP_LastSeenEnemyContext.uasset,.uasset,28073,ActionRPGStarterSystem,blueprint_system_candidate,unverified; filename/path clue only
ActionRPGStarterSystem/AI/Behavior/Tasks/EQS/BP_LastSeenLocationContext.uasset,.uasset,28823,ActionRPGStarterSystem,blueprint_system_candidate,unverified; filename/path clue only
ActionRPGStarterSystem/AI/Behavior/TestBehavior/BB_Companion.uasset,.uasset,2814,ActionRPGStarterSystem,other_content,unverified; filename/path clue only
ActionRPGStarterSystem/AI/Behavior/TestBehavior/BT_Companion.uasset,.uasset,11412,ActionRPGStarterSystem,texture,unverified; filename/path clue only
ActionRPGStarterSystem/AI/Behavior/TestBehavior/BTContext_GetFriendly.uasset,.uasset,40400,ActionRPGStarterSystem,texture,unverified; filename/path clue only
ActionRPGStarterSystem/AI/Behavior/TestBehavior/BTService_FriendlyStatus.uasset,.uasset,35224,ActionRPGStarterSystem,data_schema_or_interface,unverified; filename/path clue only
ActionRPGStarterSystem/AI/Behavior/TestBehavior/BTTask_FollowFriendly.uasset,.uasset,133492,ActionRPGStarterSystem,blueprint_system_candidate,unverified; filename/path clue only
ActionRPGStarterSystem/AI/Behavior/TestBehavior/EQS_FollowPlayer.uasset,.uasset,11781,ActionRPGStarterSystem,other_content,unverified; filename/path clue only
ActionRPGStarterSystem/AI/BP_AI_AttackableObject.uasset,.uasset,270575,ActionRPGStarterSystem,blueprint_system_candidate,unverified; filename/path clue only
ActionRPGStarterSystem/AI/BP_AI_Main.uasset,.uasset,4712259,ActionRPGStarterSystem,blueprint_system_candidate,unverified; filename/path clue only
ActionRPGStarterSystem/AI/BP_AIHome.uasset,.uasset,647655,ActionRPGStarterSystem,blueprint_system_candidate,unverified; filename/path clue only
ActionRPGStarterSystem/AI/BP_AILootSpawner.uasset,.uasset,221298,ActionRPGStarterSystem,blueprint_system_candidate,unverified; filename/path clue only
ActionRPGStarterSystem/AI/BP_AIMainController.uasset,.uasset,23581,ActionRPGStarterSystem,blueprint_system_candidate,unverified; filename/path clue only
ActionRPGStarterSystem/AI/BP_AIMainController_Detour.uasset,.uasset,23863,ActionRPGStarterSystem,blueprint_system_candidate,unverified; filename/path clue only
ActionRPGStarterSystem/AI/BP_AIRespawner.uasset,.uasset,70114,ActionRPGStarterSystem,blueprint_system_candidate,unverified; filename/path clue only
ActionRPGStarterSystem/AI/Data/DataAsset/DA_AISkill_CopyMe.uasset,.uasset,1595,ActionRPGStarterSystem,data_schema_or_interface,unverified; filename/path clue only
ActionRPGStarterSystem/AI/Data/DataAsset/DA_AISkills.uasset,.uasset,29253,ActionRPGStarterSystem,data_schema_or_interface,unverified; filename/path clue only
ActionRPGStarterSystem/AI/Data/DataAsset/Skills/DA_AISkill_AoeHeal.uasset,.uasset,4794,ActionRPGStarterSystem,data_schema_or_interface,unverified; filename/path clue only
ActionRPGStarterSystem/AI/Data/DataAsset/Skills/DA_AISkill_ArrowAttack.uasset,.uasset,3655,ActionRPGStarterSystem,data_schema_or_interface,unverified; filename/path clue only
ActionRPGStarterSystem/AI/Data/DataAsset/Skills/DA_AISkill_Beam.uasset,.uasset,2915,ActionRPGStarterSystem,data_schema_or_interface,unverified; filename/path clue only
ActionRPGStarterSystem/AI/Data/DataAsset/Skills/DA_AISkill_BigOrbAttack.uasset,.uasset,3603,ActionRPGStarterSystem,data_schema_or_interface,unverified; filename/path clue only
ActionRPGStarterSystem/AI/Data/DataAsset/Skills/DA_AISkill_BossSpinAttack.uasset,.uasset,3362,ActionRPGStarterSystem,data_schema_or_interface,unverified; filename/path clue only
ActionRPGStarterSystem/AI/Data/DataAsset/Skills/DA_AISkill_Melee.uasset,.uasset,3633,ActionRPGStarterSystem,data_schema_or_interface,unverified; filename/path clue only
ActionRPGStarterSystem/AI/Data/DataAsset/Skills/DA_AISkill_MeleeUE4.uasset,.uasset,3562,ActionRPGStarterSystem,data_schema_or_interface,unverified; filename/path clue only
ActionRPGStarterSystem/AI/Data/DataAsset/Skills/DA_AISkill_Omega1.uasset,.uasset,2419,ActionRPGStarterSystem,data_schema_or_interface,unverified; filename/path clue only
ActionRPGStarterSystem/AI/Data/DataAsset/Skills/DA_AISkill_Omega2.uasset,.uasset,2490,ActionRPGStarterSystem,data_schema_or_interface,unverified; filename/path clue only
ActionRPGStarterSystem/AI/Data/DataAsset/Skills/DA_AISkill_OrbAttack.uasset,.uasset,3786,ActionRPGStarterSystem,data_schema_or_interface,unverified; filename/path clue only
ActionRPGStarterSystem/AI/Data/DataAsset/Skills/DA_AISkill_Robot.uasset,.uasset,3346,ActionRPGStarterSystem,data_schema_or_interface,unverified; filename/path clue only
ActionRPGStarterSystem/AI/Data/DataAsset/Skills/DA_AISkill_Spider.uasset,.uasset,3355,ActionRPGStarterSystem,data_schema_or_interface,unverified; filename/path clue only
ActionRPGStarterSystem/AI/Data/DataAsset/Skills/DA_AISkill_SpiderBoss.uasset,.uasset,3379,ActionRPGStarterSystem,data_schema_or_interface,unverified; filename/path clue only
ActionRPGStarterSystem/AI/Data/DataAsset/Skills/DA_AISkill_SpinAttack.uasset,.uasset,3338,ActionRPGStarterSystem,data_schema_or_interface,unverified; filename/path clue only
ActionRPGStarterSystem/AI/Data/DataAsset/Skills/DA_AISkill_TurretOrb.uasset,.uasset,3592,ActionRPGStarterSystem,data_schema_or_interface,unverified; filename/path clue only
ActionRPGStarterSystem/AI/Data/S_AIRolledSpawns.uasset,.uasset,5113,ActionRPGStarterSystem,data_schema_or_interface,unverified; filename/path clue only
ActionRPGStarterSystem/AI/Data/S_AISkillCooldown.uasset,.uasset,4911,ActionRPGStarterSystem,data_schema_or_interface,unverified; filename/path clue only
ActionRPGStarterSystem/AI/Data/S_AISpawnSettings.uasset,.uasset,6799,ActionRPGStarterSystem,data_schema_or_interface,unverified; filename/path clue only
ActionRPGStarterSystem/AI/Data/S_SpawnedAI.uasset,.uasset,8837,ActionRPGStarterSystem,data_schema_or_interface,unverified; filename/path clue only
ActionRPGStarterSystem/AI/Widgets/BP_AIHealthbar.uasset,.uasset,405721,ActionRPGStarterSystem,ui_widget_or_icon,unverified; filename/path clue only
ActionRPGStarterSystem/AI/Widgets/BP_BossHealthbar.uasset,.uasset,187749,ActionRPGStarterSystem,ui_widget_or_icon,unverified; filename/path clue only
ActionRPGStarterSystem/Assets/BasicEnemy/BasicEnemy.uasset,.uasset,75664,ActionRPGStarterSystem,model_or_character_art,unverified; filename/path clue only
ActionRPGStarterSystem/Assets/BasicEnemy/BasicEnemy_Attack.uasset,.uasset,91474,ActionRPGStarterSystem,model_or_character_art,unverified; filename/path clue only
ActionRPGStarterSystem/Assets/BasicEnemy/BasicEnemy_Attack1.uasset,.uasset,12659,ActionRPGStarterSystem,model_or_character_art,unverified; filename/path clue only
ActionRPGStarterSystem/Assets/BasicEnemy/BasicEnemy_Idle.uasset,.uasset,93089,ActionRPGStarterSystem,model_or_character_art,unverified; filename/path clue only
ActionRPGStarterSystem/Assets/BasicEnemy/BasicEnemy_PhysicsAsset.uasset,.uasset,7600,ActionRPGStarterSystem,model_or_character_art,unverified; filename/path clue only
ActionRPGStarterSystem/Assets/BasicEnemy/BasicEnemy_Skeleton.uasset,.uasset,6415,ActionRPGStarterSystem,model_or_character_art,unverified; filename/path clue only
ActionRPGStarterSystem/Assets/BasicEnemy/BasicEnemy_Skeleton_AnimBlueprint.uasset,.uasset,128832,ActionRPGStarterSystem,model_or_character_art,unverified; filename/path clue only
ActionRPGStarterSystem/Assets/BasicEnemy/BasicEnemy_Spinattack.uasset,.uasset,95359,ActionRPGStarterSystem,model_or_character_art,unverified; filename/path clue only
ActionRPGStarterSystem/Assets/DemoRoom/BluePrint/RoomDescription.uasset,.uasset,84341,ActionRPGStarterSystem,demo_map_or_environment,unverified; filename/path clue only
ActionRPGStarterSystem/Assets/DemoRoom/Materials/DefaultTextMaterialTranslucentUnlit.uasset,.uasset,93354,ActionRPGStarterSystem,demo_map_or_environment,unverified; filename/path clue only
ActionRPGStarterSystem/Assets/DemoRoom/Materials/M_DemoRoomTiles.uasset,.uasset,86615,ActionRPGStarterSystem,demo_map_or_environment,unverified; filename/path clue only
ActionRPGStarterSystem/Assets/DemoRoom/Materials/M_DemoRoomTiles_Inst.uasset,.uasset,11127,ActionRPGStarterSystem,demo_map_or_environment,unverified; filename/path clue only
ActionRPGStarterSystem/Assets/DemoRoom/Materials/M_DemoWall.uasset,.uasset,79050,ActionRPGStarterSystem,demo_map_or_environment,unverified; filename/path clue only
ActionRPGStarterSystem/Assets/DemoRoom/Materials/M_DemoWall_Inst.uasset,.uasset,87994,ActionRPGStarterSystem,demo_map_or_environment,unverified; filename/path clue only
ActionRPGStarterSystem/Assets/DemoRoom/Materials/M_DemoWall_Inst2.uasset,.uasset,81797,ActionRPGStarterSystem,demo_map_or_environment,unverified; filename/path clue only
ActionRPGStarterSystem/Assets/DemoRoom/Materials/M_DemoWall_Inst_3.uasset,.uasset,106689,ActionRPGStarterSystem,demo_map_or_environment,unverified; filename/path clue only
ActionRPGStarterSystem/Assets/DemoRoom/Materials/M_DemoWall_Inst_BaseFloor_Inst.uasset,.uasset,89226,ActionRPGStarterSystem,demo_map_or_environment,unverified; filename/path clue only
ActionRPGStarterSystem/Assets/DemoRoom/Materials/M_DemoWall_Inst_NamePlate.uasset,.uasset,94588,ActionRPGStarterSystem,demo_map_or_environment,unverified; filename/path clue only
ActionRPGStarterSystem/Assets/DemoRoom/Materials/M_DemoWall_MattPlastic.uasset,.uasset,93583,ActionRPGStarterSystem,demo_map_or_environment,unverified; filename/path clue only
ActionRPGStarterSystem/Assets/DemoRoom/Materials/M_DemoWallPattern.uasset,.uasset,36347,ActionRPGStarterSystem,demo_map_or_environment,unverified; filename/path clue only
ActionRPGStarterSystem/Assets/DemoRoom/Materials/M_DemoWallPattern_Inst.uasset,.uasset,17612,ActionRPGStarterSystem,demo_map_or_environment,unverified; filename/path clue only
ActionRPGStarterSystem/Assets/DemoRoom/Materials/M_DemoWallPattern_Inst_Mirrored.uasset,.uasset,124268,ActionRPGStarterSystem,demo_map_or_environment,unverified; filename/path clue only
ActionRPGStarterSystem/Assets/DemoRoom/Materials/M_DemoWallPattern_NoText.uasset,.uasset,118419,ActionRPGStarterSystem,demo_map_or_environment,unverified; filename/path clue only
ActionRPGStarterSystem/Assets/DemoRoom/Materials/M_Glass.uasset,.uasset,87063,ActionRPGStarterSystem,demo_map_or_environment,unverified; filename/path clue only
ActionRPGStarterSystem/Assets/DemoRoom/Materials/M_Glass_Inst.uasset,.uasset,94662,ActionRPGStarterSystem,demo_map_or_environment,unverified; filename/path clue only
ActionRPGStarterSystem/Assets/DemoRoom/Materials/M_LightTube.uasset,.uasset,90968,ActionRPGStarterSystem,demo_map_or_environment,unverified; filename/path clue only
ActionRPGStarterSystem/Assets/DemoRoom/Materials/M_LightTube_Inst.uasset,.uasset,63932,ActionRPGStarterSystem,demo_map_or_environment,unverified; filename/path clue only
ActionRPGStarterSystem/Assets/DemoRoom/Meshes/SM_Base.uasset,.uasset,738448,ActionRPGStarterSystem,demo_map_or_environment,unverified; filename/path clue only
ActionRPGStarterSystem/Assets/DemoRoom/Meshes/SM_Base_FlatWall.uasset,.uasset,113090,ActionRPGStarterSystem,demo_map_or_environment,unverified; filename/path clue only
ActionRPGStarterSystem/Assets/DemoRoom/Physical_Materials/Concrete.uasset,.uasset,1604,ActionRPGStarterSystem,demo_map_or_environment,unverified; filename/path clue only
ActionRPGStarterSystem/Assets/DemoRoom/Physical_Materials/Metal.uasset,.uasset,1495,ActionRPGStarterSystem,demo_map_or_environment,unverified; filename/path clue only
ActionRPGStarterSystem/Assets/DemoRoom/Physical_Materials/Rubber.uasset,.uasset,1594,ActionRPGStarterSystem,demo_map_or_environment,unverified; filename/path clue only
ActionRPGStarterSystem/Assets/DemoRoom/SM_MERGED_BP_DemoRoom_2.uasset,.uasset,915596,ActionRPGStarterSystem,demo_map_or_environment,unverified; filename/path clue only
ActionRPGStarterSystem/Assets/DemoRoom/Textures/T_Pattern_M.uasset,.uasset,1293017,ActionRPGStarterSystem,demo_map_or_environment,unverified; filename/path clue only
ActionRPGStarterSystem/Assets/DemoRoom/Textures/T_RoomTiles_M.uasset,.uasset,253752,ActionRPGStarterSystem,demo_map_or_environment,unverified; filename/path clue only
ActionRPGStarterSystem/Assets/DemoRoom/Textures/T_RoomTiles_N.uasset,.uasset,2414619,ActionRPGStarterSystem,demo_map_or_environment,unverified; filename/path clue only
ActionRPGStarterSystem/Assets/DemoRoom/Textures/T_UnrealEngineDecal.uasset,.uasset,106034,ActionRPGStarterSystem,demo_map_or_environment,unverified; filename/path clue only
ActionRPGStarterSystem/Assets/FireFX/Materials/M_Fire.uasset,.uasset,103772,ActionRPGStarterSystem,vfx_asset,unverified; filename/path clue only
ActionRPGStarterSystem/Assets/FireFX/Materials/M_Fire_Inst.uasset,.uasset,85236,ActionRPGStarterSystem,vfx_asset,unverified; filename/path clue only
ActionRPGStarterSystem/Assets/FireFX/Meshes/SM_FireFX.uasset,.uasset,109874,ActionRPGStarterSystem,vfx_asset,unverified; filename/path clue only
ActionRPGStarterSystem/Assets/FireFX/Textures/T_Fire_D.uasset,.uasset,1680762,ActionRPGStarterSystem,vfx_asset,unverified; filename/path clue only
ActionRPGStarterSystem/Assets/Geometry/Meshes/Materials/M_Beam.uasset,.uasset,10301,ActionRPGStarterSystem,material,unverified; filename/path clue only
ActionRPGStarterSystem/Assets/Geometry/Meshes/Materials/M_CubeMaterial.uasset,.uasset,94356,ActionRPGStarterSystem,material,unverified; filename/path clue only
ActionRPGStarterSystem/Assets/Geometry/Meshes/SM_1M_Cube.uasset,.uasset,16958,ActionRPGStarterSystem,model_or_character_art,unverified; filename/path clue only
ActionRPGStarterSystem/Assets/Geometry/Meshes/SM_Beam.uasset,.uasset,49272,ActionRPGStarterSystem,model_or_character_art,unverified; filename/path clue only
ActionRPGStarterSystem/Assets/Geometry/Meshes/SM_Disk.uasset,.uasset,98399,ActionRPGStarterSystem,model_or_character_art,unverified; filename/path clue only
ActionRPGStarterSystem/Assets/Mannequin/Character/Materials/M_UE4Man_Body.uasset,.uasset,140305,ActionRPGStarterSystem,material,unverified; filename/path clue only
ActionRPGStarterSystem/Assets/Mannequin/Character/Materials/M_UE4Man_Body_Inst.uasset,.uasset,137796,ActionRPGStarterSystem,material,unverified; filename/path clue only
ActionRPGStarterSystem/Assets/Mannequin/Character/Materials/M_UE4Man_Body_Inst1.uasset,.uasset,135988,ActionRPGStarterSystem,material,unverified; filename/path clue only
ActionRPGStarterSystem/Assets/Mannequin/Character/Materials/M_UE4Man_Body_Inst2.uasset,.uasset,137996,ActionRPGStarterSystem,material,unverified; filename/path clue only
ActionRPGStarterSystem/Assets/Mannequin/Character/Materials/M_UE4Man_Body_Inst3.uasset,.uasset,136401,ActionRPGStarterSystem,material,unverified; filename/path clue only
ActionRPGStarterSystem/Assets/Mannequin/Character/Materials/M_UE4Man_Body_Inst4.uasset,.uasset,126836,ActionRPGStarterSystem,material,unverified; filename/path clue only
ActionRPGStarterSystem/Assets/Mannequin/Character/Materials/M_UE4Man_ChestLogo.uasset,.uasset,98123,ActionRPGStarterSystem,material,unverified; filename/path clue only
ActionRPGStarterSystem/Assets/Mannequin/Character/Materials/M_UE4Man_ChestLogo_Inst.uasset,.uasset,118334,ActionRPGStarterSystem,material,unverified; filename/path clue only
ActionRPGStarterSystem/Assets/Mannequin/Character/Materials/M_UE4Man_ChestLogo_Inst1.uasset,.uasset,118918,ActionRPGStarterSystem,material,unverified; filename/path clue only
ActionRPGStarterSystem/Assets/Mannequin/Character/Materials/M_UE4Man_ChestLogo_Inst2.uasset,.uasset,119885,ActionRPGStarterSystem,material,unverified; filename/path clue only
ActionRPGStarterSystem/Assets/Mannequin/Character/Materials/M_UE4Man_ChestLogo_Inst3.uasset,.uasset,112754,ActionRPGStarterSystem,material,unverified; filename/path clue only
ActionRPGStarterSystem/Assets/Mannequin/Character/Materials/MaterialLayers/ML_GlossyBlack_Latex_UE4.uasset,.uasset,80786,ActionRPGStarterSystem,texture,unverified; filename/path clue only
ActionRPGStarterSystem/Assets/Mannequin/Character/Materials/MaterialLayers/ML_Plastic_Shiny_Beige.uasset,.uasset,76873,ActionRPGStarterSystem,material,unverified; filename/path clue only
ActionRPGStarterSystem/Assets/Mannequin/Character/Materials/MaterialLayers/ML_Plastic_Shiny_Beige_LOGO.uasset,.uasset,89765,ActionRPGStarterSystem,material,unverified; filename/path clue only
ActionRPGStarterSystem/Assets/Mannequin/Character/Materials/MaterialLayers/ML_SoftMetal_UE4.uasset,.uasset,81457,ActionRPGStarterSystem,material,unverified; filename/path clue only
ActionRPGStarterSystem/Assets/Mannequin/Character/Materials/MaterialLayers/T_ML_Aluminum01.uasset,.uasset,337541,ActionRPGStarterSystem,texture,unverified; filename/path clue only
ActionRPGStarterSystem/Assets/Mannequin/Character/Materials/MaterialLayers/T_ML_Aluminum01_N.uasset,.uasset,305408,ActionRPGStarterSystem,texture,unverified; filename/path clue only
ActionRPGStarterSystem/Assets/Mannequin/Character/Materials/MaterialLayers/T_ML_Rubber_Blue_01_D.uasset,.uasset,380033,ActionRPGStarterSystem,texture,unverified; filename/path clue only
ActionRPGStarterSystem/Assets/Mannequin/Character/Materials/MaterialLayers/T_ML_Rubber_Blue_01_N.uasset,.uasset,287378,ActionRPGStarterSystem,texture,unverified; filename/path clue only
ActionRPGStarterSystem/Assets/Mannequin/Character/Mesh/UE4Char/Mannequin/Animations/Montages/UE4_Anim_AxeAttack1.uasset,.uasset,338447,ActionRPGStarterSystem,animation_or_rig,unverified; filename/path clue only
ActionRPGStarterSystem/Assets/Mannequin/Character/Mesh/UE4Char/Mannequin/Animations/Montages/UE4_Anim_AxeAttack1_Montage_Manny.uasset,.uasset,99954,ActionRPGStarterSystem,animation_or_rig,unverified; filename/path clue only
ActionRPGStarterSystem/Assets/Mannequin/Character/Mesh/UE4Char/Mannequin/Animations/Montages/UE4_Anim_AxeAttack2.uasset,.uasset,343151,ActionRPGStarterSystem,animation_or_rig,unverified; filename/path clue only
ActionRPGStarterSystem/Assets/Mannequin/Character/Mesh/UE4Char/Mannequin/Animations/Montages/UE4_Anim_AxeAttack2_Montage_Manny.uasset,.uasset,99758,ActionRPGStarterSystem,animation_or_rig,unverified; filename/path clue only
ActionRPGStarterSystem/Assets/Mannequin/Character/Mesh/UE4Char/Mannequin/Animations/Montages/UE4_Anim_BowAttack.uasset,.uasset,248876,ActionRPGStarterSystem,animation_or_rig,unverified; filename/path clue only
ActionRPGStarterSystem/Assets/Mannequin/Character/Mesh/UE4Char/Mannequin/Animations/Montages/UE4_Anim_BowAttack_Montage_Manny.uasset,.uasset,97419,ActionRPGStarterSystem,animation_or_rig,unverified; filename/path clue only
ActionRPGStarterSystem/Assets/Mannequin/Character/Mesh/UE4Char/Mannequin/Animations/Montages/UE4_Anim_SwordAttack1.uasset,.uasset,279464,ActionRPGStarterSystem,animation_or_rig,unverified; filename/path clue only
ActionRPGStarterSystem/Assets/Mannequin/Character/Mesh/UE4Char/Mannequin/Animations/Montages/UE4_Anim_SwordAttack1_Montage_Manny.uasset,.uasset,12875,ActionRPGStarterSystem,animation_or_rig,unverified; filename/path clue only
ActionRPGStarterSystem/Assets/Mannequin/Character/Mesh/UE4Char/Mannequin/Animations/Montages/UE4_Anim_SwordAttack2.uasset,.uasset,306703,ActionRPGStarterSystem,animation_or_rig,unverified; filename/path clue only
ActionRPGStarterSystem/Assets/Mannequin/Character/Mesh/UE4Char/Mannequin/Animations/Montages/UE4_Anim_SwordAttack2_Montage_Manny.uasset,.uasset,97457,ActionRPGStarterSystem,animation_or_rig,unverified; filename/path clue only
ActionRPGStarterSystem/Assets/Mannequin/Character/Mesh/UE4Char/Mannequin/Animations/Montages/UE4_AnimChannelling.uasset,.uasset,437591,ActionRPGStarterSystem,animation_or_rig,unverified; filename/path clue only
ActionRPGStarterSystem/Assets/Mannequin/Character/Mesh/UE4Char/Mannequin/Animations/Montages/UE4_AnimChannelling_Montage.uasset,.uasset,100367,ActionRPGStarterSystem,animation_or_rig,unverified; filename/path clue only
ActionRPGStarterSystem/Assets/Mannequin/Character/Mesh/UE4Char/Mannequin/Animations/Montages/UE4_AnimSpinningAttack.uasset,.uasset,392580,ActionRPGStarterSystem,animation_or_rig,unverified; filename/path clue only
ActionRPGStarterSystem/Assets/Mannequin/Character/Mesh/UE4Char/Mannequin/Animations/Montages/UE4_AnimSpinningAttack_Montage_Manny.uasset,.uasset,98913,ActionRPGStarterSystem,animation_or_rig,unverified; filename/path clue only
ActionRPGStarterSystem/Assets/Mannequin/Character/Mesh/UE4Char/Mannequin/Animations/Montages/UE4_BossStagger.uasset,.uasset,716653,ActionRPGStarterSystem,animation_or_rig,unverified; filename/path clue only
ActionRPGStarterSystem/Assets/Mannequin/Character/Mesh/UE4Char/Mannequin/Animations/Montages/UE4_BossStunned_Montage_Manny.uasset,.uasset,94788,ActionRPGStarterSystem,animation_or_rig,unverified; filename/path clue only
ActionRPGStarterSystem/Assets/Mannequin/Character/Mesh/UE4Char/Mannequin/Animations/Montages/UE4_HammerAttack.uasset,.uasset,587179,ActionRPGStarterSystem,animation_or_rig,unverified; filename/path clue only
ActionRPGStarterSystem/Assets/Mannequin/Character/Mesh/UE4Char/Mannequin/Animations/Montages/UE4_HammerAttack_Montage_Manny.uasset,.uasset,96901,ActionRPGStarterSystem,animation_or_rig,unverified; filename/path clue only
ActionRPGStarterSystem/Assets/Mannequin/Character/Mesh/UE4Char/Mannequin/Animations/Montages/UE4_OmegaBasicAttack.uasset,.uasset,449768,ActionRPGStarterSystem,animation_or_rig,unverified; filename/path clue only
ActionRPGStarterSystem/Assets/Mannequin/Character/Mesh/UE4Char/Mannequin/Animations/Montages/UE4_OmegaBasicAttack_Montage_Manny.uasset,.uasset,100877,ActionRPGStarterSystem,animation_or_rig,unverified; filename/path clue only
ActionRPGStarterSystem/Assets/Mannequin/Character/Mesh/UE4Char/Mannequin/Animations/Montages/UE4_OmegaWideSwing.uasset,.uasset,495219,ActionRPGStarterSystem,animation_or_rig,unverified; filename/path clue only
ActionRPGStarterSystem/Assets/Mannequin/Character/Mesh/UE4Char/Mannequin/Animations/Montages/UE4_OmegaWideSwing_Montage_Manny.uasset,.uasset,100331,ActionRPGStarterSystem,animation_or_rig,unverified; filename/path clue only
ActionRPGStarterSystem/Assets/Mannequin/Character/Mesh/UE4Char/Mannequin/Animations/Montages/UE4_PoisOrbAttack.uasset,.uasset,416507,ActionRPGStarterSystem,animation_or_rig,unverified; filename/path clue only
ActionRPGStarterSystem/Assets/Mannequin/Character/Mesh/UE4Char/Mannequin/Animations/Montages/UE4_PoisOrbAttack_Montage_Manny.uasset,.uasset,98697,ActionRPGStarterSystem,animation_or_rig,unverified; filename/path clue only
ActionRPGStarterSystem/Assets/Mannequin/Character/Mesh/UE4Char/Mannequin/Animations/Montages/UE4_ShieldBlock.uasset,.uasset,707241,ActionRPGStarterSystem,animation_or_rig,unverified; filename/path clue only
ActionRPGStarterSystem/Assets/Mannequin/Character/Mesh/UE4Char/Mannequin/Animations/Montages/UE4_ShieldBlock_Montage_Manny.uasset,.uasset,95838,ActionRPGStarterSystem,animation_or_rig,unverified; filename/path clue only
ActionRPGStarterSystem/Assets/Mannequin/Character/Mesh/UE4Char/Mannequin/Animations/SK_UE4_Skeleton_AnimBlueprint.uasset,.uasset,523987,ActionRPGStarterSystem,animation_or_rig,unverified; filename/path clue only
ActionRPGStarterSystem/Assets/Mannequin/Character/Mesh/UE4Char/Mannequin/Animations/UE4_BS_AimWalk.uasset,.uasset,98099,ActionRPGStarterSystem,animation_or_rig,unverified; filename/path clue only
ActionRPGStarterSystem/Assets/Mannequin/Character/Mesh/UE4Char/Mannequin/Animations/UE4_BS_IdleRun.uasset,.uasset,97215,ActionRPGStarterSystem,animation_or_rig,unverified; filename/path clue only
ActionRPGStarterSystem/Assets/Mannequin/Character/Mesh/UE4Char/Mannequin/Animations/UE4_MF_Idle.uasset,.uasset,1458277,ActionRPGStarterSystem,animation_or_rig,unverified; filename/path clue only
ActionRPGStarterSystem/Assets/Mannequin/Character/Mesh/UE4Char/Mannequin/Animations/UE4_MF_Run_Fwd.uasset,.uasset,576337,ActionRPGStarterSystem,animation_or_rig,unverified; filename/path clue only
ActionRPGStarterSystem/Assets/Mannequin/Character/Mesh/UE4Char/Mannequin/Animations/UE4_MM_Fall_Loop.uasset,.uasset,1184561,ActionRPGStarterSystem,animation_or_rig,unverified; filename/path clue only
ActionRPGStarterSystem/Assets/Mannequin/Character/Mesh/UE4Char/Mannequin/Animations/UE4_MM_Idle.uasset,.uasset,2055248,ActionRPGStarterSystem,animation_or_rig,unverified; filename/path clue only
ActionRPGStarterSystem/Assets/Mannequin/Character/Mesh/UE4Char/Mannequin/Animations/UE4_MM_Jump.uasset,.uasset,464942,ActionRPGStarterSystem,animation_or_rig,unverified; filename/path clue only
ActionRPGStarterSystem/Assets/Mannequin/Character/Mesh/UE4Char/Mannequin/Animations/UE4_MM_Mount.uasset,.uasset,2485459,ActionRPGStarterSystem,animation_or_rig,unverified; filename/path clue only
ActionRPGStarterSystem/Assets/Mannequin/Character/Mesh/UE4Char/Mannequin/Animations/UE4_MM_Walk_Fwd.uasset,.uasset,847858,ActionRPGStarterSystem,animation_or_rig,unverified; filename/path clue only
ActionRPGStarterSystem/Assets/Mannequin/Character/Mesh/UE4Char/Mannequin/Animations/UE4_ThirdPersonBow.uasset,.uasset,719989,ActionRPGStarterSystem,animation_or_rig,unverified; filename/path clue only
ActionRPGStarterSystem/Assets/Mannequin/Character/Mesh/UE4Char/Mannequin/Animations/UE4_ThirdPersonHMIdle.uasset,.uasset,718809,ActionRPGStarterSystem,animation_or_rig,unverified; filename/path clue only
ActionRPGStarterSystem/Assets/Mannequin/Character/Mesh/UE4Char/Mannequin/Animations/UE4_Walk_AimB.uasset,.uasset,600446,ActionRPGStarterSystem,animation_or_rig,unverified; filename/path clue only
ActionRPGStarterSystem/Assets/Mannequin/Character/Mesh/UE4Char/Mannequin/Animations/UE4_Walk_AimBL.uasset,.uasset,598756,ActionRPGStarterSystem,animation_or_rig,unverified; filename/path clue only
ActionRPGStarterSystem/Assets/Mannequin/Character/Mesh/UE4Char/Mannequin/Animations/UE4_Walk_AimBR.uasset,.uasset,603690,ActionRPGStarterSystem,animation_or_rig,unverified; filename/path clue only
ActionRPGStarterSystem/Assets/Mannequin/Character/Mesh/UE4Char/Mannequin/Animations/UE4_Walk_AimF.uasset,.uasset,581148,ActionRPGStarterSystem,animation_or_rig,unverified; filename/path clue only
ActionRPGStarterSystem/Assets/Mannequin/Character/Mesh/UE4Char/Mannequin/Animations/UE4_Walk_AimFL.uasset,.uasset,598656,ActionRPGStarterSystem,animation_or_rig,unverified; filename/path clue only
ActionRPGStarterSystem/Assets/Mannequin/Character/Mesh/UE4Char/Mannequin/Animations/UE4_Walk_AimL.uasset,.uasset,584134,ActionRPGStarterSystem,animation_or_rig,unverified; filename/path clue only
ActionRPGStarterSystem/Assets/Mannequin/Character/Mesh/UE4Char/Mannequin/Animations/UE4_Walk_AimR.uasset,.uasset,589479,ActionRPGStarterSystem,animation_or_rig,unverified; filename/path clue only
ActionRPGStarterSystem/Assets/Mannequin/Character/Mesh/UE4Char/Mannequin/Character/Mesh/SK_Mannequin.uasset,.uasset,7328448,ActionRPGStarterSystem,model_or_character_art,unverified; filename/path clue only
ActionRPGStarterSystem/Assets/Mannequin/Character/Mesh/UE4Char/Mannequin/Character/Mesh/SK_Mannequin_Female.uasset,.uasset,7040773,ActionRPGStarterSystem,model_or_character_art,unverified; filename/path clue only
ActionRPGStarterSystem/Assets/Mannequin/Character/Mesh/UE4Char/Mannequin/Character/Mesh/SK_Mannequin_PhysicsAsset.uasset,.uasset,124616,ActionRPGStarterSystem,model_or_character_art,unverified; filename/path clue only
ActionRPGStarterSystem/Assets/Mannequin/Character/Mesh/UE4Char/Mannequin/Character/Mesh/UE4_Mannequin_Skeleton.uasset,.uasset,44918,ActionRPGStarterSystem,model_or_character_art,unverified; filename/path clue only
ActionRPGStarterSystem/Assets/Mannequin/Character/Mesh/UE5Char/EquipmentMeshes/Modular/SK_Manny_Arms.uasset,.uasset,2700107,ActionRPGStarterSystem,model_or_character_art,unverified; filename/path clue only
ActionRPGStarterSystem/Assets/Mannequin/Character/Mesh/UE5Char/EquipmentMeshes/Modular/SK_Manny_Foot.uasset,.uasset,1543519,ActionRPGStarterSystem,model_or_character_art,unverified; filename/path clue only
ActionRPGStarterSystem/Assets/Mannequin/Character/Mesh/UE5Char/EquipmentMeshes/Modular/SK_Manny_Hands.uasset,.uasset,3923723,ActionRPGStarterSystem,model_or_character_art,unverified; filename/path clue only
ActionRPGStarterSystem/Assets/Mannequin/Character/Mesh/UE5Char/EquipmentMeshes/Modular/SK_Manny_Head.uasset,.uasset,1769290,ActionRPGStarterSystem,model_or_character_art,unverified; filename/path clue only
ActionRPGStarterSystem/Assets/Mannequin/Character/Mesh/UE5Char/EquipmentMeshes/SK_MannyArmor.uasset,.uasset,7289027,ActionRPGStarterSystem,model_or_character_art,unverified; filename/path clue only
ActionRPGStarterSystem/Assets/Mannequin/Character/Mesh/UE5Char/EquipmentMeshes/SK_MannyArmor_PhysicsAsset.uasset,.uasset,99656,ActionRPGStarterSystem,model_or_character_art,unverified; filename/path clue only
ActionRPGStarterSystem/Assets/Mannequin/Character/Mesh/UE5Char/EquipmentMeshes/SK_MannyBelt.uasset,.uasset,525766,ActionRPGStarterSystem,model_or_character_art,unverified; filename/path clue only
ActionRPGStarterSystem/Assets/Mannequin/Character/Mesh/UE5Char/EquipmentMeshes/SK_MannyBelt_PhysicsAsset.uasset,.uasset,94552,ActionRPGStarterSystem,texture,unverified; filename/path clue only
ActionRPGStarterSystem/Assets/Mannequin/Character/Mesh/UE5Char/EquipmentMeshes/SK_MannyBoots.uasset,.uasset,4848732,ActionRPGStarterSystem,model_or_character_art,unverified; filename/path clue only
ActionRPGStarterSystem/Assets/Mannequin/Character/Mesh/UE5Char/EquipmentMeshes/SK_MannyBoots_PhysicsAsset.uasset,.uasset,103168,ActionRPGStarterSystem,model_or_character_art,unverified; filename/path clue only
ActionRPGStarterSystem/Assets/Mannequin/Character/Mesh/UE5Char/EquipmentMeshes/SK_MannyCape.uasset,.uasset,184515,ActionRPGStarterSystem,model_or_character_art,unverified; filename/path clue only
ActionRPGStarterSystem/Assets/Mannequin/Character/Mesh/UE5Char/EquipmentMeshes/SK_MannyCape_PhysicsAsset.uasset,.uasset,91382,ActionRPGStarterSystem,model_or_character_art,unverified; filename/path clue only
ActionRPGStarterSystem/Assets/Mannequin/Character/Mesh/UE5Char/EquipmentMeshes/SK_MannyGloves.uasset,.uasset,10719873,ActionRPGStarterSystem,model_or_character_art,unverified; filename/path clue only
ActionRPGStarterSystem/Assets/Mannequin/Character/Mesh/UE5Char/EquipmentMeshes/SK_MannyGloves_PhysicsAsset.uasset,.uasset,89421,ActionRPGStarterSystem,model_or_character_art,unverified; filename/path clue only
ActionRPGStarterSystem/Assets/Mannequin/Character/Mesh/UE5Char/EquipmentMeshes/SK_MannyHelmet.uasset,.uasset,2216099,ActionRPGStarterSystem,model_or_character_art,unverified; filename/path clue only
ActionRPGStarterSystem/Assets/Mannequin/Character/Mesh/UE5Char/EquipmentMeshes/SK_MannyHelmet_PhysicsAsset.uasset,.uasset,89942,ActionRPGStarterSystem,texture,unverified; filename/path clue only
ActionRPGStarterSystem/Assets/Mannequin/Character/Mesh/UE5Char/EquipmentMeshes/SK_MannyPants.uasset,.uasset,3418587,ActionRPGStarterSystem,model_or_character_art,unverified; filename/path clue only
ActionRPGStarterSystem/Assets/Mannequin/Character/Mesh/UE5Char/EquipmentMeshes/SK_MannyPants_PhysicsAsset.uasset,.uasset,101731,ActionRPGStarterSystem,model_or_character_art,unverified; filename/path clue only
ActionRPGStarterSystem/Assets/Mannequin/Character/Mesh/UE5Char/EquipmentMeshes/SK_MannyShoulders.uasset,.uasset,981624,ActionRPGStarterSystem,model_or_character_art,unverified; filename/path clue only
ActionRPGStarterSystem/Assets/Mannequin/Character/Mesh/UE5Char/EquipmentMeshes/SK_MannyShoulders_PhysicsAsset.uasset,.uasset,84254,ActionRPGStarterSystem,model_or_character_art,unverified; filename/path clue only
ActionRPGStarterSystem/Assets/Mannequin/Character/Mesh/UE5Char/Manny/Attacks/Anim_AI_Beam_Montage.uasset,.uasset,12860,ActionRPGStarterSystem,animation_or_rig,unverified; filename/path clue only
ActionRPGStarterSystem/Assets/Mannequin/Character/Mesh/UE5Char/Manny/Attacks/Anim_Beam.uasset,.uasset,313758,ActionRPGStarterSystem,animation_or_rig,unverified; filename/path clue only
ActionRPGStarterSystem/Assets/Mannequin/Character/Mesh/UE5Char/Manny/Attacks/Anim_Beam_Montage.uasset,.uasset,13679,ActionRPGStarterSystem,animation_or_rig,unverified; filename/path clue only
ActionRPGStarterSystem/Assets/Mannequin/Character/Mesh/UE5Char/Manny/Attacks/Anim_Mage.uasset,.uasset,379941,ActionRPGStarterSystem,animation_or_rig,unverified; filename/path clue only
ActionRPGStarterSystem/Assets/Mannequin/Character/Mesh/UE5Char/Manny/Attacks/Anim_Mage2.uasset,.uasset,402004,ActionRPGStarterSystem,animation_or_rig,unverified; filename/path clue only
ActionRPGStarterSystem/Assets/Mannequin/Character/Mesh/UE5Char/Manny/Attacks/Anim_Mage2_Montage.uasset,.uasset,12737,ActionRPGStarterSystem,animation_or_rig,unverified; filename/path clue only
ActionRPGStarterSystem/Assets/Mannequin/Character/Mesh/UE5Char/Manny/Attacks/Anim_Mage3.uasset,.uasset,406283,ActionRPGStarterSystem,animation_or_rig,unverified; filename/path clue only
ActionRPGStarterSystem/Assets/Mannequin/Character/Mesh/UE5Char/Manny/Attacks/Anim_Mage3_Montage.uasset,.uasset,12480,ActionRPGStarterSystem,animation_or_rig,unverified; filename/path clue only
ActionRPGStarterSystem/Assets/Mannequin/Character/Mesh/UE5Char/Manny/Attacks/Anim_Mage4.uasset,.uasset,311727,ActionRPGStarterSystem,animation_or_rig,unverified; filename/path clue only
ActionRPGStarterSystem/Assets/Mannequin/Character/Mesh/UE5Char/Manny/Attacks/Anim_Mage4_Montage.uasset,.uasset,14723,ActionRPGStarterSystem,animation_or_rig,unverified; filename/path clue only
ActionRPGStarterSystem/Assets/Mannequin/Character/Mesh/UE5Char/Manny/Attacks/Anim_Mage5.uasset,.uasset,313882,ActionRPGStarterSystem,animation_or_rig,unverified; filename/path clue only
ActionRPGStarterSystem/Assets/Mannequin/Character/Mesh/UE5Char/Manny/Attacks/Anim_Mage5_Montage.uasset,.uasset,16336,ActionRPGStarterSystem,animation_or_rig,unverified; filename/path clue only
ActionRPGStarterSystem/Assets/Mannequin/Character/Mesh/UE5Char/Manny/Attacks/Anim_Mage6.uasset,.uasset,1216144,ActionRPGStarterSystem,animation_or_rig,unverified; filename/path clue only
ActionRPGStarterSystem/Assets/Mannequin/Character/Mesh/UE5Char/Manny/Attacks/Anim_Mage6_Montage.uasset,.uasset,12708,ActionRPGStarterSystem,animation_or_rig,unverified; filename/path clue only
ActionRPGStarterSystem/Assets/Mannequin/Character/Mesh/UE5Char/Manny/Attacks/Anim_Mage_Montage.uasset,.uasset,13105,ActionRPGStarterSystem,animation_or_rig,unverified; filename/path clue only
ActionRPGStarterSystem/Assets/Mannequin/Character/Mesh/UE5Char/Manny/Attacks/Anim_warrior.uasset,.uasset,459333,ActionRPGStarterSystem,animation_or_rig,unverified; filename/path clue only
ActionRPGStarterSystem/Assets/Mannequin/Character/Mesh/UE5Char/Manny/Attacks/Anim_warrior2.uasset,.uasset,705814,ActionRPGStarterSystem,animation_or_rig,unverified; filename/path clue only
ActionRPGStarterSystem/Assets/Mannequin/Character/Mesh/UE5Char/Manny/Attacks/Anim_warrior2_Montage.uasset,.uasset,12910,ActionRPGStarterSystem,animation_or_rig,unverified; filename/path clue only
ActionRPGStarterSystem/Assets/Mannequin/Character/Mesh/UE5Char/Manny/Attacks/Anim_warrior3.uasset,.uasset,939298,ActionRPGStarterSystem,animation_or_rig,unverified; filename/path clue only
ActionRPGStarterSystem/Assets/Mannequin/Character/Mesh/UE5Char/Manny/Attacks/Anim_warrior3_Montage.uasset,.uasset,12758,ActionRPGStarterSystem,animation_or_rig,unverified; filename/path clue only
ActionRPGStarterSystem/Assets/Mannequin/Character/Mesh/UE5Char/Manny/Attacks/Anim_warrior4.uasset,.uasset,435874,ActionRPGStarterSystem,animation_or_rig,unverified; filename/path clue only
ActionRPGStarterSystem/Assets/Mannequin/Character/Mesh/UE5Char/Manny/Attacks/Anim_warrior4_Montage.uasset,.uasset,14197,ActionRPGStarterSystem,animation_or_rig,unverified; filename/path clue only
ActionRPGStarterSystem/Assets/Mannequin/Character/Mesh/UE5Char/Manny/Attacks/Anim_warrior_Montage.uasset,.uasset,14222,ActionRPGStarterSystem,animation_or_rig,unverified; filename/path clue only
ActionRPGStarterSystem/Assets/Mannequin/Character/Mesh/UE5Char/Manny/Attacks/Manny_Warrior.uasset,.uasset,384079,ActionRPGStarterSystem,animation_or_rig,unverified; filename/path clue only
ActionRPGStarterSystem/Assets/Mannequin/Character/Mesh/UE5Char/Manny/Attacks/Manny_Warrior_Montage.uasset,.uasset,12488,ActionRPGStarterSystem,animation_or_rig,unverified; filename/path clue only
ActionRPGStarterSystem/Assets/Mannequin/Character/Mesh/UE5Char/Manny/BS_AimWalk.uasset,.uasset,102614,ActionRPGStarterSystem,model_or_character_art,unverified; filename/path clue only
ActionRPGStarterSystem/Assets/Mannequin/Character/Mesh/UE5Char/Manny/BS_IdleRun.uasset,.uasset,10210,ActionRPGStarterSystem,model_or_character_art,unverified; filename/path clue only
ActionRPGStarterSystem/Assets/Mannequin/Character/Mesh/UE5Char/Manny/Materials/M_MannyMat1.uasset,.uasset,130837,ActionRPGStarterSystem,material,unverified; filename/path clue only
ActionRPGStarterSystem/Assets/Mannequin/Character/Mesh/UE5Char/Manny/Materials/M_MannyMat1_Inst.uasset,.uasset,140812,ActionRPGStarterSystem,material,unverified; filename/path clue only
ActionRPGStarterSystem/Assets/Mannequin/Character/Mesh/UE5Char/Manny/Materials/M_MannyMat1_Inst1.uasset,.uasset,136183,ActionRPGStarterSystem,material,unverified; filename/path clue only
ActionRPGStarterSystem/Assets/Mannequin/Character/Mesh/UE5Char/Manny/Materials/M_MannyMat1_Inst2.uasset,.uasset,143433,ActionRPGStarterSystem,material,unverified; filename/path clue only
ActionRPGStarterSystem/Assets/Mannequin/Character/Mesh/UE5Char/Manny/Materials/M_MannyMat1_Inst3.uasset,.uasset,143205,ActionRPGStarterSystem,material,unverified; filename/path clue only
ActionRPGStarterSystem/Assets/Mannequin/Character/Mesh/UE5Char/Manny/Materials/M_MannyMat1_Inst4.uasset,.uasset,124648,ActionRPGStarterSystem,material,unverified; filename/path clue only
ActionRPGStarterSystem/Assets/Mannequin/Character/Mesh/UE5Char/Manny/Materials/M_MannyMat2.uasset,.uasset,122898,ActionRPGStarterSystem,material,unverified; filename/path clue only
ActionRPGStarterSystem/Assets/Mannequin/Character/Mesh/UE5Char/Manny/Materials/M_MannyMat2_Inst.uasset,.uasset,134395,ActionRPGStarterSystem,material,unverified; filename/path clue only
ActionRPGStarterSystem/Assets/Mannequin/Character/Mesh/UE5Char/Manny/Materials/M_MannyMat2_Inst1.uasset,.uasset,130909,ActionRPGStarterSystem,material,unverified; filename/path clue only
ActionRPGStarterSystem/Assets/Mannequin/Character/Mesh/UE5Char/Manny/Materials/M_MannyMat2_Inst2.uasset,.uasset,137707,ActionRPGStarterSystem,material,unverified; filename/path clue only
ActionRPGStarterSystem/Assets/Mannequin/Character/Mesh/UE5Char/Manny/Materials/M_MannyMat2_Inst3.uasset,.uasset,137421,ActionRPGStarterSystem,material,unverified; filename/path clue only
ActionRPGStarterSystem/Assets/Mannequin/Character/Mesh/UE5Char/Manny/Materials/M_MannyMat2_Inst4.uasset,.uasset,120846,ActionRPGStarterSystem,material,unverified; filename/path clue only
ActionRPGStarterSystem/Assets/Mannequin/Character/Mesh/UE5Char/Manny/MM_Fall_Loop.uasset,.uasset,898124,ActionRPGStarterSystem,model_or_character_art,unverified; filename/path clue only
ActionRPGStarterSystem/Assets/Mannequin/Character/Mesh/UE5Char/Manny/MM_Idle.uasset,.uasset,1512751,ActionRPGStarterSystem,model_or_character_art,unverified; filename/path clue only
ActionRPGStarterSystem/Assets/Mannequin/Character/Mesh/UE5Char/Manny/MM_Jump.uasset,.uasset,389584,ActionRPGStarterSystem,model_or_character_art,unverified; filename/path clue only
ActionRPGStarterSystem/Assets/Mannequin/Character/Mesh/UE5Char/Manny/MM_Land.uasset,.uasset,394448,ActionRPGStarterSystem,model_or_character_art,unverified; filename/path clue only
ActionRPGStarterSystem/Assets/Mannequin/Character/Mesh/UE5Char/Manny/MM_Mount.uasset,.uasset,1565825,ActionRPGStarterSystem,model_or_character_art,unverified; filename/path clue only
ActionRPGStarterSystem/Assets/Mannequin/Character/Mesh/UE5Char/Manny/MM_MountPlane.uasset,.uasset,1622312,ActionRPGStarterSystem,model_or_character_art,unverified; filename/path clue only
ActionRPGStarterSystem/Assets/Mannequin/Character/Mesh/UE5Char/Manny/MM_Run_Fwd.uasset,.uasset,551012,ActionRPGStarterSystem,model_or_character_art,unverified; filename/path clue only
ActionRPGStarterSystem/Assets/Mannequin/Character/Mesh/UE5Char/Manny/MM_T_Pose.uasset,.uasset,187984,ActionRPGStarterSystem,texture,unverified; filename/path clue only
ActionRPGStarterSystem/Assets/Mannequin/Character/Mesh/UE5Char/Manny/MM_Walk_Fwd.uasset,.uasset,539561,ActionRPGStarterSystem,model_or_character_art,unverified; filename/path clue only
ActionRPGStarterSystem/Assets/Mannequin/Character/Mesh/UE5Char/Manny/MM_Walk_InPlace.uasset,.uasset,734882,ActionRPGStarterSystem,model_or_character_art,unverified; filename/path clue only
ActionRPGStarterSystem/Assets/Mannequin/Character/Mesh/UE5Char/Manny/Textures/T_Manny_01_BN.uasset,.uasset,18412358,ActionRPGStarterSystem,texture,unverified; filename/path clue only
ActionRPGStarterSystem/Assets/Mannequin/Character/Mesh/UE5Char/Manny/Textures/T_Manny_01_D.uasset,.uasset,5743446,ActionRPGStarterSystem,texture,unverified; filename/path clue only
ActionRPGStarterSystem/Assets/Mannequin/Character/Mesh/UE5Char/Manny/Textures/T_Manny_02_BN.uasset,.uasset,20996990,ActionRPGStarterSystem,texture,unverified; filename/path clue only
ActionRPGStarterSystem/Assets/Mannequin/Character/Mesh/UE5Char/Manny/Textures/T_Manny_02_D.uasset,.uasset,9161273,ActionRPGStarterSystem,texture,unverified; filename/path clue only
ActionRPGStarterSystem/Assets/Mannequin/Character/Mesh/UE5Char/Manny/Textures/T_Manny_02_Tan.uasset,.uasset,2182661,ActionRPGStarterSystem,texture,unverified; filename/path clue only
ActionRPGStarterSystem/Assets/Mannequin/Character/Mesh/UE5Char/Manny/Walk_AimB.uasset,.uasset,614285,ActionRPGStarterSystem,model_or_character_art,unverified; filename/path clue only
ActionRPGStarterSystem/Assets/Mannequin/Character/Mesh/UE5Char/Manny/Walk_AimBL.uasset,.uasset,615267,ActionRPGStarterSystem,model_or_character_art,unverified; filename/path clue only
ActionRPGStarterSystem/Assets/Mannequin/Character/Mesh/UE5Char/Manny/Walk_AimBR.uasset,.uasset,617601,ActionRPGStarterSystem,model_or_character_art,unverified; filename/path clue only
ActionRPGStarterSystem/Assets/Mannequin/Character/Mesh/UE5Char/Manny/Walk_AimF.uasset,.uasset,582239,ActionRPGStarterSystem,model_or_character_art,unverified; filename/path clue only
ActionRPGStarterSystem/Assets/Mannequin/Character/Mesh/UE5Char/Manny/Walk_AimFL.uasset,.uasset,604974,ActionRPGStarterSystem,model_or_character_art,unverified; filename/path clue only
ActionRPGStarterSystem/Assets/Mannequin/Character/Mesh/UE5Char/Manny/Walk_AimL.uasset,.uasset,609785,ActionRPGStarterSystem,model_or_character_art,unverified; filename/path clue only
ActionRPGStarterSystem/Assets/Mannequin/Character/Mesh/UE5Char/Manny/Walk_AimR.uasset,.uasset,622635,ActionRPGStarterSystem,model_or_character_art,unverified; filename/path clue only
ActionRPGStarterSystem/Assets/Mannequin/Character/Mesh/UE5Char/Quinn/M_QuinnMat1.uasset,.uasset,125016,ActionRPGStarterSystem,material,unverified; filename/path clue only
ActionRPGStarterSystem/Assets/Mannequin/Character/Mesh/UE5Char/Quinn/M_QuinnMat2.uasset,.uasset,117510,ActionRPGStarterSystem,material,unverified; filename/path clue only
ActionRPGStarterSystem/Assets/Mannequin/Character/Mesh/UE5Char/Quinn/MF_Idle.uasset,.uasset,952180,ActionRPGStarterSystem,material,unverified; filename/path clue only
ActionRPGStarterSystem/Assets/Mannequin/Character/Mesh/UE5Char/Quinn/MF_Run_Fwd.uasset,.uasset,442522,ActionRPGStarterSystem,material,unverified; filename/path clue only
ActionRPGStarterSystem/Assets/Mannequin/Character/Mesh/UE5Char/Quinn/MF_Walk_Fwd.uasset,.uasset,539506,ActionRPGStarterSystem,material,unverified; filename/path clue only
ActionRPGStarterSystem/Assets/Mannequin/Character/Mesh/UE5Char/Quinn/Textures/T_Quinn_01ID_BN.uasset,.uasset,15818425,ActionRPGStarterSystem,texture,unverified; filename/path clue only
ActionRPGStarterSystem/Assets/Mannequin/Character/Mesh/UE5Char/Quinn/Textures/T_Quinn_01ID_D.uasset,.uasset,4741049,ActionRPGStarterSystem,texture,unverified; filename/path clue only
ActionRPGStarterSystem/Assets/Mannequin/Character/Mesh/UE5Char/Quinn/Textures/T_Quinn_02ID_BN.uasset,.uasset,19266775,ActionRPGStarterSystem,texture,unverified; filename/path clue only
ActionRPGStarterSystem/Assets/Mannequin/Character/Mesh/UE5Char/Quinn/Textures/T_Quinn_02ID_D.uasset,.uasset,6807838,ActionRPGStarterSystem,texture,unverified; filename/path clue only
ActionRPGStarterSystem/Assets/Mannequin/Character/Mesh/UE5Char/SK_UE5_Skeleton.uasset,.uasset,77847,ActionRPGStarterSystem,model_or_character_art,unverified; filename/path clue only
ActionRPGStarterSystem/Assets/Mannequin/Character/Mesh/UE5Char/SK_UE5_Skeleton_AnimBlueprint.uasset,.uasset,586257,ActionRPGStarterSystem,model_or_character_art,unverified; filename/path clue only
ActionRPGStarterSystem/Assets/Mannequin/Character/Mesh/UE5Char/SkillAnims/Anim_AxeAttack1.uasset,.uasset,312901,ActionRPGStarterSystem,animation_or_rig,unverified; filename/path clue only
ActionRPGStarterSystem/Assets/Mannequin/Character/Mesh/UE5Char/SkillAnims/Anim_AxeAttack1_Montage_Manny.uasset,.uasset,102867,ActionRPGStarterSystem,animation_or_rig,unverified; filename/path clue only
ActionRPGStarterSystem/Assets/Mannequin/Character/Mesh/UE5Char/SkillAnims/Anim_AxeAttack2.uasset,.uasset,306917,ActionRPGStarterSystem,animation_or_rig,unverified; filename/path clue only
ActionRPGStarterSystem/Assets/Mannequin/Character/Mesh/UE5Char/SkillAnims/Anim_AxeAttack2_Montage_Manny.uasset,.uasset,14485,ActionRPGStarterSystem,animation_or_rig,unverified; filename/path clue only
ActionRPGStarterSystem/Assets/Mannequin/Character/Mesh/UE5Char/SkillAnims/Anim_BowAttack.uasset,.uasset,277751,ActionRPGStarterSystem,animation_or_rig,unverified; filename/path clue only
ActionRPGStarterSystem/Assets/Mannequin/Character/Mesh/UE5Char/SkillAnims/Anim_BowAttack_Montage_Manny.uasset,.uasset,100229,ActionRPGStarterSystem,animation_or_rig,unverified; filename/path clue only
ActionRPGStarterSystem/Assets/Mannequin/Character/Mesh/UE5Char/SkillAnims/Anim_SwordAttack1.uasset,.uasset,263253,ActionRPGStarterSystem,animation_or_rig,unverified; filename/path clue only
ActionRPGStarterSystem/Assets/Mannequin/Character/Mesh/UE5Char/SkillAnims/Anim_SwordAttack1_Montage_Manny.uasset,.uasset,102161,ActionRPGStarterSystem,animation_or_rig,unverified; filename/path clue only
ActionRPGStarterSystem/Assets/Mannequin/Character/Mesh/UE5Char/SkillAnims/Anim_SwordAttack2.uasset,.uasset,270680,ActionRPGStarterSystem,animation_or_rig,unverified; filename/path clue only
ActionRPGStarterSystem/Assets/Mannequin/Character/Mesh/UE5Char/SkillAnims/Anim_SwordAttack2_Montage_Manny.uasset,.uasset,12560,ActionRPGStarterSystem,animation_or_rig,unverified; filename/path clue only
ActionRPGStarterSystem/Assets/Mannequin/Character/Mesh/UE5Char/SkillAnims/AnimChannelling.uasset,.uasset,427401,ActionRPGStarterSystem,animation_or_rig,unverified; filename/path clue only
ActionRPGStarterSystem/Assets/Mannequin/Character/Mesh/UE5Char/SkillAnims/AnimChannelling_Montage.uasset,.uasset,103070,ActionRPGStarterSystem,animation_or_rig,unverified; filename/path clue only
ActionRPGStarterSystem/Assets/Mannequin/Character/Mesh/UE5Char/SkillAnims/AnimSpinningAttack.uasset,.uasset,349070,ActionRPGStarterSystem,animation_or_rig,unverified; filename/path clue only
ActionRPGStarterSystem/Assets/Mannequin/Character/Mesh/UE5Char/SkillAnims/AnimSpinningAttack_Montage_Manny.uasset,.uasset,102398,ActionRPGStarterSystem,animation_or_rig,unverified; filename/path clue only
ActionRPGStarterSystem/Assets/Mannequin/Character/Mesh/UE5Char/SkillAnims/BossStagger.uasset,.uasset,507719,ActionRPGStarterSystem,animation_or_rig,unverified; filename/path clue only
ActionRPGStarterSystem/Assets/Mannequin/Character/Mesh/UE5Char/SkillAnims/BossStunned_Montage_Manny.uasset,.uasset,10068,ActionRPGStarterSystem,animation_or_rig,unverified; filename/path clue only
ActionRPGStarterSystem/Assets/Mannequin/Character/Mesh/UE5Char/SkillAnims/HammerAttack.uasset,.uasset,535660,ActionRPGStarterSystem,animation_or_rig,unverified; filename/path clue only
ActionRPGStarterSystem/Assets/Mannequin/Character/Mesh/UE5Char/SkillAnims/HammerAttack_Montage_Manny.uasset,.uasset,98011,ActionRPGStarterSystem,animation_or_rig,unverified; filename/path clue only
ActionRPGStarterSystem/Assets/Mannequin/Character/Mesh/UE5Char/SkillAnims/OmegaBasicAttack.uasset,.uasset,399123,ActionRPGStarterSystem,animation_or_rig,unverified; filename/path clue only
ActionRPGStarterSystem/Assets/Mannequin/Character/Mesh/UE5Char/SkillAnims/OmegaBasicAttack_Montage_Manny.uasset,.uasset,104755,ActionRPGStarterSystem,animation_or_rig,unverified; filename/path clue only
ActionRPGStarterSystem/Assets/Mannequin/Character/Mesh/UE5Char/SkillAnims/OmegaWideSwing.uasset,.uasset,463569,ActionRPGStarterSystem,animation_or_rig,unverified; filename/path clue only
ActionRPGStarterSystem/Assets/Mannequin/Character/Mesh/UE5Char/SkillAnims/OmegaWideSwing_Montage_Manny.uasset,.uasset,103981,ActionRPGStarterSystem,animation_or_rig,unverified; filename/path clue only
ActionRPGStarterSystem/Assets/Mannequin/Character/Mesh/UE5Char/SkillAnims/PoisOrbAttack.uasset,.uasset,332368,ActionRPGStarterSystem,animation_or_rig,unverified; filename/path clue only
ActionRPGStarterSystem/Assets/Mannequin/Character/Mesh/UE5Char/SkillAnims/PoisOrbAttack_Montage_Manny.uasset,.uasset,102870,ActionRPGStarterSystem,animation_or_rig,unverified; filename/path clue only
ActionRPGStarterSystem/Assets/Mannequin/Character/Mesh/UE5Char/SkillAnims/ShieldBlock.uasset,.uasset,506400,ActionRPGStarterSystem,animation_or_rig,unverified; filename/path clue only
ActionRPGStarterSystem/Assets/Mannequin/Character/Mesh/UE5Char/SkillAnims/ShieldBlock_Montage_Manny.uasset,.uasset,10336,ActionRPGStarterSystem,animation_or_rig,unverified; filename/path clue only
ActionRPGStarterSystem/Assets/Mannequin/Character/Mesh/UE5Char/SkillAnims/ThirdPersonBow.uasset,.uasset,737998,ActionRPGStarterSystem,animation_or_rig,unverified; filename/path clue only
ActionRPGStarterSystem/Assets/Mannequin/Character/Mesh/UE5Char/SkillAnims/ThirdPersonHMIdle.uasset,.uasset,758418,ActionRPGStarterSystem,animation_or_rig,unverified; filename/path clue only
ActionRPGStarterSystem/Assets/Mannequin/Character/Mesh/UE5Char/SKM_Manny_Simple.uasset,.uasset,15267278,ActionRPGStarterSystem,model_or_character_art,unverified; filename/path clue only
ActionRPGStarterSystem/Assets/Mannequin/Character/Mesh/UE5Char/SKM_Manny_Simple_PhysicsAsset.uasset,.uasset,32126,ActionRPGStarterSystem,model_or_character_art,unverified; filename/path clue only
ActionRPGStarterSystem/Assets/Mannequin/Character/Mesh/UE5Char/SKM_Quinn_Simple.uasset,.uasset,14416986,ActionRPGStarterSystem,model_or_character_art,unverified; filename/path clue only
ActionRPGStarterSystem/Assets/Mannequin/Character/Mesh/UE5Char/SKM_Quinn_Simple_PhysicsAsset.uasset,.uasset,119301,ActionRPGStarterSystem,model_or_character_art,unverified; filename/path clue only
ActionRPGStarterSystem/Assets/Mannequin/Character/Textures/T_UE4_LOGO_CARD.uasset,.uasset,49835,ActionRPGStarterSystem,texture,unverified; filename/path clue only
ActionRPGStarterSystem/Assets/Mannequin/Character/Textures/T_UE4_Mannequin__normals.uasset,.uasset,4739513,ActionRPGStarterSystem,texture,unverified; filename/path clue only
ActionRPGStarterSystem/Assets/Mannequin/Character/Textures/T_UE4_Mannequin_MAT_MASKA.uasset,.uasset,164450,ActionRPGStarterSystem,texture,unverified; filename/path clue only
ActionRPGStarterSystem/Assets/Mannequin/Character/Textures/T_UE4Man_Logo_N.uasset,.uasset,103663,ActionRPGStarterSystem,texture,unverified; filename/path clue only
ActionRPGStarterSystem/Assets/Mannequin/Retargetting/IKRetargeter_4To5.uasset,.uasset,49059,ActionRPGStarterSystem,model_or_character_art,unverified; filename/path clue only
ActionRPGStarterSystem/Assets/Mannequin/Retargetting/IKRetargeter_5to4.uasset,.uasset,38135,ActionRPGStarterSystem,model_or_character_art,unverified; filename/path clue only
ActionRPGStarterSystem/Assets/Mannequin/Retargetting/UE4_IKRig.uasset,.uasset,67257,ActionRPGStarterSystem,model_or_character_art,unverified; filename/path clue only
ActionRPGStarterSystem/Assets/Mannequin/Retargetting/UE5_Rig.uasset,.uasset,87275,ActionRPGStarterSystem,model_or_character_art,unverified; filename/path clue only
ActionRPGStarterSystem/Assets/Other/Cursors/BP_InteractCursor.uasset,.uasset,32507,ActionRPGStarterSystem,blueprint_system_candidate,unverified; filename/path clue only
ActionRPGStarterSystem/Assets/Other/Cursors/Images/T_DefaultCursor.uasset,.uasset,36595,ActionRPGStarterSystem,ui_widget_or_icon,unverified; filename/path clue only
ActionRPGStarterSystem/Assets/Other/Materials/M_Cursor_Decal.uasset,.uasset,113470,ActionRPGStarterSystem,material,unverified; filename/path clue only
ActionRPGStarterSystem/Assets/Other/Outline/BP_Outline.uasset,.uasset,185423,ActionRPGStarterSystem,blueprint_system_candidate,unverified; filename/path clue only
ActionRPGStarterSystem/Assets/Other/Textures/T_Crosshair.uasset,.uasset,5478,ActionRPGStarterSystem,texture,unverified; filename/path clue only
ActionRPGStarterSystem/Assets/Other/Textures/T_Highlighted.uasset,.uasset,35491,ActionRPGStarterSystem,texture,unverified; filename/path clue only
ActionRPGStarterSystem/Assets/Other/Textures/T_KaiTargetCursor.uasset,.uasset,10261,ActionRPGStarterSystem,texture,unverified; filename/path clue only
ActionRPGStarterSystem/Assets/PickupMeshes/O_Potion/SM_Potion.uasset,.uasset,117402,ActionRPGStarterSystem,model_or_character_art,unverified; filename/path clue only
ActionRPGStarterSystem/Assets/PickupMeshes/OmegaSword/SK_OmegaSword.uasset,.uasset,621850,ActionRPGStarterSystem,model_or_character_art,unverified; filename/path clue only
ActionRPGStarterSystem/Assets/PickupMeshes/OmegaSword/SK_OmegaSword_PhysicsAsset.uasset,.uasset,86606,ActionRPGStarterSystem,model_or_character_art,unverified; filename/path clue only
ActionRPGStarterSystem/Assets/PickupMeshes/OmegaSword/SK_OmegaSword_Skeleton.uasset,.uasset,1875,ActionRPGStarterSystem,model_or_character_art,unverified; filename/path clue only
ActionRPGStarterSystem/Assets/PickupMeshes/OneH_Axe/SkeletalMesh/SK_Axe.uasset,.uasset,745285,ActionRPGStarterSystem,model_or_character_art,unverified; filename/path clue only
ActionRPGStarterSystem/Assets/PickupMeshes/OneH_Axe/SkeletalMesh/SK_AxePhysicsAsset.uasset,.uasset,81246,ActionRPGStarterSystem,model_or_character_art,unverified; filename/path clue only
ActionRPGStarterSystem/Assets/PickupMeshes/OneH_Axe/SkeletalMesh/SK_AxeSkeleton.uasset,.uasset,1780,ActionRPGStarterSystem,model_or_character_art,unverified; filename/path clue only
ActionRPGStarterSystem/Assets/PickupMeshes/OneH_Axe2/SkeletalMesh/SK_Axe2.uasset,.uasset,272725,ActionRPGStarterSystem,model_or_character_art,unverified; filename/path clue only
ActionRPGStarterSystem/Assets/PickupMeshes/OneH_Axe2/SkeletalMesh/SK_Axe2PhysicsAsset.uasset,.uasset,79327,ActionRPGStarterSystem,model_or_character_art,unverified; filename/path clue only
ActionRPGStarterSystem/Assets/PickupMeshes/OneH_Axe2/SkeletalMesh/SK_Axe2Skeleton.uasset,.uasset,1777,ActionRPGStarterSystem,model_or_character_art,unverified; filename/path clue only
ActionRPGStarterSystem/Assets/PickupMeshes/OneH_Dagger/Materials/M_Dagger.uasset,.uasset,133389,ActionRPGStarterSystem,material,unverified; filename/path clue only
ActionRPGStarterSystem/Assets/PickupMeshes/OneH_Dagger/Materials/Textures/T_Dagger_BaseColor.uasset,.uasset,796211,ActionRPGStarterSystem,texture,unverified; filename/path clue only
ActionRPGStarterSystem/Assets/PickupMeshes/OneH_Dagger/Materials/Textures/T_Dagger_Metallic.uasset,.uasset,43540,ActionRPGStarterSystem,texture,unverified; filename/path clue only
ActionRPGStarterSystem/Assets/PickupMeshes/OneH_Dagger/Materials/Textures/T_Dagger_Normal.uasset,.uasset,3734837,ActionRPGStarterSystem,texture,unverified; filename/path clue only
ActionRPGStarterSystem/Assets/PickupMeshes/OneH_Dagger/Materials/Textures/T_Dagger_Roughness.uasset,.uasset,585629,ActionRPGStarterSystem,texture,unverified; filename/path clue only
ActionRPGStarterSystem/Assets/PickupMeshes/OneH_Dagger/SkeletalMesh/SK_Dagger.uasset,.uasset,603685,ActionRPGStarterSystem,model_or_character_art,unverified; filename/path clue only
ActionRPGStarterSystem/Assets/PickupMeshes/OneH_Dagger/SkeletalMesh/SK_DaggerPhysicsAsset.uasset,.uasset,83491,ActionRPGStarterSystem,model_or_character_art,unverified; filename/path clue only
ActionRPGStarterSystem/Assets/PickupMeshes/OneH_Dagger/SkeletalMesh/SK_DaggerSkeleton.uasset,.uasset,1793,ActionRPGStarterSystem,model_or_character_art,unverified; filename/path clue only
ActionRPGStarterSystem/Assets/PickupMeshes/OneH_Shield/SkeletalMesh/M_GeratShieldBack.uasset,.uasset,107119,ActionRPGStarterSystem,material,unverified; filename/path clue only
ActionRPGStarterSystem/Assets/PickupMeshes/OneH_Shield/SkeletalMesh/N_GreatShield.uasset,.uasset,954286,ActionRPGStarterSystem,model_or_character_art,unverified; filename/path clue only
ActionRPGStarterSystem/Assets/PickupMeshes/OneH_Shield/SkeletalMesh/SK_Shield.uasset,.uasset,2094802,ActionRPGStarterSystem,model_or_character_art,unverified; filename/path clue only
ActionRPGStarterSystem/Assets/PickupMeshes/OneH_Shield/SkeletalMesh/SK_ShieldPhysicsAsset.uasset,.uasset,7366,ActionRPGStarterSystem,model_or_character_art,unverified; filename/path clue only
ActionRPGStarterSystem/Assets/PickupMeshes/OneH_Shield/SkeletalMesh/SK_ShieldSkeleton.uasset,.uasset,1863,ActionRPGStarterSystem,model_or_character_art,unverified; filename/path clue only
ActionRPGStarterSystem/Assets/PickupMeshes/OneH_Spear/SkeletalMesh/SK_Spear.uasset,.uasset,280968,ActionRPGStarterSystem,model_or_character_art,unverified; filename/path clue only
ActionRPGStarterSystem/Assets/PickupMeshes/OneH_Spear/SkeletalMesh/SK_SpearPhysicsAsset.uasset,.uasset,77242,ActionRPGStarterSystem,model_or_character_art,unverified; filename/path clue only
ActionRPGStarterSystem/Assets/PickupMeshes/OneH_Spear/SkeletalMesh/SK_SpearSkeleton.uasset,.uasset,1788,ActionRPGStarterSystem,model_or_character_art,unverified; filename/path clue only
ActionRPGStarterSystem/Assets/PickupMeshes/OneH_Sword/Materials/M_ShortSword.uasset,.uasset,135051,ActionRPGStarterSystem,material,unverified; filename/path clue only
ActionRPGStarterSystem/Assets/PickupMeshes/OneH_Sword/Materials/Textures/T_ShortSword_BaseColor.uasset,.uasset,1273284,ActionRPGStarterSystem,texture,unverified; filename/path clue only
ActionRPGStarterSystem/Assets/PickupMeshes/OneH_Sword/Materials/Textures/T_ShortSword_Metallic.uasset,.uasset,33463,ActionRPGStarterSystem,texture,unverified; filename/path clue only
ActionRPGStarterSystem/Assets/PickupMeshes/OneH_Sword/Materials/Textures/T_ShortSword_Normal.uasset,.uasset,3734855,ActionRPGStarterSystem,texture,unverified; filename/path clue only
ActionRPGStarterSystem/Assets/PickupMeshes/OneH_Sword/Materials/Textures/T_ShortSword_Roughness.uasset,.uasset,582031,ActionRPGStarterSystem,texture,unverified; filename/path clue only
ActionRPGStarterSystem/Assets/PickupMeshes/OneH_Sword/SkeletalMesh/SK_ShortSword.uasset,.uasset,496250,ActionRPGStarterSystem,model_or_character_art,unverified; filename/path clue only
ActionRPGStarterSystem/Assets/PickupMeshes/OneH_Sword/SkeletalMesh/SK_ShortSwordPhysicsAsset.uasset,.uasset,82420,ActionRPGStarterSystem,model_or_character_art,unverified; filename/path clue only
ActionRPGStarterSystem/Assets/PickupMeshes/OneH_Sword/SkeletalMesh/SK_ShortSwordSkeleton.uasset,.uasset,6626,ActionRPGStarterSystem,model_or_character_art,unverified; filename/path clue only
ActionRPGStarterSystem/Assets/PickupMeshes/TwoH_Bow/SkeletalMesh/SK_Bow.uasset,.uasset,1017017,ActionRPGStarterSystem,model_or_character_art,unverified; filename/path clue only
ActionRPGStarterSystem/Assets/PickupMeshes/TwoH_Bow/SkeletalMesh/SK_BowPhysicsAsset.uasset,.uasset,88573,ActionRPGStarterSystem,model_or_character_art,unverified; filename/path clue only
ActionRPGStarterSystem/Assets/PickupMeshes/TwoH_Bow/SkeletalMesh/SK_BowSkeleton.uasset,.uasset,1778,ActionRPGStarterSystem,model_or_character_art,unverified; filename/path clue only
ActionRPGStarterSystem/Assets/PickupMeshes/TwoH_Hammer/SkeletalMesh/SK_Hammer.uasset,.uasset,903407,ActionRPGStarterSystem,model_or_character_art,unverified; filename/path clue only
ActionRPGStarterSystem/Assets/PickupMeshes/TwoH_Hammer/SkeletalMesh/SK_HammerPhysicsAsset.uasset,.uasset,82135,ActionRPGStarterSystem,model_or_character_art,unverified; filename/path clue only
ActionRPGStarterSystem/Assets/PickupMeshes/TwoH_Hammer/SkeletalMesh/SK_HammerSkeleton.uasset,.uasset,1793,ActionRPGStarterSystem,model_or_character_art,unverified; filename/path clue only
ActionRPGStarterSystem/Assets/PickupMeshes/TwoH_LongSword/Material/M_LongSword.uasset,.uasset,142317,ActionRPGStarterSystem,material,unverified; filename/path clue only
ActionRPGStarterSystem/Assets/PickupMeshes/TwoH_LongSword/Material/Textures/T_LongSword_BaseColor.uasset,.uasset,828373,ActionRPGStarterSystem,texture,unverified; filename/path clue only
ActionRPGStarterSystem/Assets/PickupMeshes/TwoH_LongSword/Material/Textures/T_LongSword_Metallic.uasset,.uasset,14347,ActionRPGStarterSystem,texture,unverified; filename/path clue only
ActionRPGStarterSystem/Assets/PickupMeshes/TwoH_LongSword/Material/Textures/T_LongSword_Normal.uasset,.uasset,3567093,ActionRPGStarterSystem,texture,unverified; filename/path clue only
ActionRPGStarterSystem/Assets/PickupMeshes/TwoH_LongSword/Material/Textures/T_LongSword_Roughness.uasset,.uasset,453691,ActionRPGStarterSystem,texture,unverified; filename/path clue only
ActionRPGStarterSystem/Assets/PickupMeshes/TwoH_LongSword/SkeletalMesh/SK_LongSword.uasset,.uasset,486388,ActionRPGStarterSystem,model_or_character_art,unverified; filename/path clue only
ActionRPGStarterSystem/Assets/PickupMeshes/TwoH_LongSword/SkeletalMesh/SK_LongSwordPhysicsAsset.uasset,.uasset,7515,ActionRPGStarterSystem,model_or_character_art,unverified; filename/path clue only
ActionRPGStarterSystem/Assets/PickupMeshes/TwoH_LongSword/SkeletalMesh/SK_LongSwordSkeleton.uasset,.uasset,1808,ActionRPGStarterSystem,model_or_character_art,unverified; filename/path clue only
ActionRPGStarterSystem/Assets/PickupMeshes/W_Armor/SM_Armor.uasset,.uasset,379278,ActionRPGStarterSystem,model_or_character_art,unverified; filename/path clue only
ActionRPGStarterSystem/Assets/PickupMeshes/W_Belt/SM_Belt.uasset,.uasset,160072,ActionRPGStarterSystem,model_or_character_art,unverified; filename/path clue only
ActionRPGStarterSystem/Assets/PickupMeshes/W_Boots/SM_Boots.uasset,.uasset,235126,ActionRPGStarterSystem,model_or_character_art,unverified; filename/path clue only
ActionRPGStarterSystem/Assets/PickupMeshes/W_Cape/SM_Cape.uasset,.uasset,98285,ActionRPGStarterSystem,model_or_character_art,unverified; filename/path clue only
ActionRPGStarterSystem/Assets/PickupMeshes/W_Earrings/SM_Earring.uasset,.uasset,35439,ActionRPGStarterSystem,model_or_character_art,unverified; filename/path clue only
ActionRPGStarterSystem/Assets/PickupMeshes/W_Gloves/SM_Gloves.uasset,.uasset,495096,ActionRPGStarterSystem,model_or_character_art,unverified; filename/path clue only
ActionRPGStarterSystem/Assets/PickupMeshes/W_Helmet/SM_Helmet.uasset,.uasset,156765,ActionRPGStarterSystem,model_or_character_art,unverified; filename/path clue only
ActionRPGStarterSystem/Assets/PickupMeshes/W_Pants/SM_Pants.uasset,.uasset,228605,ActionRPGStarterSystem,model_or_character_art,unverified; filename/path clue only
ActionRPGStarterSystem/Assets/PickupMeshes/W_Shoulder/SM_Shoulder.uasset,.uasset,93781,ActionRPGStarterSystem,model_or_character_art,unverified; filename/path clue only
ActionRPGStarterSystem/Assets/SmallPlane/Anim_Plane.uasset,.uasset,101605,ActionRPGStarterSystem,animation_or_rig,unverified; filename/path clue only
ActionRPGStarterSystem/Assets/SmallPlane/Audio/Cue_PlaneAudio_Cue.uasset,.uasset,4339,ActionRPGStarterSystem,audio_asset_or_mixer,unverified; filename/path clue only
ActionRPGStarterSystem/Assets/SmallPlane/Audio/WAV_PlaneAudio.uasset,.uasset,1192129,ActionRPGStarterSystem,audio_asset_or_mixer,unverified; filename/path clue only
ActionRPGStarterSystem/Assets/SmallPlane/Materials/M_Plane_Blades.uasset,.uasset,121554,ActionRPGStarterSystem,material,unverified; filename/path clue only
ActionRPGStarterSystem/Assets/SmallPlane/Materials/M_Plane_Body.uasset,.uasset,113068,ActionRPGStarterSystem,material,unverified; filename/path clue only
ActionRPGStarterSystem/Assets/SmallPlane/Materials/M_Plane_Chair.uasset,.uasset,124470,ActionRPGStarterSystem,material,unverified; filename/path clue only
ActionRPGStarterSystem/Assets/SmallPlane/Materials/M_Plane_Controller.uasset,.uasset,103462,ActionRPGStarterSystem,material,unverified; filename/path clue only
ActionRPGStarterSystem/Assets/SmallPlane/Materials/M_Plane_Wheels.uasset,.uasset,111897,ActionRPGStarterSystem,material,unverified; filename/path clue only
ActionRPGStarterSystem/Assets/SmallPlane/Materials/M_Plane_Wings.uasset,.uasset,112688,ActionRPGStarterSystem,material,unverified; filename/path clue only
ActionRPGStarterSystem/Assets/SmallPlane/SK_SmallPlane.uasset,.uasset,2613408,ActionRPGStarterSystem,model_or_character_art,unverified; filename/path clue only
ActionRPGStarterSystem/Assets/SmallPlane/SK_SmallPlane_PhysicsAsset.uasset,.uasset,8573,ActionRPGStarterSystem,model_or_character_art,unverified; filename/path clue only
ActionRPGStarterSystem/Assets/SmallPlane/SK_SmallPlane_Skeleton.uasset,.uasset,3670,ActionRPGStarterSystem,model_or_character_art,unverified; filename/path clue only
ActionRPGStarterSystem/Assets/SmallPlane/SK_SmallPlane_Skeleton_AnimBlueprint.uasset,.uasset,184004,ActionRPGStarterSystem,model_or_character_art,unverified; filename/path clue only
ActionRPGStarterSystem/Assets/SmallPlane/Textures/Plane_Body_Albedo.uasset,.uasset,1634667,ActionRPGStarterSystem,texture,unverified; filename/path clue only
ActionRPGStarterSystem/Assets/SmallPlane/Textures/Plane_Body_Normal.uasset,.uasset,2381528,ActionRPGStarterSystem,texture,unverified; filename/path clue only
ActionRPGStarterSystem/Assets/SmallPlane/Textures/Plane_Chair_Albedo.uasset,.uasset,3435048,ActionRPGStarterSystem,texture,unverified; filename/path clue only
ActionRPGStarterSystem/Assets/SmallPlane/Textures/Plane_Chair_Normal.uasset,.uasset,2413652,ActionRPGStarterSystem,texture,unverified; filename/path clue only
ActionRPGStarterSystem/Assets/SmallPlane/Textures/Plane_Controller_Albedo.uasset,.uasset,434945,ActionRPGStarterSystem,texture,unverified; filename/path clue only
ActionRPGStarterSystem/Assets/SmallPlane/Textures/Plane_Controller_Normal.uasset,.uasset,241339,ActionRPGStarterSystem,texture,unverified; filename/path clue only
ActionRPGStarterSystem/Assets/SmallPlane/Textures/Plane_Fan_Albedo.uasset,.uasset,488624,ActionRPGStarterSystem,texture,unverified; filename/path clue only
ActionRPGStarterSystem/Assets/SmallPlane/Textures/Plane_Fan_Normal.uasset,.uasset,223269,ActionRPGStarterSystem,texture,unverified; filename/path clue only
ActionRPGStarterSystem/Assets/SmallPlane/Textures/Plane_Wheels_Albedo.uasset,.uasset,720247,ActionRPGStarterSystem,texture,unverified; filename/path clue only
ActionRPGStarterSystem/Assets/SmallPlane/Textures/Plane_Wheels_Normal.uasset,.uasset,289423,ActionRPGStarterSystem,texture,unverified; filename/path clue only
ActionRPGStarterSystem/Assets/SmallPlane/Textures/Plane_Wings_Albedo.uasset,.uasset,4075487,ActionRPGStarterSystem,texture,unverified; filename/path clue only
ActionRPGStarterSystem/Assets/SmallPlane/Textures/Plane_Wings_Normal.uasset,.uasset,1063159,ActionRPGStarterSystem,texture,unverified; filename/path clue only
ActionRPGStarterSystem/Assets/Spider/M_Spider.uasset,.uasset,102169,ActionRPGStarterSystem,material,unverified; filename/path clue only
ActionRPGStarterSystem/Assets/Spider/M_Spider_Inst.uasset,.uasset,154275,ActionRPGStarterSystem,material,unverified; filename/path clue only
ActionRPGStarterSystem/Assets/Spider/M_Spider_Inst1.uasset,.uasset,156348,ActionRPGStarterSystem,material,unverified; filename/path clue only
ActionRPGStarterSystem/Assets/Spider/M_Spider_Inst2.uasset,.uasset,148681,ActionRPGStarterSystem,material,unverified; filename/path clue only
ActionRPGStarterSystem/Assets/Spider/SK_Spider.uasset,.uasset,1571097,ActionRPGStarterSystem,model_or_character_art,unverified; filename/path clue only
ActionRPGStarterSystem/Assets/Spider/SK_Spider_PhysicsAsset.uasset,.uasset,8476,ActionRPGStarterSystem,model_or_character_art,unverified; filename/path clue only
ActionRPGStarterSystem/Assets/Spider/SK_Spider_Skeleton.uasset,.uasset,12869,ActionRPGStarterSystem,model_or_character_art,unverified; filename/path clue only
ActionRPGStarterSystem/Assets/Spider/SK_Spider_Skeleton_AnimBlueprint.uasset,.uasset,159444,ActionRPGStarterSystem,model_or_character_art,unverified; filename/path clue only
ActionRPGStarterSystem/Assets/Spider/SpiderAnim_Attack1.uasset,.uasset,215931,ActionRPGStarterSystem,model_or_character_art,unverified; filename/path clue only
ActionRPGStarterSystem/Assets/Spider/SpiderAnim_Attack1_Montage.uasset,.uasset,100726,ActionRPGStarterSystem,model_or_character_art,unverified; filename/path clue only
ActionRPGStarterSystem/Assets/Spider/SpiderAnim_IDle.uasset,.uasset,209069,ActionRPGStarterSystem,model_or_character_art,unverified; filename/path clue only
ActionRPGStarterSystem/Assets/Spider/SpiderAnim_Pose30.uasset,.uasset,191355,ActionRPGStarterSystem,model_or_character_art,unverified; filename/path clue only
ActionRPGStarterSystem/Assets/Spider/SpiderAnim_StunEnd.uasset,.uasset,226179,ActionRPGStarterSystem,model_or_character_art,unverified; filename/path clue only
ActionRPGStarterSystem/Assets/Spider/SpiderAnim_StunLoop.uasset,.uasset,216810,ActionRPGStarterSystem,model_or_character_art,unverified; filename/path clue only
ActionRPGStarterSystem/Assets/Spider/SpiderAnim_Stunned.uasset,.uasset,206068,ActionRPGStarterSystem,model_or_character_art,unverified; filename/path clue only
ActionRPGStarterSystem/Assets/Spider/SpiderAnim_StunStart.uasset,.uasset,226187,ActionRPGStarterSystem,model_or_character_art,unverified; filename/path clue only
ActionRPGStarterSystem/Assets/Spider/SpiderAnim_StunStart_Montage.uasset,.uasset,91407,ActionRPGStarterSystem,texture,unverified; filename/path clue only
ActionRPGStarterSystem/Assets/Spider/SpiderAnim_WalkF.uasset,.uasset,200426,ActionRPGStarterSystem,model_or_character_art,unverified; filename/path clue only
ActionRPGStarterSystem/Assets/Spider/SpiderAnimPose.uasset,.uasset,100466,ActionRPGStarterSystem,model_or_character_art,unverified; filename/path clue only
ActionRPGStarterSystem/Assets/Spider/SpiderDeath_Montage.uasset,.uasset,9679,ActionRPGStarterSystem,model_or_character_art,unverified; filename/path clue only
ActionRPGStarterSystem/Assets/Spider/Textures/SpiderMix_Albedo.uasset,.uasset,8578147,ActionRPGStarterSystem,texture,unverified; filename/path clue only
ActionRPGStarterSystem/Assets/Spider/Textures/SpiderMix_Normal.uasset,.uasset,5790937,ActionRPGStarterSystem,texture,unverified; filename/path clue only
ActionRPGStarterSystem/Assets/Spider/Textures/SpiderMix_Roughness.uasset,.uasset,2959204,ActionRPGStarterSystem,texture,unverified; filename/path clue only
ActionRPGStarterSystem/Assets/StarterContent/Materials/M_Brick_Clay_New.uasset,.uasset,152392,ActionRPGStarterSystem,engine_starter_demo_content,unverified; filename/path clue only
ActionRPGStarterSystem/Assets/StarterContent/Materials/M_Tech_Panel.uasset,.uasset,130912,ActionRPGStarterSystem,engine_starter_demo_content,unverified; filename/path clue only
ActionRPGStarterSystem/Assets/StarterContent/Props/Materials/M_MaterialSphere.uasset,.uasset,91803,ActionRPGStarterSystem,engine_starter_demo_content,unverified; filename/path clue only
ActionRPGStarterSystem/Assets/StarterContent/Props/Materials/M_MaterialSphere_Plain.uasset,.uasset,81318,ActionRPGStarterSystem,engine_starter_demo_content,unverified; filename/path clue only
ActionRPGStarterSystem/Assets/StarterContent/Props/SM_MatPreviewMesh_02.uasset,.uasset,697082,ActionRPGStarterSystem,engine_starter_demo_content,unverified; filename/path clue only
ActionRPGStarterSystem/Assets/StarterContent/Textures/T_Brick_Clay_New_D.uasset,.uasset,6350311,ActionRPGStarterSystem,engine_starter_demo_content,unverified; filename/path clue only
ActionRPGStarterSystem/Assets/StarterContent/Textures/T_Brick_Clay_New_M.uasset,.uasset,7166393,ActionRPGStarterSystem,engine_starter_demo_content,unverified; filename/path clue only
ActionRPGStarterSystem/Assets/StarterContent/Textures/T_Brick_Clay_New_N.uasset,.uasset,8410731,ActionRPGStarterSystem,engine_starter_demo_content,unverified; filename/path clue only
ActionRPGStarterSystem/Assets/StarterContent/Textures/T_Detail_Rocky_N.uasset,.uasset,2956846,ActionRPGStarterSystem,engine_starter_demo_content,unverified; filename/path clue only
ActionRPGStarterSystem/Assets/StarterContent/Textures/T_MacroVariation.uasset,.uasset,10001002,ActionRPGStarterSystem,engine_starter_demo_content,unverified; filename/path clue only
ActionRPGStarterSystem/Assets/StarterContent/Textures/T_Metal_Steel_D.uasset,.uasset,3360014,ActionRPGStarterSystem,engine_starter_demo_content,unverified; filename/path clue only
ActionRPGStarterSystem/Assets/StarterContent/Textures/T_Tech_Panel_M.uasset,.uasset,949593,ActionRPGStarterSystem,engine_starter_demo_content,unverified; filename/path clue only
ActionRPGStarterSystem/Assets/StarterContent/Textures/T_Tech_Panel_N.uasset,.uasset,2319771,ActionRPGStarterSystem,engine_starter_demo_content,unverified; filename/path clue only
ActionRPGStarterSystem/Audio/ARPGSound_Master.uasset,.uasset,2269,ActionRPGStarterSystem,audio_asset_or_mixer,unverified; filename/path clue only
ActionRPGStarterSystem/Audio/ARPGSound_Music.uasset,.uasset,1893,ActionRPGStarterSystem,audio_asset_or_mixer,unverified; filename/path clue only
ActionRPGStarterSystem/Audio/ARPGSound_VFX.uasset,.uasset,1879,ActionRPGStarterSystem,audio_asset_or_mixer,unverified; filename/path clue only
ActionRPGStarterSystem/Audio/ARPGSound_Voice.uasset,.uasset,1893,ActionRPGStarterSystem,audio_asset_or_mixer,unverified; filename/path clue only
ActionRPGStarterSystem/Audio/MasterSoundMixClass.uasset,.uasset,1873,ActionRPGStarterSystem,audio_asset_or_mixer,unverified; filename/path clue only
ActionRPGStarterSystem/Audio/MusicSoundMixClass.uasset,.uasset,1866,ActionRPGStarterSystem,audio_asset_or_mixer,unverified; filename/path clue only
ActionRPGStarterSystem/Audio/VFXSoundMixClass.uasset,.uasset,1852,ActionRPGStarterSystem,audio_asset_or_mixer,unverified; filename/path clue only
ActionRPGStarterSystem/Audio/VoiceSoundMixClass.uasset,.uasset,1866,ActionRPGStarterSystem,audio_asset_or_mixer,unverified; filename/path clue only
ActionRPGStarterSystem/Character/Blueprints/BP_ARPG_Character.uasset,.uasset,10398799,ActionRPGStarterSystem,blueprint_system_candidate,unverified; filename/path clue only
ActionRPGStarterSystem/Character/Blueprints/BP_ARPG_GameInstance.uasset,.uasset,338282,ActionRPGStarterSystem,blueprint_system_candidate,unverified; filename/path clue only
ActionRPGStarterSystem/Character/Blueprints/BP_ARPG_GameMode.uasset,.uasset,231156,ActionRPGStarterSystem,blueprint_system_candidate,unverified; filename/path clue only
ActionRPGStarterSystem/Character/Blueprints/BP_ARPG_PlayerController.uasset,.uasset,5365068,ActionRPGStarterSystem,blueprint_system_candidate,unverified; filename/path clue only
ActionRPGStarterSystem/Character/Blueprints/BP_ARPG_TopDownAIController.uasset,.uasset,20943,ActionRPGStarterSystem,blueprint_system_candidate,unverified; filename/path clue only
ActionRPGStarterSystem/Character/Blueprints/BP_ARPGGameState.uasset,.uasset,132043,ActionRPGStarterSystem,data_schema_or_interface,unverified; filename/path clue only
ActionRPGStarterSystem/Character/Blueprints/Character_Races/Race1/BP_Character_Race1_Gender1.uasset,.uasset,44288,ActionRPGStarterSystem,blueprint_system_candidate,unverified; filename/path clue only
ActionRPGStarterSystem/Character/Blueprints/Character_Races/Race1/BP_Character_Race1_Gender2.uasset,.uasset,47152,ActionRPGStarterSystem,blueprint_system_candidate,unverified; filename/path clue only
ActionRPGStarterSystem/Character/Blueprints/Character_Races/Race2/BP_Character_Race2_Gender1.uasset,.uasset,49207,ActionRPGStarterSystem,blueprint_system_candidate,unverified; filename/path clue only
ActionRPGStarterSystem/Character/Blueprints/Character_Races/Race2/BP_Character_Race2_Gender2.uasset,.uasset,33959,ActionRPGStarterSystem,blueprint_system_candidate,unverified; filename/path clue only
ActionRPGStarterSystem/Character/Blueprints/Character_Races/Race3/BP_Character_Race3_Gender1.uasset,.uasset,43699,ActionRPGStarterSystem,blueprint_system_candidate,unverified; filename/path clue only
ActionRPGStarterSystem/Character/Blueprints/Character_Races/Race3/BP_Character_Race3_Gender2.uasset,.uasset,47530,ActionRPGStarterSystem,blueprint_system_candidate,unverified; filename/path clue only
ActionRPGStarterSystem/Character/Blueprints/Character_Races/Race4/BP_Character_Race4_Gender1.uasset,.uasset,43728,ActionRPGStarterSystem,blueprint_system_candidate,unverified; filename/path clue only
ActionRPGStarterSystem/Character/Blueprints/Character_Races/Race4/BP_Character_Race4_Gender2.uasset,.uasset,47422,ActionRPGStarterSystem,blueprint_system_candidate,unverified; filename/path clue only
ActionRPGStarterSystem/Character/Blueprints/Character_Races/Race5/BP_Character_Race5_Gender1.uasset,.uasset,43728,ActionRPGStarterSystem,blueprint_system_candidate,unverified; filename/path clue only
ActionRPGStarterSystem/Character/Blueprints/Character_Races/Race5/BP_Character_Race5_Gender2.uasset,.uasset,47422,ActionRPGStarterSystem,blueprint_system_candidate,unverified; filename/path clue only
ActionRPGStarterSystem/Character/Blueprints/Components/Targetting/BP_TargettingComp.uasset,.uasset,552034,ActionRPGStarterSystem,blueprint_system_candidate,unverified; filename/path clue only
ActionRPGStarterSystem/Character/Blueprints/Components/Targetting/Materials/M_Targetting.uasset,.uasset,20483,ActionRPGStarterSystem,material,unverified; filename/path clue only
ActionRPGStarterSystem/Character/Blueprints/Components/Targetting/Widgets/BP_TargettingW.uasset,.uasset,89442,ActionRPGStarterSystem,ui_widget_or_icon,unverified; filename/path clue only
ActionRPGStarterSystem/Character/Blueprints/Interfaces/BP_ARPGCOntrollerInterface.uasset,.uasset,248672,ActionRPGStarterSystem,blueprint_system_candidate,unverified; filename/path clue only
ActionRPGStarterSystem/Character/Blueprints/Interfaces/BP_CharacterInventoryInterface.uasset,.uasset,213891,ActionRPGStarterSystem,blueprint_system_candidate,unverified; filename/path clue only
ActionRPGStarterSystem/Character/Blueprints/Interfaces/BP_IT_AnimationInfo.uasset,.uasset,22209,ActionRPGStarterSystem,texture,unverified; filename/path clue only
ActionRPGStarterSystem/Character/Blueprints/Interfaces/BP_QuestInterface.uasset,.uasset,13172,ActionRPGStarterSystem,blueprint_system_candidate,unverified; filename/path clue only
ActionRPGStarterSystem/Character/Blueprints/Lobby/BP_LobbyCharacterCreator.uasset,.uasset,698300,ActionRPGStarterSystem,blueprint_system_candidate,unverified; filename/path clue only
ActionRPGStarterSystem/Character/Blueprints/Lobby/BP_LobbyGM.uasset,.uasset,21421,ActionRPGStarterSystem,blueprint_system_candidate,unverified; filename/path clue only
ActionRPGStarterSystem/Character/Blueprints/Lobby/ClassSetups/DA_LobbySetup.uasset,.uasset,40160,ActionRPGStarterSystem,data_schema_or_interface,unverified; filename/path clue only
ActionRPGStarterSystem/Character/Blueprints/Lobby/ClassSetups/LocalSave/BP_CharactersLocalSave.uasset,.uasset,197943,ActionRPGStarterSystem,blueprint_system_candidate,unverified; filename/path clue only
ActionRPGStarterSystem/Character/Blueprints/Lobby/ClassSetups/LocalSave/S_SavedLocalCharacter.uasset,.uasset,14383,ActionRPGStarterSystem,data_schema_or_interface,unverified; filename/path clue only
ActionRPGStarterSystem/Character/Blueprints/Lobby/ClassSetups/PrimaryDA_Lobby.uasset,.uasset,10959,ActionRPGStarterSystem,data_schema_or_interface,unverified; filename/path clue only
ActionRPGStarterSystem/Character/Blueprints/Lobby/ClassSetups/S_ClassSetups.uasset,.uasset,32261,ActionRPGStarterSystem,data_schema_or_interface,unverified; filename/path clue only
ActionRPGStarterSystem/Character/Blueprints/Lobby/ClassSetups/S_GenderSetup.uasset,.uasset,5705,ActionRPGStarterSystem,data_schema_or_interface,unverified; filename/path clue only
ActionRPGStarterSystem/Character/Blueprints/Lobby/ClassSetups/S_LobbyCharPreviewMeshByGender.uasset,.uasset,8141,ActionRPGStarterSystem,data_schema_or_interface,unverified; filename/path clue only
ActionRPGStarterSystem/Character/Blueprints/Lobby/ClassSetups/S_LobbyCharPreviewSetup.uasset,.uasset,7573,ActionRPGStarterSystem,data_schema_or_interface,unverified; filename/path clue only
ActionRPGStarterSystem/Character/Blueprints/Lobby/ClassSetups/S_RaceSetup.uasset,.uasset,14172,ActionRPGStarterSystem,data_schema_or_interface,unverified; filename/path clue only
ActionRPGStarterSystem/Character/Blueprints/Lobby/Session/BP_SessionEntry.uasset,.uasset,169086,ActionRPGStarterSystem,blueprint_system_candidate,unverified; filename/path clue only
ActionRPGStarterSystem/Character/Blueprints/Lobby/Session/BP_SessionList.uasset,.uasset,325414,ActionRPGStarterSystem,blueprint_system_candidate,unverified; filename/path clue only
ActionRPGStarterSystem/Character/Blueprints/LocalCharacter/BP_ARPG_LocalCharacter.uasset,.uasset,933370,ActionRPGStarterSystem,blueprint_system_candidate,unverified; filename/path clue only
ActionRPGStarterSystem/Character/Blueprints/Preview/BP_ARPGCharPreview.uasset,.uasset,412813,ActionRPGStarterSystem,blueprint_system_candidate,unverified; filename/path clue only
ActionRPGStarterSystem/Character/Blueprints/Preview/BP_CharacterPreviewUI.uasset,.uasset,147450,ActionRPGStarterSystem,blueprint_system_candidate,unverified; filename/path clue only
ActionRPGStarterSystem/Character/Blueprints/Preview/M_CharacterPrevMat.uasset,.uasset,8975,ActionRPGStarterSystem,material,unverified; filename/path clue only
ActionRPGStarterSystem/Character/Blueprints/Preview/PP_SceneCapCutOff.uasset,.uasset,90091,ActionRPGStarterSystem,other_content,unverified; filename/path clue only
ActionRPGStarterSystem/Character/Blueprints/Preview/T_PrevRenderTarget.uasset,.uasset,4360,ActionRPGStarterSystem,texture,unverified; filename/path clue only
ActionRPGStarterSystem/Character/Curve_LevelExp.uasset,.uasset,4253,ActionRPGStarterSystem,other_content,unverified; filename/path clue only
ActionRPGStarterSystem/Equipment/BP_MainEquipment.uasset,.uasset,156350,ActionRPGStarterSystem,blueprint_system_candidate,unverified; filename/path clue only
ActionRPGStarterSystem/Equipment/BP_MainEquipment_Armor.uasset,.uasset,32966,ActionRPGStarterSystem,texture,unverified; filename/path clue only
ActionRPGStarterSystem/Equipment/BP_MainEquipment_Axe.uasset,.uasset,57566,ActionRPGStarterSystem,texture,unverified; filename/path clue only
ActionRPGStarterSystem/Equipment/BP_MainEquipment_Axe2.uasset,.uasset,31472,ActionRPGStarterSystem,texture,unverified; filename/path clue only
ActionRPGStarterSystem/Equipment/BP_MainEquipment_Belt.uasset,.uasset,31868,ActionRPGStarterSystem,texture,unverified; filename/path clue only
ActionRPGStarterSystem/Equipment/BP_MainEquipment_Boots.uasset,.uasset,33687,ActionRPGStarterSystem,texture,unverified; filename/path clue only
ActionRPGStarterSystem/Equipment/BP_MainEquipment_Bow.uasset,.uasset,22503,ActionRPGStarterSystem,texture,unverified; filename/path clue only
ActionRPGStarterSystem/Equipment/BP_MainEquipment_Cape.uasset,.uasset,31693,ActionRPGStarterSystem,texture,unverified; filename/path clue only
ActionRPGStarterSystem/Equipment/BP_MainEquipment_Dagger.uasset,.uasset,31759,ActionRPGStarterSystem,texture,unverified; filename/path clue only
ActionRPGStarterSystem/Equipment/BP_MainEquipment_Earrings.uasset,.uasset,27108,ActionRPGStarterSystem,texture,unverified; filename/path clue only
ActionRPGStarterSystem/Equipment/BP_MainEquipment_Gloves.uasset,.uasset,31839,ActionRPGStarterSystem,texture,unverified; filename/path clue only
ActionRPGStarterSystem/Equipment/BP_MainEquipment_Hammer.uasset,.uasset,31645,ActionRPGStarterSystem,texture,unverified; filename/path clue only
ActionRPGStarterSystem/Equipment/BP_MainEquipment_Helmet.uasset,.uasset,34208,ActionRPGStarterSystem,texture,unverified; filename/path clue only
ActionRPGStarterSystem/Equipment/BP_MainEquipment_LongSword.uasset,.uasset,31616,ActionRPGStarterSystem,texture,unverified; filename/path clue only
ActionRPGStarterSystem/Equipment/BP_MainEquipment_OmegaSword.uasset,.uasset,43432,ActionRPGStarterSystem,texture,unverified; filename/path clue only
ActionRPGStarterSystem/Equipment/BP_MainEquipment_Pants.uasset,.uasset,33737,ActionRPGStarterSystem,texture,unverified; filename/path clue only
ActionRPGStarterSystem/Equipment/BP_MainEquipment_Shield.uasset,.uasset,34104,ActionRPGStarterSystem,texture,unverified; filename/path clue only
ActionRPGStarterSystem/Equipment/BP_MainEquipment_Shoulder.uasset,.uasset,31483,ActionRPGStarterSystem,texture,unverified; filename/path clue only
ActionRPGStarterSystem/Equipment/BP_MainEquipment_Spear.uasset,.uasset,31453,ActionRPGStarterSystem,texture,unverified; filename/path clue only
ActionRPGStarterSystem/Equipment/BP_MainEquipment_Sword.uasset,.uasset,31705,ActionRPGStarterSystem,texture,unverified; filename/path clue only
ActionRPGStarterSystem/Equipment/Data/E_BodyPartType.uasset,.uasset,5307,ActionRPGStarterSystem,data_schema_or_interface,unverified; filename/path clue only
ActionRPGStarterSystem/Equipment/Data/S_EquipmentRefs.uasset,.uasset,16199,ActionRPGStarterSystem,data_schema_or_interface,unverified; filename/path clue only
ActionRPGStarterSystem/Inputs/Actions/Actionbar1.uasset,.uasset,1758,ActionRPGStarterSystem,other_content,unverified; filename/path clue only
ActionRPGStarterSystem/Inputs/Actions/Actionbar10.uasset,.uasset,1763,ActionRPGStarterSystem,other_content,unverified; filename/path clue only
ActionRPGStarterSystem/Inputs/Actions/Actionbar2.uasset,.uasset,1758,ActionRPGStarterSystem,other_content,unverified; filename/path clue only
ActionRPGStarterSystem/Inputs/Actions/Actionbar3.uasset,.uasset,1758,ActionRPGStarterSystem,other_content,unverified; filename/path clue only
ActionRPGStarterSystem/Inputs/Actions/Actionbar4.uasset,.uasset,1758,ActionRPGStarterSystem,other_content,unverified; filename/path clue only
ActionRPGStarterSystem/Inputs/Actions/Actionbar5.uasset,.uasset,1758,ActionRPGStarterSystem,other_content,unverified; filename/path clue only
ActionRPGStarterSystem/Inputs/Actions/Actionbar6.uasset,.uasset,1758,ActionRPGStarterSystem,other_content,unverified; filename/path clue only
ActionRPGStarterSystem/Inputs/Actions/Actionbar7.uasset,.uasset,1758,ActionRPGStarterSystem,other_content,unverified; filename/path clue only
ActionRPGStarterSystem/Inputs/Actions/Actionbar8.uasset,.uasset,1758,ActionRPGStarterSystem,other_content,unverified; filename/path clue only
ActionRPGStarterSystem/Inputs/Actions/Actionbar9.uasset,.uasset,1758,ActionRPGStarterSystem,other_content,unverified; filename/path clue only
ActionRPGStarterSystem/Inputs/Actions/Block.uasset,.uasset,1733,ActionRPGStarterSystem,other_content,unverified; filename/path clue only
ActionRPGStarterSystem/Inputs/Actions/CancelChannelling.uasset,.uasset,1793,ActionRPGStarterSystem,other_content,unverified; filename/path clue only
ActionRPGStarterSystem/Inputs/Actions/Holster.uasset,.uasset,1541,ActionRPGStarterSystem,other_content,unverified; filename/path clue only
ActionRPGStarterSystem/Inputs/Actions/IA_ALT.uasset,.uasset,1232,ActionRPGStarterSystem,other_content,unverified; filename/path clue only
ActionRPGStarterSystem/Inputs/Actions/IA_OverviewMap.uasset,.uasset,1576,ActionRPGStarterSystem,other_content,unverified; filename/path clue only
ActionRPGStarterSystem/Inputs/Actions/IA_Target.uasset,.uasset,1551,ActionRPGStarterSystem,other_content,unverified; filename/path clue only
ActionRPGStarterSystem/Inputs/Actions/IA_TargetLeft.uasset,.uasset,1571,ActionRPGStarterSystem,other_content,unverified; filename/path clue only
ActionRPGStarterSystem/Inputs/Actions/IA_TargetRight.uasset,.uasset,1576,ActionRPGStarterSystem,other_content,unverified; filename/path clue only
ActionRPGStarterSystem/Inputs/Actions/Interact.uasset,.uasset,1748,ActionRPGStarterSystem,other_content,unverified; filename/path clue only
ActionRPGStarterSystem/Inputs/Actions/Jump.uasset,.uasset,1926,ActionRPGStarterSystem,other_content,unverified; filename/path clue only
ActionRPGStarterSystem/Inputs/Actions/LeftMouseAction.uasset,.uasset,1783,ActionRPGStarterSystem,other_content,unverified; filename/path clue only
ActionRPGStarterSystem/Inputs/Actions/LookUp.uasset,.uasset,1428,ActionRPGStarterSystem,other_content,unverified; filename/path clue only
ActionRPGStarterSystem/Inputs/Actions/MoveBackward.uasset,.uasset,1763,ActionRPGStarterSystem,other_content,unverified; filename/path clue only
ActionRPGStarterSystem/Inputs/Actions/MoveForward.uasset,.uasset,1453,ActionRPGStarterSystem,other_content,unverified; filename/path clue only
ActionRPGStarterSystem/Inputs/Actions/MoveLeft.uasset,.uasset,1743,ActionRPGStarterSystem,other_content,unverified; filename/path clue only
ActionRPGStarterSystem/Inputs/Actions/MoveRight.uasset,.uasset,1443,ActionRPGStarterSystem,other_content,unverified; filename/path clue only
ActionRPGStarterSystem/Inputs/Actions/OpenGuild.uasset,.uasset,1551,ActionRPGStarterSystem,other_content,unverified; filename/path clue only
ActionRPGStarterSystem/Inputs/Actions/OpenInventory.uasset,.uasset,1571,ActionRPGStarterSystem,other_content,unverified; filename/path clue only
ActionRPGStarterSystem/Inputs/Actions/OpenMenu.uasset,.uasset,1547,ActionRPGStarterSystem,other_content,unverified; filename/path clue only
ActionRPGStarterSystem/Inputs/Actions/OpenSkills.uasset,.uasset,1556,ActionRPGStarterSystem,other_content,unverified; filename/path clue only
ActionRPGStarterSystem/Inputs/Actions/RightMouseAction.uasset,.uasset,1788,ActionRPGStarterSystem,other_content,unverified; filename/path clue only
ActionRPGStarterSystem/Inputs/Actions/Sprint.uasset,.uasset,1738,ActionRPGStarterSystem,other_content,unverified; filename/path clue only
ActionRPGStarterSystem/Inputs/Actions/Turn.uasset,.uasset,1418,ActionRPGStarterSystem,other_content,unverified; filename/path clue only
ActionRPGStarterSystem/Inputs/Actions/Walk.uasset,.uasset,1728,ActionRPGStarterSystem,other_content,unverified; filename/path clue only
ActionRPGStarterSystem/Inputs/IMC_Default.uasset,.uasset,18874,ActionRPGStarterSystem,other_content,unverified; filename/path clue only
ActionRPGStarterSystem/Inputs/IMC_Gamepad.uasset,.uasset,11692,ActionRPGStarterSystem,other_content,unverified; filename/path clue only
ActionRPGStarterSystem/InventorySystem/Components/BP_InventoryComponent.uasset,.uasset,24878603,ActionRPGStarterSystem,blueprint_system_candidate,unverified; filename/path clue only
ActionRPGStarterSystem/InventorySystem/Crafting/Blueprint/BP_Crafting_Armor_child.uasset,.uasset,44754,ActionRPGStarterSystem,blueprint_system_candidate,unverified; filename/path clue only
ActionRPGStarterSystem/InventorySystem/Crafting/Blueprint/BP_Crafting_Ressources_child.uasset,.uasset,44726,ActionRPGStarterSystem,blueprint_system_candidate,unverified; filename/path clue only
ActionRPGStarterSystem/InventorySystem/Crafting/Blueprint/BP_CraftingMain.uasset,.uasset,296027,ActionRPGStarterSystem,blueprint_system_candidate,unverified; filename/path clue only
ActionRPGStarterSystem/InventorySystem/Crafting/Blueprint/BP_CraftingWeapons_child.uasset,.uasset,44798,ActionRPGStarterSystem,blueprint_system_candidate,unverified; filename/path clue only
ActionRPGStarterSystem/InventorySystem/Crafting/Blueprint/Components/BP_CraftingWidgetComponent.uasset,.uasset,94034,ActionRPGStarterSystem,blueprint_system_candidate,unverified; filename/path clue only
ActionRPGStarterSystem/InventorySystem/Crafting/Blueprint/Data/CraftingItems.uasset,.uasset,6030,ActionRPGStarterSystem,other_content,unverified; filename/path clue only
ActionRPGStarterSystem/InventorySystem/Crafting/Data/CraftingResource.uasset,.uasset,5903,ActionRPGStarterSystem,other_content,unverified; filename/path clue only
ActionRPGStarterSystem/InventorySystem/Crafting/Data/CraftingResult.uasset,.uasset,6046,ActionRPGStarterSystem,other_content,unverified; filename/path clue only
ActionRPGStarterSystem/InventorySystem/Crafting/Widgets/BP_CraftingIngredient.uasset,.uasset,129239,ActionRPGStarterSystem,ui_widget_or_icon,unverified; filename/path clue only
ActionRPGStarterSystem/InventorySystem/Crafting/Widgets/BP_CraftingProgressbar.uasset,.uasset,71595,ActionRPGStarterSystem,ui_widget_or_icon,unverified; filename/path clue only
ActionRPGStarterSystem/InventorySystem/Crafting/Widgets/BP_CraftingWidget.uasset,.uasset,544136,ActionRPGStarterSystem,ui_widget_or_icon,unverified; filename/path clue only
ActionRPGStarterSystem/InventorySystem/Crafting/Widgets/BP_JSICraftingItem.uasset,.uasset,345698,ActionRPGStarterSystem,ui_widget_or_icon,unverified; filename/path clue only
ActionRPGStarterSystem/InventorySystem/DA_InventoryItems.uasset,.uasset,107327,ActionRPGStarterSystem,data_schema_or_interface,unverified; filename/path clue only
ActionRPGStarterSystem/InventorySystem/EquipmentSets/DT_EquipmentSets.uasset,.uasset,5799,ActionRPGStarterSystem,texture,unverified; filename/path clue only
ActionRPGStarterSystem/InventorySystem/EquipmentSets/S_EquipmentSetInfo.uasset,.uasset,6021,ActionRPGStarterSystem,data_schema_or_interface,unverified; filename/path clue only
ActionRPGStarterSystem/InventorySystem/EquipmentSets/S_EquipmentSetPerNum.uasset,.uasset,5067,ActionRPGStarterSystem,data_schema_or_interface,unverified; filename/path clue only
ActionRPGStarterSystem/InventorySystem/EquipmentSets/S_EquipmentSetTracker.uasset,.uasset,4571,ActionRPGStarterSystem,data_schema_or_interface,unverified; filename/path clue only
ActionRPGStarterSystem/InventorySystem/JigSaw/Data/ARPGBPFuncLib.uasset,.uasset,675016,ActionRPGStarterSystem,other_content,unverified; filename/path clue only
ActionRPGStarterSystem/InventorySystem/JigSaw/Data/ARPGMacroLib.uasset,.uasset,172728,ActionRPGStarterSystem,other_content,unverified; filename/path clue only
ActionRPGStarterSystem/InventorySystem/JigSaw/Data/ARPGMacroLibCom.uasset,.uasset,122536,ActionRPGStarterSystem,other_content,unverified; filename/path clue only
ActionRPGStarterSystem/InventorySystem/JigSaw/Data/Enums/ContainerType.uasset,.uasset,2287,ActionRPGStarterSystem,other_content,unverified; filename/path clue only
ActionRPGStarterSystem/InventorySystem/JigSaw/Data/Enums/E_ActionbarSlots.uasset,.uasset,5972,ActionRPGStarterSystem,data_schema_or_interface,unverified; filename/path clue only
ActionRPGStarterSystem/InventorySystem/JigSaw/Data/Enums/E_SkillExecType.uasset,.uasset,4145,ActionRPGStarterSystem,data_schema_or_interface,unverified; filename/path clue only
ActionRPGStarterSystem/InventorySystem/JigSaw/Data/Enums/EquipmentRestriction.uasset,.uasset,2778,ActionRPGStarterSystem,other_content,unverified; filename/path clue only
ActionRPGStarterSystem/InventorySystem/JigSaw/Data/Enums/EquipmentSlots.uasset,.uasset,7813,ActionRPGStarterSystem,other_content,unverified; filename/path clue only
ActionRPGStarterSystem/InventorySystem/JigSaw/Data/Enums/JSecondaryType.uasset,.uasset,15885,ActionRPGStarterSystem,other_content,unverified; filename/path clue only
ActionRPGStarterSystem/InventorySystem/JigSaw/Data/Enums/JSItemType.uasset,.uasset,9683,ActionRPGStarterSystem,other_content,unverified; filename/path clue only
ActionRPGStarterSystem/InventorySystem/JigSaw/Data/Enums/MouseKeys.uasset,.uasset,2657,ActionRPGStarterSystem,other_content,unverified; filename/path clue only
ActionRPGStarterSystem/InventorySystem/JigSaw/Data/Enums/PlayModes.uasset,.uasset,2227,ActionRPGStarterSystem,other_content,unverified; filename/path clue only
ActionRPGStarterSystem/InventorySystem/JigSaw/Data/Stats/DA_StatList.uasset,.uasset,19908,ActionRPGStarterSystem,data_schema_or_interface,unverified; filename/path clue only
ActionRPGStarterSystem/InventorySystem/JigSaw/Data/Stats/S_RequiredStat.uasset,.uasset,5028,ActionRPGStarterSystem,data_schema_or_interface,unverified; filename/path clue only
ActionRPGStarterSystem/InventorySystem/JigSaw/Data/Stats/S_StatGained.uasset,.uasset,5012,ActionRPGStarterSystem,data_schema_or_interface,unverified; filename/path clue only
ActionRPGStarterSystem/InventorySystem/JigSaw/Data/Stats/S_StatInfo.uasset,.uasset,13183,ActionRPGStarterSystem,data_schema_or_interface,unverified; filename/path clue only
ActionRPGStarterSystem/InventorySystem/JigSaw/Data/Stats/StatDataAsset.uasset,.uasset,58290,ActionRPGStarterSystem,data_schema_or_interface,unverified; filename/path clue only
ActionRPGStarterSystem/InventorySystem/JigSaw/Data/Structs/CharacterCurrency.uasset,.uasset,5411,ActionRPGStarterSystem,other_content,unverified; filename/path clue only
ActionRPGStarterSystem/InventorySystem/JigSaw/Data/Structs/ContainerItems.uasset,.uasset,9981,ActionRPGStarterSystem,other_content,unverified; filename/path clue only
ActionRPGStarterSystem/InventorySystem/JigSaw/Data/Structs/ContainerPickupsInfo.uasset,.uasset,23144,ActionRPGStarterSystem,other_content,unverified; filename/path clue only
ActionRPGStarterSystem/InventorySystem/JigSaw/Data/Structs/DefaultItemInfo.uasset,.uasset,5731,ActionRPGStarterSystem,other_content,unverified; filename/path clue only
ActionRPGStarterSystem/InventorySystem/JigSaw/Data/Structs/EquipmentStatus.uasset,.uasset,16595,ActionRPGStarterSystem,data_schema_or_interface,unverified; filename/path clue only
ActionRPGStarterSystem/InventorySystem/JigSaw/Data/Structs/EquippedMeshS.uasset,.uasset,7190,ActionRPGStarterSystem,other_content,unverified; filename/path clue only
ActionRPGStarterSystem/InventorySystem/JigSaw/Data/Structs/FItemInfo.uasset,.uasset,50175,ActionRPGStarterSystem,other_content,unverified; filename/path clue only
ActionRPGStarterSystem/InventorySystem/JigSaw/Data/Structs/ItemStats.uasset,.uasset,5952,ActionRPGStarterSystem,data_schema_or_interface,unverified; filename/path clue only
ActionRPGStarterSystem/InventorySystem/JigSaw/Data/Structs/PendingAdd.uasset,.uasset,5871,ActionRPGStarterSystem,other_content,unverified; filename/path clue only
ActionRPGStarterSystem/InventorySystem/JigSaw/Data/Structs/S_EquipmentSetup.uasset,.uasset,7367,ActionRPGStarterSystem,data_schema_or_interface,unverified; filename/path clue only
ActionRPGStarterSystem/InventorySystem/JigSaw/Data/Structs/S_StatsArray.uasset,.uasset,4953,ActionRPGStarterSystem,data_schema_or_interface,unverified; filename/path clue only
ActionRPGStarterSystem/InventorySystem/JigSaw/Data/Structs/StartingItems.uasset,.uasset,5895,ActionRPGStarterSystem,other_content,unverified; filename/path clue only
ActionRPGStarterSystem/InventorySystem/JigSaw/Materials/M_SlotFrame.uasset,.uasset,73821,ActionRPGStarterSystem,material,unverified; filename/path clue only
ActionRPGStarterSystem/InventorySystem/JigSaw/Materials/M_SlotMat.uasset,.uasset,72474,ActionRPGStarterSystem,material,unverified; filename/path clue only
ActionRPGStarterSystem/InventorySystem/JigSaw/PickupSystem/BP_MainPickupClass.uasset,.uasset,370913,ActionRPGStarterSystem,blueprint_system_candidate,unverified; filename/path clue only
ActionRPGStarterSystem/InventorySystem/JigSaw/PickupSystem/BP_MainPickupClass_SM.uasset,.uasset,93083,ActionRPGStarterSystem,blueprint_system_candidate,unverified; filename/path clue only
ActionRPGStarterSystem/InventorySystem/JigSaw/PickupSystem/BP_NameVisibility.uasset,.uasset,218285,ActionRPGStarterSystem,blueprint_system_candidate,unverified; filename/path clue only
ActionRPGStarterSystem/InventorySystem/JigSaw/PickupSystem/BP_OutlineInterface.uasset,.uasset,18724,ActionRPGStarterSystem,blueprint_system_candidate,unverified; filename/path clue only
ActionRPGStarterSystem/InventorySystem/JigSaw/PickupSystem/BP_PickupComponent.uasset,.uasset,586537,ActionRPGStarterSystem,blueprint_system_candidate,unverified; filename/path clue only
ActionRPGStarterSystem/InventorySystem/JigSaw/PickupSystem/BP_PickupInterface.uasset,.uasset,21852,ActionRPGStarterSystem,blueprint_system_candidate,unverified; filename/path clue only
ActionRPGStarterSystem/InventorySystem/JigSaw/PickupSystem/Data/AttachmentInfo.uasset,.uasset,4522,ActionRPGStarterSystem,other_content,unverified; filename/path clue only
ActionRPGStarterSystem/InventorySystem/JigSaw/PickupSystem/Data/PickupAttachments.uasset,.uasset,4108,ActionRPGStarterSystem,other_content,unverified; filename/path clue only
ActionRPGStarterSystem/InventorySystem/JigSaw/Sounds/Cue_GMoved.uasset,.uasset,4350,ActionRPGStarterSystem,audio_asset_or_mixer,unverified; filename/path clue only
ActionRPGStarterSystem/InventorySystem/JigSaw/Sounds/Cue_GPicked.uasset,.uasset,4303,ActionRPGStarterSystem,audio_asset_or_mixer,unverified; filename/path clue only
ActionRPGStarterSystem/InventorySystem/JigSaw/Sounds/Cue_ItemDropped.uasset,.uasset,4329,ActionRPGStarterSystem,audio_asset_or_mixer,unverified; filename/path clue only
ActionRPGStarterSystem/InventorySystem/JigSaw/Sounds/Cue_ItemMoved.uasset,.uasset,4317,ActionRPGStarterSystem,audio_asset_or_mixer,unverified; filename/path clue only
ActionRPGStarterSystem/InventorySystem/JigSaw/Sounds/Cue_ItemPicked.uasset,.uasset,4324,ActionRPGStarterSystem,audio_asset_or_mixer,unverified; filename/path clue only
ActionRPGStarterSystem/InventorySystem/JigSaw/Sounds/Cue_MeleePicked.uasset,.uasset,4331,ActionRPGStarterSystem,audio_asset_or_mixer,unverified; filename/path clue only
ActionRPGStarterSystem/InventorySystem/JigSaw/Sounds/Cue_VendorSound1.uasset,.uasset,4338,ActionRPGStarterSystem,audio_asset_or_mixer,unverified; filename/path clue only
ActionRPGStarterSystem/InventorySystem/JigSaw/Sounds/WAV/WAV_GMoved.uasset,.uasset,105619,ActionRPGStarterSystem,audio_asset_or_mixer,unverified; filename/path clue only
ActionRPGStarterSystem/InventorySystem/JigSaw/Sounds/WAV/WAV_GPicked.uasset,.uasset,54114,ActionRPGStarterSystem,audio_asset_or_mixer,unverified; filename/path clue only
ActionRPGStarterSystem/InventorySystem/JigSaw/Sounds/WAV/WAV_ItemDopped.uasset,.uasset,35710,ActionRPGStarterSystem,audio_asset_or_mixer,unverified; filename/path clue only
ActionRPGStarterSystem/InventorySystem/JigSaw/Sounds/WAV/WAV_ItemMoved.uasset,.uasset,107355,ActionRPGStarterSystem,audio_asset_or_mixer,unverified; filename/path clue only
ActionRPGStarterSystem/InventorySystem/JigSaw/Sounds/WAV/WAV_ItemPicked.uasset,.uasset,72509,ActionRPGStarterSystem,audio_asset_or_mixer,unverified; filename/path clue only
ActionRPGStarterSystem/InventorySystem/JigSaw/Sounds/WAV/WAV_MeleePicked.uasset,.uasset,72757,ActionRPGStarterSystem,audio_asset_or_mixer,unverified; filename/path clue only
ActionRPGStarterSystem/InventorySystem/JigSaw/Sounds/WAV/WAV_VendorSound1.uasset,.uasset,79834,ActionRPGStarterSystem,audio_asset_or_mixer,unverified; filename/path clue only
ActionRPGStarterSystem/InventorySystem/JigSaw/Widgets/BP_ContainerCanvas.uasset,.uasset,259555,ActionRPGStarterSystem,ui_widget_or_icon,unverified; filename/path clue only
ActionRPGStarterSystem/InventorySystem/JigSaw/Widgets/BP_DisplayName.uasset,.uasset,393509,ActionRPGStarterSystem,ui_widget_or_icon,unverified; filename/path clue only
ActionRPGStarterSystem/InventorySystem/JigSaw/Widgets/BP_DropItemAmountSelector.uasset,.uasset,239098,ActionRPGStarterSystem,ui_widget_or_icon,unverified; filename/path clue only
ActionRPGStarterSystem/InventorySystem/JigSaw/Widgets/BP_DropItemBackGwidget.uasset,.uasset,151652,ActionRPGStarterSystem,ui_widget_or_icon,unverified; filename/path clue only
ActionRPGStarterSystem/InventorySystem/JigSaw/Widgets/BP_EquipmentSlotTitle.uasset,.uasset,89799,ActionRPGStarterSystem,ui_widget_or_icon,unverified; filename/path clue only
ActionRPGStarterSystem/InventorySystem/JigSaw/Widgets/BP_JigContainer.uasset,.uasset,7781875,ActionRPGStarterSystem,ui_widget_or_icon,unverified; filename/path clue only
ActionRPGStarterSystem/InventorySystem/JigSaw/Widgets/BP_JigSlot.uasset,.uasset,4066009,ActionRPGStarterSystem,ui_widget_or_icon,unverified; filename/path clue only
ActionRPGStarterSystem/InventorySystem/JigSaw/Widgets/BP_PickupInfo.uasset,.uasset,699547,ActionRPGStarterSystem,ui_widget_or_icon,unverified; filename/path clue only
ActionRPGStarterSystem/InventorySystem/JigSaw/Widgets/BP_TradeWindow.uasset,.uasset,895081,ActionRPGStarterSystem,ui_widget_or_icon,unverified; filename/path clue only
ActionRPGStarterSystem/InventorySystem/JigSaw/Widgets/ContainerWindow/BP_ContainerWindowWidget.uasset,.uasset,338586,ActionRPGStarterSystem,ui_widget_or_icon,unverified; filename/path clue only
ActionRPGStarterSystem/InventorySystem/JigSaw/Widgets/ContextMenu/BP_ContextComp.uasset,.uasset,494220,ActionRPGStarterSystem,ui_widget_or_icon,unverified; filename/path clue only
ActionRPGStarterSystem/InventorySystem/JigSaw/Widgets/ContextMenu/BP_ContextMenuW.uasset,.uasset,194401,ActionRPGStarterSystem,ui_widget_or_icon,unverified; filename/path clue only
ActionRPGStarterSystem/InventorySystem/JigSaw/Widgets/ContextMenu/BP_ContextOptionW.uasset,.uasset,103692,ActionRPGStarterSystem,ui_widget_or_icon,unverified; filename/path clue only
ActionRPGStarterSystem/InventorySystem/JigSaw/Widgets/ContextMenu/BP_JigConfirmationWidget.uasset,.uasset,114426,ActionRPGStarterSystem,ui_widget_or_icon,unverified; filename/path clue only
ActionRPGStarterSystem/InventorySystem/JigSaw/Widgets/ContextMenu/BP_MessageWidget.uasset,.uasset,55363,ActionRPGStarterSystem,ui_widget_or_icon,unverified; filename/path clue only
ActionRPGStarterSystem/InventorySystem/JigSaw/Widgets/ContextMenu/ContextOptions.uasset,.uasset,8114,ActionRPGStarterSystem,ui_widget_or_icon,unverified; filename/path clue only
ActionRPGStarterSystem/InventorySystem/JigSaw/Widgets/HoverDrag/Drag/BP_DragWidget.uasset,.uasset,505494,ActionRPGStarterSystem,ui_widget_or_icon,unverified; filename/path clue only
ActionRPGStarterSystem/InventorySystem/JigSaw/Widgets/HoverDrag/Drag/BP_JigSDragOperation.uasset,.uasset,10831,ActionRPGStarterSystem,ui_widget_or_icon,unverified; filename/path clue only
ActionRPGStarterSystem/InventorySystem/JigSaw/Widgets/HoverDrag/Drag/BP_JigSplitWidget.uasset,.uasset,395691,ActionRPGStarterSystem,ui_widget_or_icon,unverified; filename/path clue only
ActionRPGStarterSystem/InventorySystem/JigSaw/Widgets/HoverDrag/Hover/BP_EquipmentSetName.uasset,.uasset,51989,ActionRPGStarterSystem,ui_widget_or_icon,unverified; filename/path clue only
ActionRPGStarterSystem/InventorySystem/JigSaw/Widgets/HoverDrag/Hover/BP_EquipmentSetsInfo.uasset,.uasset,258778,ActionRPGStarterSystem,ui_widget_or_icon,unverified; filename/path clue only
ActionRPGStarterSystem/InventorySystem/JigSaw/Widgets/HoverDrag/Hover/BP_EquipmentSetStats.uasset,.uasset,117286,ActionRPGStarterSystem,ui_widget_or_icon,unverified; filename/path clue only
ActionRPGStarterSystem/InventorySystem/JigSaw/Widgets/HoverDrag/Hover/BP_OnHoverTooltipWidget.uasset,.uasset,733667,ActionRPGStarterSystem,ui_widget_or_icon,unverified; filename/path clue only
ActionRPGStarterSystem/InventorySystem/JigSaw/Widgets/HoverDrag/Hover/BP_StatsW.uasset,.uasset,195271,ActionRPGStarterSystem,ui_widget_or_icon,unverified; filename/path clue only
ActionRPGStarterSystem/InventorySystem/JigSaw/Widgets/Images/NewWidgetBlueprint.uasset,.uasset,29419,ActionRPGStarterSystem,ui_widget_or_icon,unverified; filename/path clue only
ActionRPGStarterSystem/InventorySystem/JigSaw/Widgets/Images/T_EmptySlotG.uasset,.uasset,5967,ActionRPGStarterSystem,ui_widget_or_icon,unverified; filename/path clue only
ActionRPGStarterSystem/InventorySystem/JigSaw/Widgets/Images/T_EmptySlotG_Circular.uasset,.uasset,16304,ActionRPGStarterSystem,ui_widget_or_icon,unverified; filename/path clue only
ActionRPGStarterSystem/InventorySystem/JigSaw/Widgets/Images/T_EmptySlotG_Circular_White.uasset,.uasset,11325,ActionRPGStarterSystem,ui_widget_or_icon,unverified; filename/path clue only
ActionRPGStarterSystem/InventorySystem/JigSaw/Widgets/Images/T_SlotBackG.uasset,.uasset,6459,ActionRPGStarterSystem,ui_widget_or_icon,unverified; filename/path clue only
ActionRPGStarterSystem/InventorySystem/JigSaw/Widgets/Images/T_SlotBackGFrame.uasset,.uasset,7828,ActionRPGStarterSystem,ui_widget_or_icon,unverified; filename/path clue only
ActionRPGStarterSystem/InventorySystem/JigSaw/Widgets/Images/T_SlotFrame.uasset,.uasset,6129,ActionRPGStarterSystem,ui_widget_or_icon,unverified; filename/path clue only
ActionRPGStarterSystem/InventorySystem/JigSaw/Widgets/Images/T_SlotFrameRec2.uasset,.uasset,6401,ActionRPGStarterSystem,ui_widget_or_icon,unverified; filename/path clue only
ActionRPGStarterSystem/InventorySystem/JigSaw/Widgets/Images/T_SlotFrameRect.uasset,.uasset,6554,ActionRPGStarterSystem,ui_widget_or_icon,unverified; filename/path clue only
ActionRPGStarterSystem/InventorySystem/JigSaw/Widgets/SpecialContainers/BP_JSISpecialWidgetInterface.uasset,.uasset,18139,ActionRPGStarterSystem,ui_widget_or_icon,unverified; filename/path clue only
ActionRPGStarterSystem/InventorySystem/JigSaw/Widgets/SpecialContainers/BP_SpecialContainer1.uasset,.uasset,63199,ActionRPGStarterSystem,ui_widget_or_icon,unverified; filename/path clue only
ActionRPGStarterSystem/InventorySystem/JSIStatsColors.uasset,.uasset,25590,ActionRPGStarterSystem,data_schema_or_interface,unverified; filename/path clue only
ActionRPGStarterSystem/InventorySystem/MPContainers/BP_PersonalStash.uasset,.uasset,30485,ActionRPGStarterSystem,blueprint_system_candidate,unverified; filename/path clue only
ActionRPGStarterSystem/InventorySystem/MPContainers/BP_PersonalStashTriggerBox.uasset,.uasset,82119,ActionRPGStarterSystem,blueprint_system_candidate,unverified; filename/path clue only
ActionRPGStarterSystem/InventorySystem/MPContainers/BP_Stash.uasset,.uasset,35585,ActionRPGStarterSystem,blueprint_system_candidate,unverified; filename/path clue only
ActionRPGStarterSystem/InventorySystem/MPContainers/BP_WorldContainerSave.uasset,.uasset,124103,ActionRPGStarterSystem,blueprint_system_candidate,unverified; filename/path clue only
ActionRPGStarterSystem/InventorySystem/MPContainers/BP_WorldContainerSaveClass.uasset,.uasset,10841,ActionRPGStarterSystem,blueprint_system_candidate,unverified; filename/path clue only
ActionRPGStarterSystem/InventorySystem/MPContainers/Data/MPContainerItems.uasset,.uasset,8779,ActionRPGStarterSystem,other_content,unverified; filename/path clue only
ActionRPGStarterSystem/InventorySystem/MPContainers/Data/MpContentRep.uasset,.uasset,13307,ActionRPGStarterSystem,other_content,unverified; filename/path clue only
ActionRPGStarterSystem/InventorySystem/MPContainers/Data/ServerSlotInfo.uasset,.uasset,5705,ActionRPGStarterSystem,other_content,unverified; filename/path clue only
ActionRPGStarterSystem/InventorySystem/MPContainers/Data/ServerSlotInfoArray.uasset,.uasset,7212,ActionRPGStarterSystem,other_content,unverified; filename/path clue only
ActionRPGStarterSystem/InventorySystem/MPContainers/JigSawComponent.uasset,.uasset,602159,ActionRPGStarterSystem,other_content,unverified; filename/path clue only
ActionRPGStarterSystem/InventorySystem/MPContainers/MP_WorldContainer.uasset,.uasset,1739356,ActionRPGStarterSystem,other_content,unverified; filename/path clue only
ActionRPGStarterSystem/InventorySystem/MPContainers/Widget/BP_InGameContainerWidget.uasset,.uasset,20048,ActionRPGStarterSystem,blueprint_system_candidate,unverified; filename/path clue only
ActionRPGStarterSystem/InventorySystem/MPContainers/Widget/BP_MPContainerWidget.uasset,.uasset,15668,ActionRPGStarterSystem,blueprint_system_candidate,unverified; filename/path clue only
ActionRPGStarterSystem/InventorySystem/PrimaryDA_InventoryItems.uasset,.uasset,250755,ActionRPGStarterSystem,data_schema_or_interface,unverified; filename/path clue only
ActionRPGStarterSystem/InventorySystem/SaveSystem/BP_ConfirmationWidget.uasset,.uasset,105111,ActionRPGStarterSystem,blueprint_system_candidate,unverified; filename/path clue only
ActionRPGStarterSystem/InventorySystem/SaveSystem/BP_FadeOutW.uasset,.uasset,46168,ActionRPGStarterSystem,blueprint_system_candidate,unverified; filename/path clue only
ActionRPGStarterSystem/InventorySystem/SaveSystem/BP_JigServerSave.uasset,.uasset,580554,ActionRPGStarterSystem,blueprint_system_candidate,unverified; filename/path clue only
ActionRPGStarterSystem/InventorySystem/SaveSystem/S_ServerSave.uasset,.uasset,20800,ActionRPGStarterSystem,data_schema_or_interface,unverified; filename/path clue only
ActionRPGStarterSystem/InventorySystem/SaveSystem/SaveData.uasset,.uasset,21213,ActionRPGStarterSystem,other_content,unverified; filename/path clue only
ActionRPGStarterSystem/InventorySystem/SaveSystem/UpdateInventoryItemStatus.uasset,.uasset,5474,ActionRPGStarterSystem,data_schema_or_interface,unverified; filename/path clue only
ActionRPGStarterSystem/InventorySystem/Vendor/BP_VendorArmor_Child.uasset,.uasset,44899,ActionRPGStarterSystem,blueprint_system_candidate,unverified; filename/path clue only
ActionRPGStarterSystem/InventorySystem/Vendor/BP_VendorConsumables_Child.uasset,.uasset,43075,ActionRPGStarterSystem,blueprint_system_candidate,unverified; filename/path clue only
ActionRPGStarterSystem/InventorySystem/Vendor/BP_VendorJewellery_Child.uasset,.uasset,43200,ActionRPGStarterSystem,blueprint_system_candidate,unverified; filename/path clue only
ActionRPGStarterSystem/InventorySystem/Vendor/BP_VendorMain.uasset,.uasset,482913,ActionRPGStarterSystem,blueprint_system_candidate,unverified; filename/path clue only
ActionRPGStarterSystem/InventorySystem/Vendor/BP_VendorWeapons_Child.uasset,.uasset,44893,ActionRPGStarterSystem,blueprint_system_candidate,unverified; filename/path clue only
ActionRPGStarterSystem/InventorySystem/Vendor/Data/VendorItems.uasset,.uasset,7737,ActionRPGStarterSystem,other_content,unverified; filename/path clue only
ActionRPGStarterSystem/InventorySystem/Vendor/Widgets/BP_JigVendorItem.uasset,.uasset,251648,ActionRPGStarterSystem,ui_widget_or_icon,unverified; filename/path clue only
ActionRPGStarterSystem/InventorySystem/Vendor/Widgets/BP_VendorWidget.uasset,.uasset,465748,ActionRPGStarterSystem,ui_widget_or_icon,unverified; filename/path clue only
ActionRPGStarterSystem/KaiLevel.umap,.umap,9037,ActionRPGStarterSystem,demo_map_or_environment,confirmed by file extension (.umap)
ActionRPGStarterSystem/Maps/AIHordeMapTest.umap,.umap,293209,ActionRPGStarterSystem,demo_map_or_environment,confirmed by file extension (.umap)
ActionRPGStarterSystem/Maps/AITestMap.umap,.umap,460108,ActionRPGStarterSystem,demo_map_or_environment,confirmed by file extension (.umap)
ActionRPGStarterSystem/Maps/AITestMap_Empty.umap,.umap,84219,ActionRPGStarterSystem,demo_map_or_environment,confirmed by file extension (.umap)
ActionRPGStarterSystem/Maps/Map_Lobby.umap,.umap,125696,ActionRPGStarterSystem,demo_map_or_environment,confirmed by file extension (.umap)
ActionRPGStarterSystem/Maps/OpenWorldLevel_HLOD0_Instancing.uasset,.uasset,1631,ActionRPGStarterSystem,demo_map_or_environment,unverified; filename/path clue only
ActionRPGStarterSystem/Maps/TopDownExampleMap.umap,.umap,1068375,ActionRPGStarterSystem,demo_map_or_environment,confirmed by file extension (.umap)
ActionRPGStarterSystem/Maps/TopDownExampleMap_BuiltData.uasset,.uasset,9290664,ActionRPGStarterSystem,demo_map_or_environment,unverified; filename/path clue only
ActionRPGStarterSystem/Materials/M_AxeBlade.uasset,.uasset,93971,ActionRPGStarterSystem,material,unverified; filename/path clue only
ActionRPGStarterSystem/Materials/M_EmissiveColor.uasset,.uasset,78811,ActionRPGStarterSystem,material,unverified; filename/path clue only
ActionRPGStarterSystem/Materials/M_PreviewBackground.uasset,.uasset,86337,ActionRPGStarterSystem,material,unverified; filename/path clue only
ActionRPGStarterSystem/Materials/M_SimpleColor.uasset,.uasset,89255,ActionRPGStarterSystem,material,unverified; filename/path clue only
ActionRPGStarterSystem/Materials/M_SimpleColor_Inst.uasset,.uasset,118395,ActionRPGStarterSystem,material,unverified; filename/path clue only
ActionRPGStarterSystem/Materials/M_SimpleColor_Inst1.uasset,.uasset,122095,ActionRPGStarterSystem,material,unverified; filename/path clue only
ActionRPGStarterSystem/Materials/M_SimpleColor_Inst10.uasset,.uasset,116790,ActionRPGStarterSystem,material,unverified; filename/path clue only
ActionRPGStarterSystem/Materials/M_SimpleColor_Inst2.uasset,.uasset,117141,ActionRPGStarterSystem,material,unverified; filename/path clue only
ActionRPGStarterSystem/Materials/M_SimpleColor_Inst3.uasset,.uasset,92013,ActionRPGStarterSystem,material,unverified; filename/path clue only
ActionRPGStarterSystem/Materials/M_SimpleColor_Inst4.uasset,.uasset,114027,ActionRPGStarterSystem,material,unverified; filename/path clue only
ActionRPGStarterSystem/Materials/M_SimpleColor_Inst5.uasset,.uasset,106340,ActionRPGStarterSystem,material,unverified; filename/path clue only
ActionRPGStarterSystem/Materials/M_SimpleColor_Inst6.uasset,.uasset,111407,ActionRPGStarterSystem,material,unverified; filename/path clue only
ActionRPGStarterSystem/Materials/M_SimpleColor_Inst7.uasset,.uasset,94463,ActionRPGStarterSystem,material,unverified; filename/path clue only
ActionRPGStarterSystem/Materials/M_SimpleColor_Inst8.uasset,.uasset,112094,ActionRPGStarterSystem,material,unverified; filename/path clue only
ActionRPGStarterSystem/Materials/M_SimpleColor_Inst9.uasset,.uasset,112651,ActionRPGStarterSystem,material,unverified; filename/path clue only
ActionRPGStarterSystem/Materials/M_wood.uasset,.uasset,108275,ActionRPGStarterSystem,material,unverified; filename/path clue only
ActionRPGStarterSystem/Materials/Outline/M_OutlineCustomDepth.uasset,.uasset,133730,ActionRPGStarterSystem,material,unverified; filename/path clue only
ActionRPGStarterSystem/Materials/Outline/M_OutlineCustomDepth_Inst.uasset,.uasset,104899,ActionRPGStarterSystem,material,unverified; filename/path clue only
ActionRPGStarterSystem/Minimap/BP_Minimap.uasset,.uasset,17392,ActionRPGStarterSystem,blueprint_system_candidate,unverified; filename/path clue only
ActionRPGStarterSystem/Minimap/BP_OverviewMap.uasset,.uasset,29175,ActionRPGStarterSystem,blueprint_system_candidate,unverified; filename/path clue only
ActionRPGStarterSystem/Minimap/Material/M_MinimapMat.uasset,.uasset,22972,ActionRPGStarterSystem,material,unverified; filename/path clue only
ActionRPGStarterSystem/Minimap/MinimapTextureCaptro/BP_MinimapSceneCap.uasset,.uasset,48756,ActionRPGStarterSystem,blueprint_system_candidate,unverified; filename/path clue only
ActionRPGStarterSystem/Minimap/MinimapTextureCaptro/T_MinimapRT.uasset,.uasset,3550,ActionRPGStarterSystem,texture,unverified; filename/path clue only
ActionRPGStarterSystem/Minimap/MinimapTextureCaptro/T_MinimapRT_Tex.uasset,.uasset,956136,ActionRPGStarterSystem,texture,unverified; filename/path clue only
ActionRPGStarterSystem/Minimap/Textures/T_Dot.uasset,.uasset,6962,ActionRPGStarterSystem,texture,unverified; filename/path clue only
ActionRPGStarterSystem/Minimap/Textures/T_LocationPointer.uasset,.uasset,34431,ActionRPGStarterSystem,texture,unverified; filename/path clue only
ActionRPGStarterSystem/Minimap/Textures/T_PositionIndic.uasset,.uasset,15888,ActionRPGStarterSystem,texture,unverified; filename/path clue only
ActionRPGStarterSystem/Minimap/Textures/T_Treasure.uasset,.uasset,53058,ActionRPGStarterSystem,texture,unverified; filename/path clue only
ActionRPGStarterSystem/Minimap/Widgets/BP_MinimapPOI.uasset,.uasset,134759,ActionRPGStarterSystem,ui_widget_or_icon,unverified; filename/path clue only
ActionRPGStarterSystem/Minimap/Widgets/BP_MinimapW.uasset,.uasset,710719,ActionRPGStarterSystem,ui_widget_or_icon,unverified; filename/path clue only
ActionRPGStarterSystem/Mounts/BP_FlyingMount.uasset,.uasset,583132,ActionRPGStarterSystem,blueprint_system_candidate,unverified; filename/path clue only
ActionRPGStarterSystem/Mounts/BP_Mount.uasset,.uasset,979206,ActionRPGStarterSystem,blueprint_system_candidate,unverified; filename/path clue only
ActionRPGStarterSystem/Mounts/BP_MountAIController.uasset,.uasset,21275,ActionRPGStarterSystem,blueprint_system_candidate,unverified; filename/path clue only
ActionRPGStarterSystem/Mounts/IT_MountInterface.uasset,.uasset,31326,ActionRPGStarterSystem,texture,unverified; filename/path clue only
ActionRPGStarterSystem/OtherBlueprints/BP_DamageTaken.uasset,.uasset,119202,ActionRPGStarterSystem,blueprint_system_candidate,unverified; filename/path clue only
ActionRPGStarterSystem/OtherBlueprints/BP_TeleportActor.uasset,.uasset,98031,ActionRPGStarterSystem,blueprint_system_candidate,unverified; filename/path clue only
ActionRPGStarterSystem/OtherBlueprints/Guild/BP_GuildCreator.uasset,.uasset,24604,ActionRPGStarterSystem,blueprint_system_candidate,unverified; filename/path clue only
ActionRPGStarterSystem/OtherBlueprints/Guild/Data/E_GuildRanks.uasset,.uasset,4937,ActionRPGStarterSystem,data_schema_or_interface,unverified; filename/path clue only
ActionRPGStarterSystem/OtherBlueprints/Guild/Data/S_GuildInfo.uasset,.uasset,5864,ActionRPGStarterSystem,data_schema_or_interface,unverified; filename/path clue only
ActionRPGStarterSystem/OtherBlueprints/Guild/Data/S_GuildLogoImages.uasset,.uasset,9343,ActionRPGStarterSystem,data_schema_or_interface,unverified; filename/path clue only
ActionRPGStarterSystem/OtherBlueprints/Guild/Data/S_RepGuildMember.uasset,.uasset,5873,ActionRPGStarterSystem,data_schema_or_interface,unverified; filename/path clue only
ActionRPGStarterSystem/OtherBlueprints/Guild/Images/T_UELogo0.uasset,.uasset,12690,ActionRPGStarterSystem,ui_widget_or_icon,unverified; filename/path clue only
ActionRPGStarterSystem/OtherBlueprints/Guild/Images/T_UELogo1.uasset,.uasset,13774,ActionRPGStarterSystem,ui_widget_or_icon,unverified; filename/path clue only
ActionRPGStarterSystem/OtherBlueprints/Guild/Images/T_UELogo2.uasset,.uasset,13572,ActionRPGStarterSystem,ui_widget_or_icon,unverified; filename/path clue only
ActionRPGStarterSystem/OtherBlueprints/Guild/Images/T_UELogo3.uasset,.uasset,13217,ActionRPGStarterSystem,ui_widget_or_icon,unverified; filename/path clue only
ActionRPGStarterSystem/OtherBlueprints/Guild/Images/T_UELogo4.uasset,.uasset,13032,ActionRPGStarterSystem,ui_widget_or_icon,unverified; filename/path clue only
ActionRPGStarterSystem/OtherBlueprints/Guild/Images/T_UELogo5.uasset,.uasset,13195,ActionRPGStarterSystem,ui_widget_or_icon,unverified; filename/path clue only
ActionRPGStarterSystem/OtherBlueprints/Guild/Images/T_UELogo6.uasset,.uasset,13160,ActionRPGStarterSystem,ui_widget_or_icon,unverified; filename/path clue only
ActionRPGStarterSystem/OtherBlueprints/Guild/Widgets/BP_GuildCreatorLogo.uasset,.uasset,71803,ActionRPGStarterSystem,ui_widget_or_icon,unverified; filename/path clue only
ActionRPGStarterSystem/OtherBlueprints/Guild/Widgets/BP_GuildCreatorWidget.uasset,.uasset,250786,ActionRPGStarterSystem,ui_widget_or_icon,unverified; filename/path clue only
ActionRPGStarterSystem/OtherBlueprints/Guild/Widgets/BP_GuildMember.uasset,.uasset,217483,ActionRPGStarterSystem,ui_widget_or_icon,unverified; filename/path clue only
ActionRPGStarterSystem/OtherBlueprints/Guild/Widgets/BP_GuildMembersWidget.uasset,.uasset,304071,ActionRPGStarterSystem,ui_widget_or_icon,unverified; filename/path clue only
ActionRPGStarterSystem/OtherBlueprints/Guild/Widgets/BP_GuildWindow.uasset,.uasset,129332,ActionRPGStarterSystem,ui_widget_or_icon,unverified; filename/path clue only
ActionRPGStarterSystem/OtherBlueprints/IT_InteractInterface.uasset,.uasset,77914,ActionRPGStarterSystem,texture,unverified; filename/path clue only
ActionRPGStarterSystem/OtherBlueprints/LocationIndicator/BP_NextLocationIndicator.uasset,.uasset,30639,ActionRPGStarterSystem,blueprint_system_candidate,unverified; filename/path clue only
ActionRPGStarterSystem/OtherBlueprints/RandomSpawner/BP_Child_InteractiveDoor.uasset,.uasset,287429,ActionRPGStarterSystem,blueprint_system_candidate,unverified; filename/path clue only
ActionRPGStarterSystem/OtherBlueprints/RandomSpawner/BP_DoorUp.uasset,.uasset,34679,ActionRPGStarterSystem,blueprint_system_candidate,unverified; filename/path clue only
ActionRPGStarterSystem/OtherBlueprints/RandomSpawner/BP_RandomSpawner.uasset,.uasset,821152,ActionRPGStarterSystem,blueprint_system_candidate,unverified; filename/path clue only
ActionRPGStarterSystem/OtherBlueprints/RandomSpawner/BP_Respawner.uasset,.uasset,167833,ActionRPGStarterSystem,blueprint_system_candidate,unverified; filename/path clue only
ActionRPGStarterSystem/OtherBlueprints/RandomSpawner/BPChild_HarvestObject.uasset,.uasset,413495,ActionRPGStarterSystem,other_content,unverified; filename/path clue only
ActionRPGStarterSystem/OtherBlueprints/RandomSpawner/BPChild_TeleportInteract.uasset,.uasset,287406,ActionRPGStarterSystem,other_content,unverified; filename/path clue only
ActionRPGStarterSystem/OtherBlueprints/RandomSpawner/RandomSpawnCondition.uasset,.uasset,5147,ActionRPGStarterSystem,other_content,unverified; filename/path clue only
ActionRPGStarterSystem/OtherBlueprints/RandomSpawner/Structs/JigSpawnInfo.uasset,.uasset,7682,ActionRPGStarterSystem,other_content,unverified; filename/path clue only
ActionRPGStarterSystem/Pickups/Armor/ArmorType1/BP_Armor.uasset,.uasset,42912,ActionRPGStarterSystem,blueprint_system_candidate,unverified; filename/path clue only
ActionRPGStarterSystem/Pickups/Armor/ArmorType1/BP_Belt.uasset,.uasset,41811,ActionRPGStarterSystem,blueprint_system_candidate,unverified; filename/path clue only
ActionRPGStarterSystem/Pickups/Armor/ArmorType1/BP_Boots.uasset,.uasset,43067,ActionRPGStarterSystem,blueprint_system_candidate,unverified; filename/path clue only
ActionRPGStarterSystem/Pickups/Armor/ArmorType1/BP_Gloves.uasset,.uasset,43066,ActionRPGStarterSystem,blueprint_system_candidate,unverified; filename/path clue only
ActionRPGStarterSystem/Pickups/Armor/ArmorType1/BP_Helmet.uasset,.uasset,42971,ActionRPGStarterSystem,blueprint_system_candidate,unverified; filename/path clue only
ActionRPGStarterSystem/Pickups/Armor/ArmorType1/BP_Pants.uasset,.uasset,42286,ActionRPGStarterSystem,blueprint_system_candidate,unverified; filename/path clue only
ActionRPGStarterSystem/Pickups/Armor/ArmorType1/BP_Shoulder.uasset,.uasset,42152,ActionRPGStarterSystem,blueprint_system_candidate,unverified; filename/path clue only
ActionRPGStarterSystem/Pickups/Armor/BP_Armor2.uasset,.uasset,739,ActionRPGStarterSystem,blueprint_system_candidate,unverified; filename/path clue only
ActionRPGStarterSystem/Pickups/Armor/BP_Belt2.uasset,.uasset,738,ActionRPGStarterSystem,blueprint_system_candidate,unverified; filename/path clue only
ActionRPGStarterSystem/Pickups/Armor/BP_Boots2.uasset,.uasset,739,ActionRPGStarterSystem,blueprint_system_candidate,unverified; filename/path clue only
ActionRPGStarterSystem/Pickups/Armor/BP_Cape.uasset,.uasset,42098,ActionRPGStarterSystem,blueprint_system_candidate,unverified; filename/path clue only
ActionRPGStarterSystem/Pickups/Armor/BP_Gloves2.uasset,.uasset,740,ActionRPGStarterSystem,blueprint_system_candidate,unverified; filename/path clue only
ActionRPGStarterSystem/Pickups/Armor/BP_Helmet2.uasset,.uasset,740,ActionRPGStarterSystem,blueprint_system_candidate,unverified; filename/path clue only
ActionRPGStarterSystem/Pickups/Armor/BP_Pants2.uasset,.uasset,739,ActionRPGStarterSystem,blueprint_system_candidate,unverified; filename/path clue only
ActionRPGStarterSystem/Pickups/Armor/BP_Shoulder2.uasset,.uasset,742,ActionRPGStarterSystem,blueprint_system_candidate,unverified; filename/path clue only
ActionRPGStarterSystem/Pickups/CraftingResources/BP_Material1.uasset,.uasset,41927,ActionRPGStarterSystem,blueprint_system_candidate,unverified; filename/path clue only
ActionRPGStarterSystem/Pickups/CraftingResources/BP_Material10.uasset,.uasset,41618,ActionRPGStarterSystem,blueprint_system_candidate,unverified; filename/path clue only
ActionRPGStarterSystem/Pickups/CraftingResources/BP_Material2.uasset,.uasset,41922,ActionRPGStarterSystem,blueprint_system_candidate,unverified; filename/path clue only
ActionRPGStarterSystem/Pickups/CraftingResources/BP_Material3.uasset,.uasset,41593,ActionRPGStarterSystem,blueprint_system_candidate,unverified; filename/path clue only
ActionRPGStarterSystem/Pickups/CraftingResources/BP_Material4.uasset,.uasset,41593,ActionRPGStarterSystem,blueprint_system_candidate,unverified; filename/path clue only
ActionRPGStarterSystem/Pickups/CraftingResources/BP_Material5.uasset,.uasset,41593,ActionRPGStarterSystem,blueprint_system_candidate,unverified; filename/path clue only
ActionRPGStarterSystem/Pickups/CraftingResources/BP_Material6.uasset,.uasset,41593,ActionRPGStarterSystem,blueprint_system_candidate,unverified; filename/path clue only
ActionRPGStarterSystem/Pickups/CraftingResources/BP_Material7.uasset,.uasset,41593,ActionRPGStarterSystem,blueprint_system_candidate,unverified; filename/path clue only
ActionRPGStarterSystem/Pickups/CraftingResources/BP_Material8.uasset,.uasset,41593,ActionRPGStarterSystem,blueprint_system_candidate,unverified; filename/path clue only
ActionRPGStarterSystem/Pickups/CraftingResources/BP_Material9.uasset,.uasset,41593,ActionRPGStarterSystem,blueprint_system_candidate,unverified; filename/path clue only
ActionRPGStarterSystem/Pickups/Jewellery/BP_Earring.uasset,.uasset,41133,ActionRPGStarterSystem,blueprint_system_candidate,unverified; filename/path clue only
ActionRPGStarterSystem/Pickups/Jewellery/BP_Necklace.uasset,.uasset,41865,ActionRPGStarterSystem,blueprint_system_candidate,unverified; filename/path clue only
ActionRPGStarterSystem/Pickups/Jewellery/BP_Ring.uasset,.uasset,41515,ActionRPGStarterSystem,blueprint_system_candidate,unverified; filename/path clue only
ActionRPGStarterSystem/Pickups/Other/BP_CBluePotion.uasset,.uasset,42791,ActionRPGStarterSystem,blueprint_system_candidate,unverified; filename/path clue only
ActionRPGStarterSystem/Pickups/Other/BP_CRedPotion.uasset,.uasset,42158,ActionRPGStarterSystem,blueprint_system_candidate,unverified; filename/path clue only
ActionRPGStarterSystem/Pickups/Other/BP_CurrencyCopper.uasset,.uasset,73422,ActionRPGStarterSystem,blueprint_system_candidate,unverified; filename/path clue only
ActionRPGStarterSystem/Pickups/Other/BP_CurrencyGold.uasset,.uasset,72632,ActionRPGStarterSystem,blueprint_system_candidate,unverified; filename/path clue only
ActionRPGStarterSystem/Pickups/Other/BP_CurrencySilver.uasset,.uasset,73622,ActionRPGStarterSystem,blueprint_system_candidate,unverified; filename/path clue only
ActionRPGStarterSystem/Pickups/Other/BP_GreenGem.uasset,.uasset,45073,ActionRPGStarterSystem,blueprint_system_candidate,unverified; filename/path clue only
ActionRPGStarterSystem/Pickups/Other/BP_HPBottle.uasset,.uasset,41979,ActionRPGStarterSystem,blueprint_system_candidate,unverified; filename/path clue only
ActionRPGStarterSystem/Pickups/Other/BP_ManaBottle.uasset,.uasset,42546,ActionRPGStarterSystem,blueprint_system_candidate,unverified; filename/path clue only
ActionRPGStarterSystem/Pickups/Other/BP_RedGEm.uasset,.uasset,43325,ActionRPGStarterSystem,blueprint_system_candidate,unverified; filename/path clue only
ActionRPGStarterSystem/Pickups/Weapons/BP_OneHanded_Axe.uasset,.uasset,36399,ActionRPGStarterSystem,blueprint_system_candidate,unverified; filename/path clue only
ActionRPGStarterSystem/Pickups/Weapons/BP_OneHanded_Axe2.uasset,.uasset,35971,ActionRPGStarterSystem,blueprint_system_candidate,unverified; filename/path clue only
ActionRPGStarterSystem/Pickups/Weapons/BP_OneHanded_Dagger.uasset,.uasset,36368,ActionRPGStarterSystem,blueprint_system_candidate,unverified; filename/path clue only
ActionRPGStarterSystem/Pickups/Weapons/BP_OneHanded_Shield.uasset,.uasset,36193,ActionRPGStarterSystem,blueprint_system_candidate,unverified; filename/path clue only
ActionRPGStarterSystem/Pickups/Weapons/BP_OneHanded_Spear.uasset,.uasset,35994,ActionRPGStarterSystem,blueprint_system_candidate,unverified; filename/path clue only
ActionRPGStarterSystem/Pickups/Weapons/BP_OneHanded_Sword.uasset,.uasset,36297,ActionRPGStarterSystem,blueprint_system_candidate,unverified; filename/path clue only
ActionRPGStarterSystem/Pickups/Weapons/BP_TwoHanded_Bow.uasset,.uasset,24865,ActionRPGStarterSystem,blueprint_system_candidate,unverified; filename/path clue only
ActionRPGStarterSystem/Pickups/Weapons/BP_TwoHanded_Hammer.uasset,.uasset,36074,ActionRPGStarterSystem,blueprint_system_candidate,unverified; filename/path clue only
ActionRPGStarterSystem/Pickups/Weapons/BP_TwoHanded_Sword.uasset,.uasset,36115,ActionRPGStarterSystem,blueprint_system_candidate,unverified; filename/path clue only
ActionRPGStarterSystem/Pickups/Weapons/BP_TwoHandedOmegaSword.uasset,.uasset,36579,ActionRPGStarterSystem,blueprint_system_candidate,unverified; filename/path clue only
ActionRPGStarterSystem/QuestSystem/Audio/QuestDialogueAtt.uasset,.uasset,1475,ActionRPGStarterSystem,audio_asset_or_mixer,unverified; filename/path clue only
ActionRPGStarterSystem/QuestSystem/Audio/WAV/EndConvo.uasset,.uasset,50500,ActionRPGStarterSystem,audio_asset_or_mixer,unverified; filename/path clue only
ActionRPGStarterSystem/QuestSystem/Audio/WAV/EndConvo2.uasset,.uasset,78523,ActionRPGStarterSystem,audio_asset_or_mixer,unverified; filename/path clue only
ActionRPGStarterSystem/QuestSystem/Audio/WAV/NeedHelp.uasset,.uasset,104655,ActionRPGStarterSystem,audio_asset_or_mixer,unverified; filename/path clue only
ActionRPGStarterSystem/QuestSystem/Audio/WAV/ThankYou.uasset,.uasset,94311,ActionRPGStarterSystem,audio_asset_or_mixer,unverified; filename/path clue only
ActionRPGStarterSystem/QuestSystem/Audio/WAV/ThankYou2.uasset,.uasset,85957,ActionRPGStarterSystem,audio_asset_or_mixer,unverified; filename/path clue only
ActionRPGStarterSystem/QuestSystem/Audio/WAV/Welcome.uasset,.uasset,53977,ActionRPGStarterSystem,audio_asset_or_mixer,unverified; filename/path clue only
ActionRPGStarterSystem/QuestSystem/Audio/WAV/Welcome2.uasset,.uasset,65226,ActionRPGStarterSystem,audio_asset_or_mixer,unverified; filename/path clue only
ActionRPGStarterSystem/QuestSystem/Audio/WAV/Welcome3.uasset,.uasset,104137,ActionRPGStarterSystem,audio_asset_or_mixer,unverified; filename/path clue only
ActionRPGStarterSystem/QuestSystem/BP_PlayerQuestComponent.uasset,.uasset,1591348,ActionRPGStarterSystem,blueprint_system_candidate,unverified; filename/path clue only
ActionRPGStarterSystem/QuestSystem/BP_QuestGiver.uasset,.uasset,419379,ActionRPGStarterSystem,blueprint_system_candidate,unverified; filename/path clue only
ActionRPGStarterSystem/QuestSystem/BP_QuestGoToAreaOverlapBox.uasset,.uasset,51374,ActionRPGStarterSystem,blueprint_system_candidate,unverified; filename/path clue only
ActionRPGStarterSystem/QuestSystem/BP_QuestInfoComponent.uasset,.uasset,127877,ActionRPGStarterSystem,blueprint_system_candidate,unverified; filename/path clue only
ActionRPGStarterSystem/QuestSystem/ChildQuests/BP_FactionQuest.uasset,.uasset,125709,ActionRPGStarterSystem,blueprint_system_candidate,unverified; filename/path clue only
ActionRPGStarterSystem/QuestSystem/ChildQuests/BP_HarvestQuest.uasset,.uasset,51159,ActionRPGStarterSystem,blueprint_system_candidate,unverified; filename/path clue only
ActionRPGStarterSystem/QuestSystem/ChildQuests/BP_QuestAIFriendlyArcher.uasset,.uasset,97969,ActionRPGStarterSystem,blueprint_system_candidate,unverified; filename/path clue only
ActionRPGStarterSystem/QuestSystem/ChildQuests/BP_RedBeastQuest.uasset,.uasset,51722,ActionRPGStarterSystem,blueprint_system_candidate,unverified; filename/path clue only
ActionRPGStarterSystem/QuestSystem/ChildQuests/BP_SpiderKills.uasset,.uasset,50903,ActionRPGStarterSystem,blueprint_system_candidate,unverified; filename/path clue only
ActionRPGStarterSystem/QuestSystem/ChildQuests/BP_TalkToQuest.uasset,.uasset,55851,ActionRPGStarterSystem,blueprint_system_candidate,unverified; filename/path clue only
ActionRPGStarterSystem/QuestSystem/DT_Quests.uasset,.uasset,65010,ActionRPGStarterSystem,texture,unverified; filename/path clue only
ActionRPGStarterSystem/QuestSystem/Materials/M_LineFade.uasset,.uasset,16768,ActionRPGStarterSystem,material,unverified; filename/path clue only
ActionRPGStarterSystem/QuestSystem/QuestCreator/BP_QuestCreator_CopyMe.uasset,.uasset,233148,ActionRPGStarterSystem,blueprint_system_candidate,unverified; filename/path clue only
ActionRPGStarterSystem/QuestSystem/QuestCreator/BP_QuestEntry.uasset,.uasset,26945,ActionRPGStarterSystem,blueprint_system_candidate,unverified; filename/path clue only
ActionRPGStarterSystem/QuestSystem/QuestCreator/Data/E_QuestDialogueType.uasset,.uasset,4494,ActionRPGStarterSystem,data_schema_or_interface,unverified; filename/path clue only
ActionRPGStarterSystem/QuestSystem/QuestCreator/Data/E_QuestObjectiveType.uasset,.uasset,3633,ActionRPGStarterSystem,data_schema_or_interface,unverified; filename/path clue only
ActionRPGStarterSystem/QuestSystem/QuestCreator/Data/E_QuestStatus.uasset,.uasset,2737,ActionRPGStarterSystem,data_schema_or_interface,unverified; filename/path clue only
ActionRPGStarterSystem/QuestSystem/QuestCreator/Data/S_PlayerQuestStatus.uasset,.uasset,7253,ActionRPGStarterSystem,data_schema_or_interface,unverified; filename/path clue only
ActionRPGStarterSystem/QuestSystem/QuestCreator/Data/S_QuestChain.uasset,.uasset,9429,ActionRPGStarterSystem,data_schema_or_interface,unverified; filename/path clue only
ActionRPGStarterSystem/QuestSystem/QuestCreator/Data/S_QuestInfo.uasset,.uasset,21516,ActionRPGStarterSystem,data_schema_or_interface,unverified; filename/path clue only
ActionRPGStarterSystem/QuestSystem/QuestCreator/Data/S_QuestObjective.uasset,.uasset,10772,ActionRPGStarterSystem,data_schema_or_interface,unverified; filename/path clue only
ActionRPGStarterSystem/QuestSystem/QuestCreator/Data/S_RepQuestObjective.uasset,.uasset,6923,ActionRPGStarterSystem,data_schema_or_interface,unverified; filename/path clue only
ActionRPGStarterSystem/QuestSystem/QuestCreator/Other/SB_DrawBox.uasset,.uasset,14224,ActionRPGStarterSystem,other_content,unverified; filename/path clue only
ActionRPGStarterSystem/QuestSystem/QuestCreator/Quests/BP_FarmerMessage.uasset,.uasset,220681,ActionRPGStarterSystem,blueprint_system_candidate,unverified; filename/path clue only
ActionRPGStarterSystem/QuestSystem/QuestCreator/Quests/BP_HarvestSomething.uasset,.uasset,232595,ActionRPGStarterSystem,blueprint_system_candidate,unverified; filename/path clue only
ActionRPGStarterSystem/QuestSystem/QuestCreator/Quests/BP_JoinFaction.uasset,.uasset,241574,ActionRPGStarterSystem,blueprint_system_candidate,unverified; filename/path clue only
ActionRPGStarterSystem/QuestSystem/QuestCreator/Quests/BP_KillSpiders.uasset,.uasset,232944,ActionRPGStarterSystem,blueprint_system_candidate,unverified; filename/path clue only
ActionRPGStarterSystem/QuestSystem/QuestCreator/Quests/BP_QuestFriendlyArcher.uasset,.uasset,230484,ActionRPGStarterSystem,blueprint_system_candidate,unverified; filename/path clue only
ActionRPGStarterSystem/QuestSystem/QuestCreator/Quests/BP_RedBeastQuest.uasset,.uasset,233641,ActionRPGStarterSystem,blueprint_system_candidate,unverified; filename/path clue only
ActionRPGStarterSystem/QuestSystem/QuestCreator/Quests/BP_TalkToKEK.uasset,.uasset,229721,ActionRPGStarterSystem,blueprint_system_candidate,unverified; filename/path clue only
ActionRPGStarterSystem/QuestSystem/Widgets/BP_EarnedGold.uasset,.uasset,137859,ActionRPGStarterSystem,ui_widget_or_icon,unverified; filename/path clue only
ActionRPGStarterSystem/QuestSystem/Widgets/BP_QuestButton.uasset,.uasset,49251,ActionRPGStarterSystem,ui_widget_or_icon,unverified; filename/path clue only
ActionRPGStarterSystem/QuestSystem/Widgets/BP_QuestDisplay.uasset,.uasset,195878,ActionRPGStarterSystem,ui_widget_or_icon,unverified; filename/path clue only
ActionRPGStarterSystem/QuestSystem/Widgets/BP_QuestDisplayEntry.uasset,.uasset,96937,ActionRPGStarterSystem,ui_widget_or_icon,unverified; filename/path clue only
ActionRPGStarterSystem/QuestSystem/Widgets/BP_QuestInfo.uasset,.uasset,508751,ActionRPGStarterSystem,ui_widget_or_icon,unverified; filename/path clue only
ActionRPGStarterSystem/QuestSystem/Widgets/BP_QuestWidget.uasset,.uasset,917037,ActionRPGStarterSystem,ui_widget_or_icon,unverified; filename/path clue only
ActionRPGStarterSystem/QuestSystem/Widgets/BP_QuestWindow.uasset,.uasset,259885,ActionRPGStarterSystem,ui_widget_or_icon,unverified; filename/path clue only
ActionRPGStarterSystem/Skills/Blueprint/Anim/AnimNotifyState_Cancel.uasset,.uasset,4409,ActionRPGStarterSystem,data_schema_or_interface,unverified; filename/path clue only
ActionRPGStarterSystem/Skills/Blueprint/BP_BlinkSkill.uasset,.uasset,347223,ActionRPGStarterSystem,blueprint_system_candidate,unverified; filename/path clue only
ActionRPGStarterSystem/Skills/Blueprint/BP_MainSkill.uasset,.uasset,414223,ActionRPGStarterSystem,blueprint_system_candidate,unverified; filename/path clue only
ActionRPGStarterSystem/Skills/Blueprint/BP_OrbAttack.uasset,.uasset,164242,ActionRPGStarterSystem,blueprint_system_candidate,unverified; filename/path clue only
ActionRPGStarterSystem/Skills/Blueprint/BP_Skill_Arrow.uasset,.uasset,147972,ActionRPGStarterSystem,blueprint_system_candidate,unverified; filename/path clue only
ActionRPGStarterSystem/Skills/Blueprint/BP_Skill_Beam.uasset,.uasset,126654,ActionRPGStarterSystem,blueprint_system_candidate,unverified; filename/path clue only
ActionRPGStarterSystem/Skills/Blueprint/BP_Skill_BossSpinningAttack.uasset,.uasset,67041,ActionRPGStarterSystem,blueprint_system_candidate,unverified; filename/path clue only
ActionRPGStarterSystem/Skills/Blueprint/BP_Skill_HealingAOE.uasset,.uasset,172958,ActionRPGStarterSystem,blueprint_system_candidate,unverified; filename/path clue only
ActionRPGStarterSystem/Skills/Blueprint/BP_Skill_MeleeAttack.uasset,.uasset,118756,ActionRPGStarterSystem,blueprint_system_candidate,unverified; filename/path clue only
ActionRPGStarterSystem/Skills/Blueprint/BP_Skill_SpinningAttack.uasset,.uasset,67168,ActionRPGStarterSystem,blueprint_system_candidate,unverified; filename/path clue only
ActionRPGStarterSystem/Skills/Blueprint/BP_SmallOrbAttack.uasset,.uasset,183103,ActionRPGStarterSystem,blueprint_system_candidate,unverified; filename/path clue only
ActionRPGStarterSystem/Skills/Blueprint/BP_SpiderSpawn.uasset,.uasset,68140,ActionRPGStarterSystem,blueprint_system_candidate,unverified; filename/path clue only
ActionRPGStarterSystem/Skills/Blueprint/OtherBlueprints/BP_FireDamageZone.uasset,.uasset,95269,ActionRPGStarterSystem,blueprint_system_candidate,unverified; filename/path clue only
ActionRPGStarterSystem/Skills/Blueprint/OtherBlueprints/BP_MoveSlowZone.uasset,.uasset,95258,ActionRPGStarterSystem,blueprint_system_candidate,unverified; filename/path clue only
ActionRPGStarterSystem/Skills/Blueprint/SkillComponent/BP_SkillEffectsComponent.uasset,.uasset,997959,ActionRPGStarterSystem,blueprint_system_candidate,unverified; filename/path clue only
ActionRPGStarterSystem/Skills/Blueprint/SkillComponent/ClassSkillTree/BP_ClassSkillTreeComp.uasset,.uasset,1061755,ActionRPGStarterSystem,blueprint_system_candidate,unverified; filename/path clue only
ActionRPGStarterSystem/Skills/Blueprint/SkillComponent/ClassSkillTree/IT_SkillTree.uasset,.uasset,40779,ActionRPGStarterSystem,texture,unverified; filename/path clue only
ActionRPGStarterSystem/Skills/Blueprint/SkillComponent/Enum_EffectTypes.uasset,.uasset,3961,ActionRPGStarterSystem,data_schema_or_interface,unverified; filename/path clue only
ActionRPGStarterSystem/Skills/Blueprint/SkillComponent/Enum_SkillEffectBehavior.uasset,.uasset,2461,ActionRPGStarterSystem,data_schema_or_interface,unverified; filename/path clue only
ActionRPGStarterSystem/Skills/Blueprint/SkillComponent/IT_ARPG_GameState.uasset,.uasset,24408,ActionRPGStarterSystem,texture,unverified; filename/path clue only
ActionRPGStarterSystem/Skills/Blueprint/SkillComponent/IT_SkillEffects.uasset,.uasset,95681,ActionRPGStarterSystem,texture,unverified; filename/path clue only
ActionRPGStarterSystem/Skills/Blueprint/SkillComponent/S_SkillEffect_Tracker.uasset,.uasset,6741,ActionRPGStarterSystem,texture,unverified; filename/path clue only
ActionRPGStarterSystem/Skills/Blueprint/SkillComponent/S_SkillEffects.uasset,.uasset,23031,ActionRPGStarterSystem,data_schema_or_interface,unverified; filename/path clue only
ActionRPGStarterSystem/Skills/Blueprint/SkillDecals/BP_BaseSkillDecal.uasset,.uasset,228044,ActionRPGStarterSystem,blueprint_system_candidate,unverified; filename/path clue only
ActionRPGStarterSystem/Skills/Blueprint/SkillDecals/BP_BaseSkillDecal_AoeHeal.uasset,.uasset,35470,ActionRPGStarterSystem,blueprint_system_candidate,unverified; filename/path clue only
ActionRPGStarterSystem/Skills/Blueprint/SkillDecals/Materials/M_Skill_Decal.uasset,.uasset,96037,ActionRPGStarterSystem,material,unverified; filename/path clue only
ActionRPGStarterSystem/Skills/Blueprint/UtilitySkills/BP_SpawnFriendly.uasset,.uasset,95136,ActionRPGStarterSystem,blueprint_system_candidate,unverified; filename/path clue only
ActionRPGStarterSystem/Skills/Blueprint/UtilitySkills/BP_SpawnFriendlySpider.uasset,.uasset,102344,ActionRPGStarterSystem,blueprint_system_candidate,unverified; filename/path clue only
ActionRPGStarterSystem/Skills/Blueprint/UtilitySkills/BP_SpawnMount.uasset,.uasset,75995,ActionRPGStarterSystem,blueprint_system_candidate,unverified; filename/path clue only
ActionRPGStarterSystem/Skills/Blueprint/VFX/Meshes/M_Vortext.uasset,.uasset,82177,ActionRPGStarterSystem,vfx_asset,unverified; filename/path clue only
ActionRPGStarterSystem/Skills/Blueprint/VFX/Meshes/SM_VortextMesh.uasset,.uasset,150647,ActionRPGStarterSystem,vfx_asset,unverified; filename/path clue only
ActionRPGStarterSystem/Skills/Blueprint/VFX/Meshes/T_Noise01.uasset,.uasset,1246630,ActionRPGStarterSystem,vfx_asset,unverified; filename/path clue only
ActionRPGStarterSystem/Skills/Blueprint/VFX/NS_HealingAOE.uasset,.uasset,525455,ActionRPGStarterSystem,vfx_asset,unverified; filename/path clue only
ActionRPGStarterSystem/Skills/BP_RandomStatsManager.uasset,.uasset,331559,ActionRPGStarterSystem,data_schema_or_interface,unverified; filename/path clue only
ActionRPGStarterSystem/Skills/DamageTypes/BP_BleedDamage.uasset,.uasset,4388,ActionRPGStarterSystem,blueprint_system_candidate,unverified; filename/path clue only
ActionRPGStarterSystem/Skills/DamageTypes/BP_ColdDamage.uasset,.uasset,4374,ActionRPGStarterSystem,blueprint_system_candidate,unverified; filename/path clue only
ActionRPGStarterSystem/Skills/DamageTypes/BP_DarkDamage.uasset,.uasset,4374,ActionRPGStarterSystem,blueprint_system_candidate,unverified; filename/path clue only
ActionRPGStarterSystem/Skills/DamageTypes/BP_FireDamage.uasset,.uasset,4374,ActionRPGStarterSystem,blueprint_system_candidate,unverified; filename/path clue only
ActionRPGStarterSystem/Skills/DamageTypes/BP_LightningDamage.uasset,.uasset,4444,ActionRPGStarterSystem,blueprint_system_candidate,unverified; filename/path clue only
ActionRPGStarterSystem/Skills/DamageTypes/BP_MagicalDamage.uasset,.uasset,4416,ActionRPGStarterSystem,blueprint_system_candidate,unverified; filename/path clue only
ActionRPGStarterSystem/Skills/DamageTypes/BP_PhysicalDamage.uasset,.uasset,4454,ActionRPGStarterSystem,blueprint_system_candidate,unverified; filename/path clue only
ActionRPGStarterSystem/Skills/DamageTypes/BP_PoisonDamage.uasset,.uasset,4402,ActionRPGStarterSystem,blueprint_system_candidate,unverified; filename/path clue only
ActionRPGStarterSystem/Skills/Data/DA_Skills.uasset,.uasset,51727,ActionRPGStarterSystem,data_schema_or_interface,unverified; filename/path clue only
ActionRPGStarterSystem/Skills/Data/SkillPrimaryDataAsset.uasset,.uasset,10330,ActionRPGStarterSystem,other_content,unverified; filename/path clue only
ActionRPGStarterSystem/Skills/Images/T_AddedDex.uasset,.uasset,35834,ActionRPGStarterSystem,ui_widget_or_icon,unverified; filename/path clue only
ActionRPGStarterSystem/Skills/Images/T_AddedInt.uasset,.uasset,35399,ActionRPGStarterSystem,ui_widget_or_icon,unverified; filename/path clue only
ActionRPGStarterSystem/Skills/Images/T_AddedStr.uasset,.uasset,37309,ActionRPGStarterSystem,ui_widget_or_icon,unverified; filename/path clue only
ActionRPGStarterSystem/Skills/Images/T_ArrowAttack.uasset,.uasset,26758,ActionRPGStarterSystem,ui_widget_or_icon,unverified; filename/path clue only
ActionRPGStarterSystem/Skills/Images/T_ArrowUp.uasset,.uasset,8746,ActionRPGStarterSystem,ui_widget_or_icon,unverified; filename/path clue only
ActionRPGStarterSystem/Skills/Images/T_BasicAttack.uasset,.uasset,47540,ActionRPGStarterSystem,ui_widget_or_icon,unverified; filename/path clue only
ActionRPGStarterSystem/Skills/Images/T_BasicAttackLv2.uasset,.uasset,39508,ActionRPGStarterSystem,ui_widget_or_icon,unverified; filename/path clue only
ActionRPGStarterSystem/Skills/Images/T_BasicAttackLv3.uasset,.uasset,40505,ActionRPGStarterSystem,ui_widget_or_icon,unverified; filename/path clue only
ActionRPGStarterSystem/Skills/Images/T_Beam.uasset,.uasset,173350,ActionRPGStarterSystem,ui_widget_or_icon,unverified; filename/path clue only
ActionRPGStarterSystem/Skills/Images/T_BleedEffect.uasset,.uasset,64461,ActionRPGStarterSystem,ui_widget_or_icon,unverified; filename/path clue only
ActionRPGStarterSystem/Skills/Images/T_BleedResistance.uasset,.uasset,40812,ActionRPGStarterSystem,ui_widget_or_icon,unverified; filename/path clue only
ActionRPGStarterSystem/Skills/Images/T_Blink.uasset,.uasset,25836,ActionRPGStarterSystem,ui_widget_or_icon,unverified; filename/path clue only
ActionRPGStarterSystem/Skills/Images/T_Checkmark.uasset,.uasset,42252,ActionRPGStarterSystem,ui_widget_or_icon,unverified; filename/path clue only
ActionRPGStarterSystem/Skills/Images/T_CritBuff.uasset,.uasset,88943,ActionRPGStarterSystem,ui_widget_or_icon,unverified; filename/path clue only
ActionRPGStarterSystem/Skills/Images/T_DamageBoost.uasset,.uasset,74117,ActionRPGStarterSystem,ui_widget_or_icon,unverified; filename/path clue only
ActionRPGStarterSystem/Skills/Images/T_DIcon.uasset,.uasset,11625,ActionRPGStarterSystem,ui_widget_or_icon,unverified; filename/path clue only
ActionRPGStarterSystem/Skills/Images/T_DurationIncrease.uasset,.uasset,45225,ActionRPGStarterSystem,ui_widget_or_icon,unverified; filename/path clue only
ActionRPGStarterSystem/Skills/Images/T_EndIcon.uasset,.uasset,10911,ActionRPGStarterSystem,ui_widget_or_icon,unverified; filename/path clue only
ActionRPGStarterSystem/Skills/Images/T_FireIcon.uasset,.uasset,44881,ActionRPGStarterSystem,ui_widget_or_icon,unverified; filename/path clue only
ActionRPGStarterSystem/Skills/Images/T_FireIconPlus.uasset,.uasset,39400,ActionRPGStarterSystem,ui_widget_or_icon,unverified; filename/path clue only
ActionRPGStarterSystem/Skills/Images/T_FireResistance.uasset,.uasset,27765,ActionRPGStarterSystem,ui_widget_or_icon,unverified; filename/path clue only
ActionRPGStarterSystem/Skills/Images/T_HealingSpell.uasset,.uasset,13472,ActionRPGStarterSystem,ui_widget_or_icon,unverified; filename/path clue only
ActionRPGStarterSystem/Skills/Images/T_HealingSpell2.uasset,.uasset,16275,ActionRPGStarterSystem,ui_widget_or_icon,unverified; filename/path clue only
ActionRPGStarterSystem/Skills/Images/T_HPManaBoost.uasset,.uasset,56072,ActionRPGStarterSystem,ui_widget_or_icon,unverified; filename/path clue only
ActionRPGStarterSystem/Skills/Images/T_IntIcon.uasset,.uasset,7975,ActionRPGStarterSystem,ui_widget_or_icon,unverified; filename/path clue only
ActionRPGStarterSystem/Skills/Images/T_LeaderImage.uasset,.uasset,19135,ActionRPGStarterSystem,ui_widget_or_icon,unverified; filename/path clue only
ActionRPGStarterSystem/Skills/Images/T_MoveSpeed.uasset,.uasset,42024,ActionRPGStarterSystem,ui_widget_or_icon,unverified; filename/path clue only
ActionRPGStarterSystem/Skills/Images/T_MoveSpeedSlow.uasset,.uasset,55766,ActionRPGStarterSystem,ui_widget_or_icon,unverified; filename/path clue only
ActionRPGStarterSystem/Skills/Images/T_OrbAttack.uasset,.uasset,184405,ActionRPGStarterSystem,ui_widget_or_icon,unverified; filename/path clue only
ActionRPGStarterSystem/Skills/Images/T_PoisonBoost.uasset,.uasset,88550,ActionRPGStarterSystem,ui_widget_or_icon,unverified; filename/path clue only
ActionRPGStarterSystem/Skills/Images/T_PoisonImage.uasset,.uasset,163618,ActionRPGStarterSystem,ui_widget_or_icon,unverified; filename/path clue only
ActionRPGStarterSystem/Skills/Images/T_PoisonResistance.uasset,.uasset,49664,ActionRPGStarterSystem,ui_widget_or_icon,unverified; filename/path clue only
ActionRPGStarterSystem/Skills/Images/T_QuestIcon.uasset,.uasset,13363,ActionRPGStarterSystem,ui_widget_or_icon,unverified; filename/path clue only
ActionRPGStarterSystem/Skills/Images/T_RageSkillImg.uasset,.uasset,253207,ActionRPGStarterSystem,ui_widget_or_icon,unverified; filename/path clue only
ActionRPGStarterSystem/Skills/Images/T_SacrificeSpell.uasset,.uasset,67304,ActionRPGStarterSystem,ui_widget_or_icon,unverified; filename/path clue only
ActionRPGStarterSystem/Skills/Images/T_Scroll1.uasset,.uasset,85288,ActionRPGStarterSystem,ui_widget_or_icon,unverified; filename/path clue only
ActionRPGStarterSystem/Skills/Images/T_Scroll2.uasset,.uasset,94551,ActionRPGStarterSystem,ui_widget_or_icon,unverified; filename/path clue only
ActionRPGStarterSystem/Skills/Images/T_Scroll3.uasset,.uasset,94495,ActionRPGStarterSystem,ui_widget_or_icon,unverified; filename/path clue only
ActionRPGStarterSystem/Skills/Images/T_Scroll4.uasset,.uasset,96723,ActionRPGStarterSystem,ui_widget_or_icon,unverified; filename/path clue only
ActionRPGStarterSystem/Skills/Images/T_Shield.uasset,.uasset,43023,ActionRPGStarterSystem,ui_widget_or_icon,unverified; filename/path clue only
ActionRPGStarterSystem/Skills/Images/T_SIcon.uasset,.uasset,12176,ActionRPGStarterSystem,ui_widget_or_icon,unverified; filename/path clue only
ActionRPGStarterSystem/Skills/Images/T_SkillTreeFrame.uasset,.uasset,8720,ActionRPGStarterSystem,ui_widget_or_icon,unverified; filename/path clue only
ActionRPGStarterSystem/Skills/Images/T_SmallOrb.uasset,.uasset,407478,ActionRPGStarterSystem,ui_widget_or_icon,unverified; filename/path clue only
ActionRPGStarterSystem/Skills/Images/T_Spinattack.uasset,.uasset,39142,ActionRPGStarterSystem,ui_widget_or_icon,unverified; filename/path clue only
ActionRPGStarterSystem/Skills/Images/T_StunEffect.uasset,.uasset,45871,ActionRPGStarterSystem,ui_widget_or_icon,unverified; filename/path clue only
ActionRPGStarterSystem/Skills/Images/T_TinyDot.uasset,.uasset,8234,ActionRPGStarterSystem,ui_widget_or_icon,unverified; filename/path clue only
ActionRPGStarterSystem/Skills/S_ActionbarItem.uasset,.uasset,4949,ActionRPGStarterSystem,data_schema_or_interface,unverified; filename/path clue only
ActionRPGStarterSystem/Skills/S_ContinuousSkill.uasset,.uasset,8104,ActionRPGStarterSystem,data_schema_or_interface,unverified; filename/path clue only
ActionRPGStarterSystem/Skills/S_ExtraSkillLevels.uasset,.uasset,12195,ActionRPGStarterSystem,data_schema_or_interface,unverified; filename/path clue only
ActionRPGStarterSystem/Skills/S_JigItemRandomStats.uasset,.uasset,5956,ActionRPGStarterSystem,data_schema_or_interface,unverified; filename/path clue only
ActionRPGStarterSystem/Skills/S_MontageByMesh.uasset,.uasset,4916,ActionRPGStarterSystem,data_schema_or_interface,unverified; filename/path clue only
ActionRPGStarterSystem/Skills/S_PassiveSkillSettings.uasset,.uasset,18541,ActionRPGStarterSystem,data_schema_or_interface,unverified; filename/path clue only
ActionRPGStarterSystem/Skills/S_PassiveSkillSettings_ExtraLevels.uasset,.uasset,17431,ActionRPGStarterSystem,data_schema_or_interface,unverified; filename/path clue only
ActionRPGStarterSystem/Skills/S_PlayerActionbarSkills.uasset,.uasset,4093,ActionRPGStarterSystem,data_schema_or_interface,unverified; filename/path clue only
ActionRPGStarterSystem/Skills/S_PlayerStats.uasset,.uasset,6925,ActionRPGStarterSystem,data_schema_or_interface,unverified; filename/path clue only
ActionRPGStarterSystem/Skills/S_RandomStat.uasset,.uasset,8720,ActionRPGStarterSystem,data_schema_or_interface,unverified; filename/path clue only
ActionRPGStarterSystem/Skills/S_SimulatedRepStats.uasset,.uasset,8071,ActionRPGStarterSystem,data_schema_or_interface,unverified; filename/path clue only
ActionRPGStarterSystem/Skills/S_SingleMontageByMesh.uasset,.uasset,4889,ActionRPGStarterSystem,data_schema_or_interface,unverified; filename/path clue only
ActionRPGStarterSystem/Skills/S_SkillChannelling.uasset,.uasset,7972,ActionRPGStarterSystem,data_schema_or_interface,unverified; filename/path clue only
ActionRPGStarterSystem/Skills/S_SkillInfo.uasset,.uasset,38942,ActionRPGStarterSystem,data_schema_or_interface,unverified; filename/path clue only
ActionRPGStarterSystem/Skills/S_SkillMontage.uasset,.uasset,8305,ActionRPGStarterSystem,data_schema_or_interface,unverified; filename/path clue only
ActionRPGStarterSystem/Skills/S_SkillTreesConfig.uasset,.uasset,8911,ActionRPGStarterSystem,data_schema_or_interface,unverified; filename/path clue only
ActionRPGStarterSystem/Skills/S_SkillTreeServerConfig.uasset,.uasset,14700,ActionRPGStarterSystem,data_schema_or_interface,unverified; filename/path clue only
ActionRPGStarterSystem/Skills/S_Stat.uasset,.uasset,6778,ActionRPGStarterSystem,data_schema_or_interface,unverified; filename/path clue only
ActionRPGStarterSystem/Skills/S_StatsAllocationTracker.uasset,.uasset,5659,ActionRPGStarterSystem,data_schema_or_interface,unverified; filename/path clue only
ActionRPGStarterSystem/Skills/Widgets/BP_EffectIcon.uasset,.uasset,97188,ActionRPGStarterSystem,ui_widget_or_icon,unverified; filename/path clue only
ActionRPGStarterSystem/Skills/Widgets/BP_SkillContainer.uasset,.uasset,2315002,ActionRPGStarterSystem,ui_widget_or_icon,unverified; filename/path clue only
ActionRPGStarterSystem/Skills/Widgets/BP_SkillTooltip.uasset,.uasset,431010,ActionRPGStarterSystem,ui_widget_or_icon,unverified; filename/path clue only
ActionRPGStarterSystem/Skills/Widgets/DragOperation/BP_SkillDrakOp.uasset,.uasset,9504,ActionRPGStarterSystem,ui_widget_or_icon,unverified; filename/path clue only
ActionRPGStarterSystem/Skills/Widgets/SkillTree/BP_SkillTree_Window_Class.uasset,.uasset,1059235,ActionRPGStarterSystem,ui_widget_or_icon,unverified; filename/path clue only
ActionRPGStarterSystem/Skills/Widgets/SkillTree/BP_SkillTreeBackground.uasset,.uasset,311109,ActionRPGStarterSystem,ui_widget_or_icon,unverified; filename/path clue only
ActionRPGStarterSystem/Skills/Widgets/SkillTree/BP_SkillTreeUIInterface.uasset,.uasset,15717,ActionRPGStarterSystem,ui_widget_or_icon,unverified; filename/path clue only
ActionRPGStarterSystem/Skills/Widgets/SkillTree/CreatedTrees/BP_SkillTree_Class1.uasset,.uasset,951921,ActionRPGStarterSystem,ui_widget_or_icon,unverified; filename/path clue only
ActionRPGStarterSystem/Skills/Widgets/SkillTree/CreatedTrees/BP_SkillTree_Class2.uasset,.uasset,934786,ActionRPGStarterSystem,ui_widget_or_icon,unverified; filename/path clue only
ActionRPGStarterSystem/Skills/Widgets/SkillTree/CreatedTrees/BP_SkillTree_Class3.uasset,.uasset,933407,ActionRPGStarterSystem,ui_widget_or_icon,unverified; filename/path clue only
ActionRPGStarterSystem/Skills/Widgets/SkillTree/DA/DA_SkillTreeData.uasset,.uasset,202876,ActionRPGStarterSystem,ui_widget_or_icon,unverified; filename/path clue only
ActionRPGStarterSystem/Skills/Widgets/SkillTree/DA/PrimaryDA_SkillTreeData.uasset,.uasset,51423,ActionRPGStarterSystem,ui_widget_or_icon,unverified; filename/path clue only
ActionRPGStarterSystem/Skills/Widgets/SkillTreeAutoDetectDirection.uasset,.uasset,3688,ActionRPGStarterSystem,ui_widget_or_icon,unverified; filename/path clue only
ActionRPGStarterSystem/Skills/Widgets/SkillWidgetType.uasset,.uasset,2691,ActionRPGStarterSystem,ui_widget_or_icon,unverified; filename/path clue only
ActionRPGStarterSystem/Skills/Widgets/Utility/BP_UtilitySkills.uasset,.uasset,354792,ActionRPGStarterSystem,ui_widget_or_icon,unverified; filename/path clue only
ActionRPGStarterSystem/VFX/NS_LocationEffect.uasset,.uasset,684951,ActionRPGStarterSystem,vfx_asset,unverified; filename/path clue only
ActionRPGStarterSystem/VFX/Sounds/Cue_Melee.uasset,.uasset,8131,ActionRPGStarterSystem,audio_asset_or_mixer,unverified; filename/path clue only
ActionRPGStarterSystem/VFX/Sounds/Cue_Whoosh.uasset,.uasset,9232,ActionRPGStarterSystem,audio_asset_or_mixer,unverified; filename/path clue only
ActionRPGStarterSystem/VFX/Sounds/WAV_FootStep1.uasset,.uasset,62081,ActionRPGStarterSystem,audio_asset_or_mixer,unverified; filename/path clue only
ActionRPGStarterSystem/VFX/Sounds/WAV_FootStep2.uasset,.uasset,57241,ActionRPGStarterSystem,audio_asset_or_mixer,unverified; filename/path clue only
ActionRPGStarterSystem/VFX/Sounds/WAV_FootStep3.uasset,.uasset,50546,ActionRPGStarterSystem,audio_asset_or_mixer,unverified; filename/path clue only
ActionRPGStarterSystem/VFX/Sounds/WAV_FootStep_Cue.uasset,.uasset,8111,ActionRPGStarterSystem,audio_asset_or_mixer,unverified; filename/path clue only
ActionRPGStarterSystem/VFX/Sounds/WAV_Hit.uasset,.uasset,83261,ActionRPGStarterSystem,audio_asset_or_mixer,unverified; filename/path clue only
ActionRPGStarterSystem/VFX/Sounds/WAV_Hit2.uasset,.uasset,77241,ActionRPGStarterSystem,audio_asset_or_mixer,unverified; filename/path clue only
ActionRPGStarterSystem/VFX/Sounds/WAV_Hit3.uasset,.uasset,66777,ActionRPGStarterSystem,audio_asset_or_mixer,unverified; filename/path clue only
ActionRPGStarterSystem/VFX/Sounds/WAV_Orb.uasset,.uasset,180452,ActionRPGStarterSystem,audio_asset_or_mixer,unverified; filename/path clue only
ActionRPGStarterSystem/VFX/Sounds/WAV_Orb_Cue.uasset,.uasset,4473,ActionRPGStarterSystem,audio_asset_or_mixer,unverified; filename/path clue only
ActionRPGStarterSystem/VFX/Sounds/WAV_OrbImpact.uasset,.uasset,110866,ActionRPGStarterSystem,audio_asset_or_mixer,unverified; filename/path clue only
ActionRPGStarterSystem/VFX/Sounds/WAV_OrbImpact_Cue.uasset,.uasset,4515,ActionRPGStarterSystem,audio_asset_or_mixer,unverified; filename/path clue only
ActionRPGStarterSystem/VFX/Sounds/WAV_Whoosh.uasset,.uasset,68748,ActionRPGStarterSystem,audio_asset_or_mixer,unverified; filename/path clue only
ActionRPGStarterSystem/VFX/Sounds/WAV_Whoosh2.uasset,.uasset,67616,ActionRPGStarterSystem,audio_asset_or_mixer,unverified; filename/path clue only
ActionRPGStarterSystem/VFX/Sounds/WAV_Whoosh3.uasset,.uasset,73261,ActionRPGStarterSystem,audio_asset_or_mixer,unverified; filename/path clue only
ActionRPGStarterSystem/VFX/Sounds/WAV_Whoosh4.uasset,.uasset,69080,ActionRPGStarterSystem,audio_asset_or_mixer,unverified; filename/path clue only
ActionRPGStarterSystem/VFX/Weapons/NS_Electric.uasset,.uasset,505258,ActionRPGStarterSystem,vfx_asset,unverified; filename/path clue only
ActionRPGStarterSystem/VFX/Weapons/NS_Electric2.uasset,.uasset,297811,ActionRPGStarterSystem,vfx_asset,unverified; filename/path clue only
ActionRPGStarterSystem/VFX/Weapons/NS_LaserBeam.uasset,.uasset,202854,ActionRPGStarterSystem,vfx_asset,unverified; filename/path clue only
ActionRPGStarterSystem/VFX/Weapons/NS_ShieldEffect.uasset,.uasset,673994,ActionRPGStarterSystem,vfx_asset,unverified; filename/path clue only
ActionRPGStarterSystem/VFX/Weapons/WeaponTrail/M_WeaponTRail.uasset,.uasset,103148,ActionRPGStarterSystem,vfx_asset,unverified; filename/path clue only
ActionRPGStarterSystem/VFX/Weapons/WeaponTrail/NS_WeaponTrail.uasset,.uasset,230955,ActionRPGStarterSystem,vfx_asset,unverified; filename/path clue only
ActionRPGStarterSystem/Widgets/BP_InGameW.uasset,.uasset,1642720,ActionRPGStarterSystem,ui_widget_or_icon,unverified; filename/path clue only
ActionRPGStarterSystem/Widgets/BP_MainInventory.uasset,.uasset,706351,ActionRPGStarterSystem,ui_widget_or_icon,unverified; filename/path clue only
ActionRPGStarterSystem/Widgets/BP_MPContainer_Widget.uasset,.uasset,296932,ActionRPGStarterSystem,ui_widget_or_icon,unverified; filename/path clue only
ActionRPGStarterSystem/Widgets/Chat/BP_ChatMessage.uasset,.uasset,68613,ActionRPGStarterSystem,ui_widget_or_icon,unverified; filename/path clue only
ActionRPGStarterSystem/Widgets/Chat/BP_ChatSection.uasset,.uasset,124661,ActionRPGStarterSystem,ui_widget_or_icon,unverified; filename/path clue only
ActionRPGStarterSystem/Widgets/Chat/BP_ChatWidget.uasset,.uasset,537897,ActionRPGStarterSystem,ui_widget_or_icon,unverified; filename/path clue only
ActionRPGStarterSystem/Widgets/Chat/E_ChatSectionType.uasset,.uasset,2687,ActionRPGStarterSystem,ui_widget_or_icon,unverified; filename/path clue only
ActionRPGStarterSystem/Widgets/Images/ItemImages/T_ArmorImage.uasset,.uasset,125836,ActionRPGStarterSystem,ui_widget_or_icon,unverified; filename/path clue only
ActionRPGStarterSystem/Widgets/Images/ItemImages/T_Axe2Image.uasset,.uasset,48466,ActionRPGStarterSystem,ui_widget_or_icon,unverified; filename/path clue only
ActionRPGStarterSystem/Widgets/Images/ItemImages/T_BeltImage.uasset,.uasset,105275,ActionRPGStarterSystem,ui_widget_or_icon,unverified; filename/path clue only
ActionRPGStarterSystem/Widgets/Images/ItemImages/T_BluePotion.uasset,.uasset,42639,ActionRPGStarterSystem,ui_widget_or_icon,unverified; filename/path clue only
ActionRPGStarterSystem/Widgets/Images/ItemImages/T_BootsImage.uasset,.uasset,99300,ActionRPGStarterSystem,ui_widget_or_icon,unverified; filename/path clue only
ActionRPGStarterSystem/Widgets/Images/ItemImages/T_BowImage.uasset,.uasset,55505,ActionRPGStarterSystem,ui_widget_or_icon,unverified; filename/path clue only
ActionRPGStarterSystem/Widgets/Images/ItemImages/T_CapeImage.uasset,.uasset,49720,ActionRPGStarterSystem,ui_widget_or_icon,unverified; filename/path clue only
ActionRPGStarterSystem/Widgets/Images/ItemImages/T_DaggerImage.uasset,.uasset,46645,ActionRPGStarterSystem,ui_widget_or_icon,unverified; filename/path clue only
ActionRPGStarterSystem/Widgets/Images/ItemImages/T_EarringImage.uasset,.uasset,15804,ActionRPGStarterSystem,ui_widget_or_icon,unverified; filename/path clue only
ActionRPGStarterSystem/Widgets/Images/ItemImages/T_GlovesImage.uasset,.uasset,63833,ActionRPGStarterSystem,ui_widget_or_icon,unverified; filename/path clue only
ActionRPGStarterSystem/Widgets/Images/ItemImages/T_GreenGem.uasset,.uasset,79408,ActionRPGStarterSystem,ui_widget_or_icon,unverified; filename/path clue only
ActionRPGStarterSystem/Widgets/Images/ItemImages/T_HammerImage.uasset,.uasset,55834,ActionRPGStarterSystem,ui_widget_or_icon,unverified; filename/path clue only
ActionRPGStarterSystem/Widgets/Images/ItemImages/T_HelmetImage.uasset,.uasset,49412,ActionRPGStarterSystem,ui_widget_or_icon,unverified; filename/path clue only
ActionRPGStarterSystem/Widgets/Images/ItemImages/T_HPBottle.uasset,.uasset,46345,ActionRPGStarterSystem,ui_widget_or_icon,unverified; filename/path clue only
ActionRPGStarterSystem/Widgets/Images/ItemImages/T_ManaBottle.uasset,.uasset,45901,ActionRPGStarterSystem,ui_widget_or_icon,unverified; filename/path clue only
ActionRPGStarterSystem/Widgets/Images/ItemImages/T_Mat1Image.uasset,.uasset,60483,ActionRPGStarterSystem,ui_widget_or_icon,unverified; filename/path clue only
ActionRPGStarterSystem/Widgets/Images/ItemImages/T_Mat2Image.uasset,.uasset,52356,ActionRPGStarterSystem,ui_widget_or_icon,unverified; filename/path clue only
ActionRPGStarterSystem/Widgets/Images/ItemImages/T_Mat3Image.uasset,.uasset,57242,ActionRPGStarterSystem,ui_widget_or_icon,unverified; filename/path clue only
ActionRPGStarterSystem/Widgets/Images/ItemImages/T_NecklaceImage.uasset,.uasset,21530,ActionRPGStarterSystem,ui_widget_or_icon,unverified; filename/path clue only
ActionRPGStarterSystem/Widgets/Images/ItemImages/T_OmegaSword.uasset,.uasset,38043,ActionRPGStarterSystem,ui_widget_or_icon,unverified; filename/path clue only
ActionRPGStarterSystem/Widgets/Images/ItemImages/T_OneHAxeImage.uasset,.uasset,61654,ActionRPGStarterSystem,ui_widget_or_icon,unverified; filename/path clue only
ActionRPGStarterSystem/Widgets/Images/ItemImages/T_PantsImage.uasset,.uasset,106371,ActionRPGStarterSystem,ui_widget_or_icon,unverified; filename/path clue only
ActionRPGStarterSystem/Widgets/Images/ItemImages/T_RedGem.uasset,.uasset,68514,ActionRPGStarterSystem,ui_widget_or_icon,unverified; filename/path clue only
ActionRPGStarterSystem/Widgets/Images/ItemImages/T_RedPotion.uasset,.uasset,44216,ActionRPGStarterSystem,ui_widget_or_icon,unverified; filename/path clue only
ActionRPGStarterSystem/Widgets/Images/ItemImages/T_RingImage.uasset,.uasset,19002,ActionRPGStarterSystem,ui_widget_or_icon,unverified; filename/path clue only
ActionRPGStarterSystem/Widgets/Images/ItemImages/T_ShieldImage.uasset,.uasset,131388,ActionRPGStarterSystem,ui_widget_or_icon,unverified; filename/path clue only
ActionRPGStarterSystem/Widgets/Images/ItemImages/T_ShiledEquipped.uasset,.uasset,52284,ActionRPGStarterSystem,ui_widget_or_icon,unverified; filename/path clue only
ActionRPGStarterSystem/Widgets/Images/ItemImages/T_Shoulder.uasset,.uasset,65268,ActionRPGStarterSystem,ui_widget_or_icon,unverified; filename/path clue only
ActionRPGStarterSystem/Widgets/Images/ItemImages/T_SpearImage.uasset,.uasset,24906,ActionRPGStarterSystem,ui_widget_or_icon,unverified; filename/path clue only
ActionRPGStarterSystem/Widgets/Images/ItemImages/T_SwordImage.uasset,.uasset,30816,ActionRPGStarterSystem,ui_widget_or_icon,unverified; filename/path clue only
ActionRPGStarterSystem/Widgets/Images/T_ArmorSlot.uasset,.uasset,18638,ActionRPGStarterSystem,ui_widget_or_icon,unverified; filename/path clue only
ActionRPGStarterSystem/Widgets/Images/T_BeltSlot.uasset,.uasset,16644,ActionRPGStarterSystem,ui_widget_or_icon,unverified; filename/path clue only
ActionRPGStarterSystem/Widgets/Images/T_BootsSlot.uasset,.uasset,20421,ActionRPGStarterSystem,ui_widget_or_icon,unverified; filename/path clue only
ActionRPGStarterSystem/Widgets/Images/T_CapeSlot.uasset,.uasset,32163,ActionRPGStarterSystem,ui_widget_or_icon,unverified; filename/path clue only
ActionRPGStarterSystem/Widgets/Images/T_CloseBtn.uasset,.uasset,15947,ActionRPGStarterSystem,ui_widget_or_icon,unverified; filename/path clue only
ActionRPGStarterSystem/Widgets/Images/T_CopperImage.uasset,.uasset,36505,ActionRPGStarterSystem,ui_widget_or_icon,unverified; filename/path clue only
ActionRPGStarterSystem/Widgets/Images/T_EarringImageSlot.uasset,.uasset,20769,ActionRPGStarterSystem,ui_widget_or_icon,unverified; filename/path clue only
ActionRPGStarterSystem/Widgets/Images/T_GlovesSlot.uasset,.uasset,21377,ActionRPGStarterSystem,ui_widget_or_icon,unverified; filename/path clue only
ActionRPGStarterSystem/Widgets/Images/T_GoldImage.uasset,.uasset,45516,ActionRPGStarterSystem,ui_widget_or_icon,unverified; filename/path clue only
ActionRPGStarterSystem/Widgets/Images/T_HelmetSlot.uasset,.uasset,19398,ActionRPGStarterSystem,ui_widget_or_icon,unverified; filename/path clue only
ActionRPGStarterSystem/Widgets/Images/T_MainInventoryBackground.uasset,.uasset,460910,ActionRPGStarterSystem,ui_widget_or_icon,unverified; filename/path clue only
ActionRPGStarterSystem/Widgets/Images/T_NecklaceSlot.uasset,.uasset,22880,ActionRPGStarterSystem,ui_widget_or_icon,unverified; filename/path clue only
ActionRPGStarterSystem/Widgets/Images/T_PantsSlot.uasset,.uasset,18731,ActionRPGStarterSystem,ui_widget_or_icon,unverified; filename/path clue only
ActionRPGStarterSystem/Widgets/Images/T_RingSlot.uasset,.uasset,20962,ActionRPGStarterSystem,ui_widget_or_icon,unverified; filename/path clue only
ActionRPGStarterSystem/Widgets/Images/T_SholderSlot.uasset,.uasset,16085,ActionRPGStarterSystem,ui_widget_or_icon,unverified; filename/path clue only
ActionRPGStarterSystem/Widgets/Images/T_SilverImage.uasset,.uasset,33911,ActionRPGStarterSystem,ui_widget_or_icon,unverified; filename/path clue only
ActionRPGStarterSystem/Widgets/Images/T_WeaponSlot.uasset,.uasset,16017,ActionRPGStarterSystem,ui_widget_or_icon,unverified; filename/path clue only
ActionRPGStarterSystem/Widgets/Lobby/BP_CharEntry.uasset,.uasset,152611,ActionRPGStarterSystem,ui_widget_or_icon,unverified; filename/path clue only
ActionRPGStarterSystem/Widgets/Lobby/BP_ClassSelectionWidget.uasset,.uasset,825429,ActionRPGStarterSystem,ui_widget_or_icon,unverified; filename/path clue only
ActionRPGStarterSystem/Widgets/Lobby/BP_LobbyCharacterSelection.uasset,.uasset,531976,ActionRPGStarterSystem,ui_widget_or_icon,unverified; filename/path clue only
ActionRPGStarterSystem/Widgets/Lobby/BP_LobbyStartGameWidget.uasset,.uasset,271773,ActionRPGStarterSystem,ui_widget_or_icon,unverified; filename/path clue only
ActionRPGStarterSystem/Widgets/Lobby/BP_MainLobbyWidget.uasset,.uasset,166457,ActionRPGStarterSystem,ui_widget_or_icon,unverified; filename/path clue only
ActionRPGStarterSystem/Widgets/Lobby/BP_MenuOptionWidget.uasset,.uasset,188378,ActionRPGStarterSystem,ui_widget_or_icon,unverified; filename/path clue only
ActionRPGStarterSystem/Widgets/Other/BP_ARPGUtilEditor.uasset,.uasset,96600,ActionRPGStarterSystem,ui_widget_or_icon,unverified; filename/path clue only
ActionRPGStarterSystem/Widgets/OtherWidgets/BP_ContainerSwitchBtn.uasset,.uasset,99304,ActionRPGStarterSystem,ui_widget_or_icon,unverified; filename/path clue only
ActionRPGStarterSystem/Widgets/OtherWidgets/BP_CrosshairWidget.uasset,.uasset,53876,ActionRPGStarterSystem,ui_widget_or_icon,unverified; filename/path clue only
ActionRPGStarterSystem/Widgets/OtherWidgets/BP_DamageTaken.uasset,.uasset,164432,ActionRPGStarterSystem,ui_widget_or_icon,unverified; filename/path clue only
ActionRPGStarterSystem/Widgets/OtherWidgets/BP_InGameMenu.uasset,.uasset,121099,ActionRPGStarterSystem,ui_widget_or_icon,unverified; filename/path clue only
ActionRPGStarterSystem/Widgets/OtherWidgets/BP_OnDeathW.uasset,.uasset,76303,ActionRPGStarterSystem,ui_widget_or_icon,unverified; filename/path clue only
ActionRPGStarterSystem/Widgets/OtherWidgets/BP_PlayerStatsW.uasset,.uasset,626413,ActionRPGStarterSystem,ui_widget_or_icon,unverified; filename/path clue only
ActionRPGStarterSystem/Widgets/OtherWidgets/BP_statEntry.uasset,.uasset,405308,ActionRPGStarterSystem,ui_widget_or_icon,unverified; filename/path clue only
ActionRPGStarterSystem/Widgets/OtherWidgets/Settings/BP_Settings_Audio.uasset,.uasset,188318,ActionRPGStarterSystem,ui_widget_or_icon,unverified; filename/path clue only
ActionRPGStarterSystem/Widgets/OtherWidgets/Settings/BP_Settings_General.uasset,.uasset,28078,ActionRPGStarterSystem,ui_widget_or_icon,unverified; filename/path clue only
ActionRPGStarterSystem/Widgets/OtherWidgets/Settings/BP_Settings_Keybinds.uasset,.uasset,734496,ActionRPGStarterSystem,ui_widget_or_icon,unverified; filename/path clue only
ActionRPGStarterSystem/Widgets/OtherWidgets/Settings/BP_Settings_Video.uasset,.uasset,507530,ActionRPGStarterSystem,ui_widget_or_icon,unverified; filename/path clue only
ActionRPGStarterSystem/Widgets/OtherWidgets/Settings/BP_SettingsWidget.uasset,.uasset,178589,ActionRPGStarterSystem,ui_widget_or_icon,unverified; filename/path clue only
ActionRPGStarterSystem/Widgets/OtherWidgets/Settings/Save/BP_GameSettings.uasset,.uasset,13481,ActionRPGStarterSystem,ui_widget_or_icon,unverified; filename/path clue only
ActionRPGStarterSystem/Widgets/Party/BP_PartyMemberW.uasset,.uasset,168098,ActionRPGStarterSystem,ui_widget_or_icon,unverified; filename/path clue only
ActionRPGStarterSystem/Widgets/SpecialJigContainers/BP_WeaponMod.uasset,.uasset,137445,ActionRPGStarterSystem,ui_widget_or_icon,unverified; filename/path clue only
Slate/T_KaiCursor.png,.png,5406,Slate,ui_art_cursor,confirmed image container by extension (.png)
Slate/T_KaiTargetCursor.png,.png,6844,Slate,ui_art_cursor,confirmed image container by extension (.png)
