relative_path,ext,bytes,top_pack,classification,confidence,group
Content/__ExternalActors__/TopDown/Lvl_TopDown/1/9B/PCV6ISRAGIPPOARXQBZORJ.uasset,.uasset,4145,Content/__ExternalActors__,Unreal package (class unverified),format/extension only,external-level payload (metadata only)
Content/__ExternalActors__/TopDown/Lvl_TopDown/1/H7/HXHBY8XB24FN2PZ9N5HJNL.uasset,.uasset,3800,Content/__ExternalActors__,Unreal package (class unverified),format/extension only,external-level payload (metadata only)
Content/__ExternalActors__/TopDown/Lvl_TopDown/2/33/SKUR0WWL7JT7C3OXZMWAQS.uasset,.uasset,4854,Content/__ExternalActors__,Unreal package (class unverified),format/extension only,external-level payload (metadata only)
Content/__ExternalActors__/TopDown/Lvl_TopDown/3/3W/KVKK3JZ9YOQDKZN4SA819U.uasset,.uasset,3682,Content/__ExternalActors__,Unreal package (class unverified),format/extension only,external-level payload (metadata only)
Content/__ExternalActors__/TopDown/Lvl_TopDown/4/3R/FBA0Z00NHOZRLY2VS6QWS5.uasset,.uasset,5382,Content/__ExternalActors__,Unreal package (class unverified),format/extension only,external-level payload (metadata only)
Content/__ExternalActors__/TopDown/Lvl_TopDown/5/YY/DCNP76EKY2NIEQOU3GCI21.uasset,.uasset,10553,Content/__ExternalActors__,Unreal package (class unverified),format/extension only,external-level payload (metadata only)
Content/__ExternalActors__/TopDown/Lvl_TopDown/6/XE/1Q5XRJD8MBWPIXABMKXEFV.uasset,.uasset,4917,Content/__ExternalActors__,Unreal package (class unverified),format/extension only,external-level payload (metadata only)
Content/__ExternalActors__/TopDown/Lvl_TopDown/7/PF/I0DNH0U6BTFFYSKQYHTIC2.uasset,.uasset,3695,Content/__ExternalActors__,Unreal package (class unverified),format/extension only,external-level payload (metadata only)
Content/__ExternalActors__/TopDown/Lvl_TopDown/9/MO/PNXXDQW16DAA4RGTAOTRBQ.uasset,.uasset,4145,Content/__ExternalActors__,Unreal package (class unverified),format/extension only,external-level payload (metadata only)
Content/__ExternalActors__/TopDown/Lvl_TopDown/9/XA/AKS4QGDKLNT2ECMCM0OSYJ.uasset,.uasset,4942,Content/__ExternalActors__,Unreal package (class unverified),format/extension only,external-level payload (metadata only)
Content/__ExternalActors__/TopDown/Lvl_TopDown/A/UI/FYPDNBRF80ZC1CFUDAJ8O0.uasset,.uasset,2369,Content/__ExternalActors__,Unreal package (class unverified),format/extension only,external-level payload (metadata only)
Content/__ExternalActors__/TopDown/Lvl_TopDown/B/HK/5C7FMPWMFNNW4N5A6KM7CJ.uasset,.uasset,3572,Content/__ExternalActors__,Unreal package (class unverified),format/extension only,external-level payload (metadata only)
Content/__ExternalActors__/TopDown/Lvl_TopDown/C/BP/BUPDHPEMHC4VKWBMQ8RZHT.uasset,.uasset,4322,Content/__ExternalActors__,Unreal package (class unverified),format/extension only,external-level payload (metadata only)
Content/__ExternalActors__/TopDown/Lvl_TopDown/D/SH/PW0AQVQUKM8YU4NRQMBZNU.uasset,.uasset,2413,Content/__ExternalActors__,Unreal package (class unverified),format/extension only,external-level payload (metadata only)
Content/__ExternalActors__/TopDown/Lvl_TopDown/E/KR/XE9B50H1AT04N34BC5R073.uasset,.uasset,4143,Content/__ExternalActors__,Unreal package (class unverified),format/extension only,external-level payload (metadata only)
Content/__ExternalActors__/TopDown/Lvl_TopDown/E/Z4/MBIXZ322UVTTHX8DM8PG1K.uasset,.uasset,4143,Content/__ExternalActors__,Unreal package (class unverified),format/extension only,external-level payload (metadata only)
Content/__ExternalActors__/TopDown/Lvl_TopDown/F/2O/1R9TFT2E7CWXMHEGXMNMIG.uasset,.uasset,59431,Content/__ExternalActors__,Unreal package (class unverified),format/extension only,external-level payload (metadata only)
Content/__ExternalObjects__/TopDown/Lvl_TopDown/1/5F/ACU59NVHABC7KE5P5H7QYG.uasset,.uasset,1823,Content/__ExternalObjects__,Unreal package (class unverified),format/extension only,external-level payload (metadata only)
Content/__ExternalObjects__/TopDown/Lvl_TopDown/3/OT/05SZFT22OW55JEQOR64R9N.uasset,.uasset,1805,Content/__ExternalObjects__,Unreal package (class unverified),format/extension only,external-level payload (metadata only)
Content/__ExternalObjects__/TopDown/Lvl_TopDown/3/Z9/K1S0C0R6AIPAQ2GXZBKV7Y.uasset,.uasset,1819,Content/__ExternalObjects__,Unreal package (class unverified),format/extension only,external-level payload (metadata only)
Content/__ExternalObjects__/TopDown/Lvl_TopDown/7/XH/ILKF82DAIKT5TPOED6FWR3.uasset,.uasset,1827,Content/__ExternalObjects__,Unreal package (class unverified),format/extension only,external-level payload (metadata only)
Content/_SplineVFX/_GenericSource/BP/BP_SplineVFX_ElectricLightning.uasset,.uasset,69467,_SplineVFX,Unreal package (class unverified),format/extension only,added/custom content
Content/_SplineVFX/_GenericSource/BP/BP_SplineVFX_EnergyLoop.uasset,.uasset,41369,_SplineVFX,Unreal package (class unverified),format/extension only,added/custom content
Content/_SplineVFX/_GenericSource/BP/BP_SplineVFX_Fire.uasset,.uasset,69034,_SplineVFX,Unreal package (class unverified),format/extension only,added/custom content
Content/_SplineVFX/_GenericSource/BP/BP_SplineVFX_Frost.uasset,.uasset,69367,_SplineVFX,Unreal package (class unverified),format/extension only,added/custom content
Content/_SplineVFX/_GenericSource/BP/BP_SplineVFX_Holy.uasset,.uasset,67453,_SplineVFX,Unreal package (class unverified),format/extension only,added/custom content
Content/_SplineVFX/_GenericSource/BP/BP_SplineVFX_Magic.uasset,.uasset,68319,_SplineVFX,Unreal package (class unverified),format/extension only,added/custom content
Content/_SplineVFX/_GenericSource/BP/BP_SplineVFX_MiasmaBoil.uasset,.uasset,69793,_SplineVFX,Unreal package (class unverified),format/extension only,added/custom content
Content/_SplineVFX/_GenericSource/BP/BP_SplineVFX_ParticleFollow.uasset,.uasset,68327,_SplineVFX,Unreal package (class unverified),format/extension only,added/custom content
Content/_SplineVFX/_GenericSource/BP/BP_SplineVFX_WaterSplash.uasset,.uasset,68664,_SplineVFX,Unreal package (class unverified),format/extension only,added/custom content
Content/_SplineVFX/_GenericSource/BP/BP_SplineVFX_Wind.uasset,.uasset,67936,_SplineVFX,Unreal package (class unverified),format/extension only,added/custom content
Content/_SplineVFX/_GenericSource/Material/M_Vfx_Basic.uasset,.uasset,27063,_SplineVFX,Unreal package (class unverified),format/extension only,added/custom content
Content/_SplineVFX/_GenericSource/Material/M_Vfx_BasicAdd.uasset,.uasset,21259,_SplineVFX,Unreal package (class unverified),format/extension only,added/custom content
Content/_SplineVFX/_GenericSource/Material/M_Vfx_DecalMark.uasset,.uasset,73633,_SplineVFX,Unreal package (class unverified),format/extension only,added/custom content
Content/_SplineVFX/_GenericSource/Material/M_Vfx_FlipBook.uasset,.uasset,41941,_SplineVFX,Unreal package (class unverified),format/extension only,added/custom content
Content/_SplineVFX/_GenericSource/Material/M_Vfx_FocusBelt.uasset,.uasset,49740,_SplineVFX,Unreal package (class unverified),format/extension only,added/custom content
Content/_SplineVFX/_GenericSource/Material/M_Vfx_HolyGround.uasset,.uasset,33908,_SplineVFX,Unreal package (class unverified),format/extension only,added/custom content
Content/_SplineVFX/_GenericSource/Material/M_Vfx_ParticleSubUV.uasset,.uasset,28501,_SplineVFX,Unreal package (class unverified),format/extension only,added/custom content
Content/_SplineVFX/_GenericSource/Material/M_Vfx_ParticleSubUV_FresnelFade.uasset,.uasset,28747,_SplineVFX,Unreal package (class unverified),format/extension only,added/custom content
Content/_SplineVFX/_GenericSource/Material/M_Vfx_ParticleSubUVAA_Lightning.uasset,.uasset,33701,_SplineVFX,Unreal package (class unverified),format/extension only,added/custom content
Content/_SplineVFX/_GenericSource/Material/M_Vfx_ParticleSubUVAdd.uasset,.uasset,19195,_SplineVFX,Unreal package (class unverified),format/extension only,added/custom content
Content/_SplineVFX/_GenericSource/Material/M_Vfx_RibbonBeamRay.uasset,.uasset,60546,_SplineVFX,Unreal package (class unverified),format/extension only,added/custom content
Content/_SplineVFX/_GenericSource/Material/MF/MF_RotateVectorWithAngle.uasset,.uasset,29738,_SplineVFX,Unreal package (class unverified),format/extension only,added/custom content
Content/_SplineVFX/_GenericSource/Material/MI/MI_Basic_trail05.uasset,.uasset,8555,_SplineVFX,Unreal package (class unverified),format/extension only,added/custom content
Content/_SplineVFX/_GenericSource/Material/MI/MI_FlipBook_wispySmoke.uasset,.uasset,9731,_SplineVFX,Unreal package (class unverified),format/extension only,added/custom content
Content/_SplineVFX/_GenericSource/Material/MI/MI_ParticleSubUVAdd_stamp_lightbeam_81.uasset,.uasset,9821,_SplineVFX,Unreal package (class unverified),format/extension only,added/custom content
Content/_SplineVFX/_GenericSource/Material/MI/MI_Vfx_Basic_center_03.uasset,.uasset,11993,_SplineVFX,Unreal package (class unverified),format/extension only,added/custom content
Content/_SplineVFX/_GenericSource/Material/MI/MI_Vfx_Basic_CircleDot_add_Fade100.uasset,.uasset,9750,_SplineVFX,Unreal package (class unverified),format/extension only,added/custom content
Content/_SplineVFX/_GenericSource/Material/MI/MI_Vfx_Basic_Stuff_bubble02.uasset,.uasset,9860,_SplineVFX,Unreal package (class unverified),format/extension only,added/custom content
Content/_SplineVFX/_GenericSource/Material/MI/MI_Vfx_Basic_stuff_splash_03.uasset,.uasset,9627,_SplineVFX,Unreal package (class unverified),format/extension only,added/custom content
Content/_SplineVFX/_GenericSource/Material/MI/MI_Vfx_BasicAddBG_center03.uasset,.uasset,9300,_SplineVFX,Unreal package (class unverified),format/extension only,added/custom content
Content/_SplineVFX/_GenericSource/Material/MI/MI_Vfx_DecalMark_Cave7.uasset,.uasset,12971,_SplineVFX,Unreal package (class unverified),format/extension only,added/custom content
Content/_SplineVFX/_GenericSource/Material/MI/MI_Vfx_DecalMark_Cave8.uasset,.uasset,12977,_SplineVFX,Unreal package (class unverified),format/extension only,added/custom content
Content/_SplineVFX/_GenericSource/Material/MI/MI_Vfx_DecalMark_Cave9.uasset,.uasset,14805,_SplineVFX,Unreal package (class unverified),format/extension only,added/custom content
Content/_SplineVFX/_GenericSource/Material/MI/MI_Vfx_DecalMark_Dot.uasset,.uasset,13612,_SplineVFX,Unreal package (class unverified),format/extension only,added/custom content
Content/_SplineVFX/_GenericSource/Material/MI/MI_Vfx_DecalMark_freeze_Fade.uasset,.uasset,13634,_SplineVFX,Unreal package (class unverified),format/extension only,added/custom content
Content/_SplineVFX/_GenericSource/Material/MI/MI_Vfx_DecalMark_Pondle_Z_only.uasset,.uasset,12955,_SplineVFX,Unreal package (class unverified),format/extension only,added/custom content
Content/_SplineVFX/_GenericSource/Material/MI/MI_Vfx_FlipBook_fireFlip_fade_slow.uasset,.uasset,10935,_SplineVFX,Unreal package (class unverified),format/extension only,added/custom content
Content/_SplineVFX/_GenericSource/Material/MI/MI_Vfx_FlipBook_Stamp_FireFlame_88_Vertical.uasset,.uasset,13200,_SplineVFX,Unreal package (class unverified),format/extension only,added/custom content
Content/_SplineVFX/_GenericSource/Material/MI/MI_Vfx_FlipBookp_Stamp_FireFury_88_Vertical.uasset,.uasset,13298,_SplineVFX,Unreal package (class unverified),format/extension only,added/custom content
Content/_SplineVFX/_GenericSource/Material/MI/MI_Vfx_FocusBelt_Tangent.uasset,.uasset,9159,_SplineVFX,Unreal package (class unverified),format/extension only,added/custom content
Content/_SplineVFX/_GenericSource/Material/MI/MI_Vfx_FocusBelt_Tangent1.uasset,.uasset,8782,_SplineVFX,Unreal package (class unverified),format/extension only,added/custom content
Content/_SplineVFX/_GenericSource/Material/MI/MI_Vfx_FocusBelt_Tangent2.uasset,.uasset,8841,_SplineVFX,Unreal package (class unverified),format/extension only,added/custom content
Content/_SplineVFX/_GenericSource/Material/MI/MI_Vfx_HolyGround_Inst.uasset,.uasset,7727,_SplineVFX,Unreal package (class unverified),format/extension only,added/custom content
Content/_SplineVFX/_GenericSource/Material/MI/MI_Vfx_HolyGround_Inst_ADD.uasset,.uasset,9477,_SplineVFX,Unreal package (class unverified),format/extension only,added/custom content
Content/_SplineVFX/_GenericSource/Material/MI/MI_Vfx_ParticleSubUV_fade_add.uasset,.uasset,13185,_SplineVFX,Unreal package (class unverified),format/extension only,added/custom content
Content/_SplineVFX/_GenericSource/Material/MI/MI_Vfx_ParticleSubUV_fog03_88_fade.uasset,.uasset,10904,_SplineVFX,Unreal package (class unverified),format/extension only,added/custom content
Content/_SplineVFX/_GenericSource/Material/MI/MI_Vfx_ParticleSubUV_Stamp_GroundFireRea_1111_add.uasset,.uasset,10077,_SplineVFX,Unreal package (class unverified),format/extension only,added/custom content
Content/_SplineVFX/_GenericSource/Material/MI/MI_Vfx_ParticleSubUV_Stamp_Smoke02_88.uasset,.uasset,13666,_SplineVFX,Unreal package (class unverified),format/extension only,added/custom content
Content/_SplineVFX/_GenericSource/Material/MI/MI_Vfx_ParticleSubUV_Stamp_Stamp_Electric_33_01.uasset,.uasset,11009,_SplineVFX,Unreal package (class unverified),format/extension only,added/custom content
Content/_SplineVFX/_GenericSource/Material/MI/MI_Vfx_ParticleSubUV_Stamp_Steam_88.uasset,.uasset,14643,_SplineVFX,Unreal package (class unverified),format/extension only,added/custom content
Content/_SplineVFX/_GenericSource/Material/MI/MI_Vfx_ParticleSubUV_Stamp_WaterSplash_77_mask.uasset,.uasset,13001,_SplineVFX,Unreal package (class unverified),format/extension only,added/custom content
Content/_SplineVFX/_GenericSource/Material/MI/MI_Vfx_RibbonBeamRay_Inst7.uasset,.uasset,12320,_SplineVFX,Unreal package (class unverified),format/extension only,added/custom content
Content/_SplineVFX/_GenericSource/NE/NMS_infiniteDeactivate.uasset,.uasset,44564,_SplineVFX,Unreal package (class unverified),format/extension only,added/custom content
Content/_SplineVFX/_GenericSource/Texture/T_Vfx_BasicDot.uasset,.uasset,65823,_SplineVFX,Unreal package (class unverified),format/extension only,added/custom content
Content/_SplineVFX/_GenericSource/Texture/T_Vfx_center_02.uasset,.uasset,48513,_SplineVFX,Unreal package (class unverified),format/extension only,added/custom content
Content/_SplineVFX/_GenericSource/Texture/T_Vfx_center_03.uasset,.uasset,21916,_SplineVFX,Unreal package (class unverified),format/extension only,added/custom content
Content/_SplineVFX/_GenericSource/Texture/T_Vfx_Circle_Stick.uasset,.uasset,116314,_SplineVFX,Unreal package (class unverified),format/extension only,added/custom content
Content/_SplineVFX/_GenericSource/Texture/T_Vfx_CircleDot.uasset,.uasset,50188,_SplineVFX,Unreal package (class unverified),format/extension only,added/custom content
Content/_SplineVFX/_GenericSource/Texture/T_Vfx_Dots01.uasset,.uasset,33107,_SplineVFX,Unreal package (class unverified),format/extension only,added/custom content
Content/_SplineVFX/_GenericSource/Texture/T_Vfx_Ground_Cave.uasset,.uasset,377657,_SplineVFX,Unreal package (class unverified),format/extension only,added/custom content
Content/_SplineVFX/_GenericSource/Texture/T_Vfx_Noise_05.uasset,.uasset,91675,_SplineVFX,Unreal package (class unverified),format/extension only,added/custom content
Content/_SplineVFX/_GenericSource/Texture/T_Vfx_Noise_07.uasset,.uasset,85559,_SplineVFX,Unreal package (class unverified),format/extension only,added/custom content
Content/_SplineVFX/_GenericSource/Texture/T_Vfx_Noise_3Distort.uasset,.uasset,79290,_SplineVFX,Unreal package (class unverified),format/extension only,added/custom content
Content/_SplineVFX/_GenericSource/Texture/T_Vfx_Noise_caustic_02.uasset,.uasset,26844,_SplineVFX,Unreal package (class unverified),format/extension only,added/custom content
Content/_SplineVFX/_GenericSource/Texture/T_Vfx_Noise_fire04.uasset,.uasset,192990,_SplineVFX,Unreal package (class unverified),format/extension only,added/custom content
Content/_SplineVFX/_GenericSource/Texture/T_Vfx_Noise_Perlin.uasset,.uasset,7915823,_SplineVFX,Unreal package (class unverified),format/extension only,added/custom content
Content/_SplineVFX/_GenericSource/Texture/T_Vfx_Noise_Tendril.uasset,.uasset,720909,_SplineVFX,Unreal package (class unverified),format/extension only,added/custom content
Content/_SplineVFX/_GenericSource/Texture/T_Vfx_Stamp_boom_81.uasset,.uasset,65217,_SplineVFX,Unreal package (class unverified),format/extension only,added/custom content
Content/_SplineVFX/_GenericSource/Texture/T_Vfx_Stamp_Electric_33.uasset,.uasset,47237,_SplineVFX,Unreal package (class unverified),format/extension only,added/custom content
Content/_SplineVFX/_GenericSource/Texture/T_Vfx_Stamp_FireFlame_88.uasset,.uasset,2925424,_SplineVFX,Unreal package (class unverified),format/extension only,added/custom content
Content/_SplineVFX/_GenericSource/Texture/T_Vfx_Stamp_FireFury_88.uasset,.uasset,3432165,_SplineVFX,Unreal package (class unverified),format/extension only,added/custom content
Content/_SplineVFX/_GenericSource/Texture/T_Vfx_Stamp_fireSRGB_88.uasset,.uasset,760095,_SplineVFX,Unreal package (class unverified),format/extension only,added/custom content
Content/_SplineVFX/_GenericSource/Texture/T_Vfx_Stamp_firestand_88.uasset,.uasset,759834,_SplineVFX,Unreal package (class unverified),format/extension only,added/custom content
Content/_SplineVFX/_GenericSource/Texture/T_Vfx_stamp_fog3_88.uasset,.uasset,309507,_SplineVFX,Unreal package (class unverified),format/extension only,added/custom content
Content/_SplineVFX/_GenericSource/Texture/T_Vfx_stamp_fog4_88.uasset,.uasset,627640,_SplineVFX,Unreal package (class unverified),format/extension only,added/custom content
Content/_SplineVFX/_GenericSource/Texture/T_Vfx_Stamp_GroundFireRea_1111.uasset,.uasset,1450249,_SplineVFX,Unreal package (class unverified),format/extension only,added/custom content
Content/_SplineVFX/_GenericSource/Texture/T_Vfx_stamp_light01_84.uasset,.uasset,350223,_SplineVFX,Unreal package (class unverified),format/extension only,added/custom content
Content/_SplineVFX/_GenericSource/Texture/T_Vfx_Stamp_Lightbeam_81.uasset,.uasset,26040,_SplineVFX,Unreal package (class unverified),format/extension only,added/custom content
Content/_SplineVFX/_GenericSource/Texture/T_Vfx_Stamp_lighting14.uasset,.uasset,261062,_SplineVFX,Unreal package (class unverified),format/extension only,added/custom content
Content/_SplineVFX/_GenericSource/Texture/T_Vfx_Stamp_Lightning_41.uasset,.uasset,467973,_SplineVFX,Unreal package (class unverified),format/extension only,added/custom content
Content/_SplineVFX/_GenericSource/Texture/T_Vfx_Stamp_Smoke02_88.uasset,.uasset,2588277,_SplineVFX,Unreal package (class unverified),format/extension only,added/custom content
Content/_SplineVFX/_GenericSource/Texture/T_Vfx_Stamp_Steam_88.uasset,.uasset,3244905,_SplineVFX,Unreal package (class unverified),format/extension only,added/custom content
Content/_SplineVFX/_GenericSource/Texture/T_Vfx_Stamp_WaterSplash_77.uasset,.uasset,1577127,_SplineVFX,Unreal package (class unverified),format/extension only,added/custom content
Content/_SplineVFX/_GenericSource/Texture/T_Vfx_Stamp_WaterUV_48.uasset,.uasset,1819085,_SplineVFX,Unreal package (class unverified),format/extension only,added/custom content
Content/_SplineVFX/_GenericSource/Texture/T_Vfx_Stamp_WispySmoke_88.uasset,.uasset,3746329,_SplineVFX,Unreal package (class unverified),format/extension only,added/custom content
Content/_SplineVFX/_GenericSource/Texture/T_Vfx_Stuff_bubble_02.uasset,.uasset,6550,_SplineVFX,Unreal package (class unverified),format/extension only,added/custom content
Content/_SplineVFX/_GenericSource/Texture/T_Vfx_Stuff_smoke_02.uasset,.uasset,195726,_SplineVFX,Unreal package (class unverified),format/extension only,added/custom content
Content/_SplineVFX/_GenericSource/Texture/T_Vfx_Stuff_splash_03.uasset,.uasset,21016,_SplineVFX,Unreal package (class unverified),format/extension only,added/custom content
Content/_SplineVFX/_GenericSource/Texture/T_Vfx_trail_05.uasset,.uasset,11327,_SplineVFX,Unreal package (class unverified),format/extension only,added/custom content
Content/_SplineVFX/_GenericSource/Texture/T_Vfx_UVS_gale_V.uasset,.uasset,18152,_SplineVFX,Unreal package (class unverified),format/extension only,added/custom content
Content/_SplineVFX/_GenericSource/Texture/T_Vfx_UVS_Ice.uasset,.uasset,1450399,_SplineVFX,Unreal package (class unverified),format/extension only,added/custom content
Content/_SplineVFX/_GenericSource/Texture/T_Vfx_UVS_Stripe02.uasset,.uasset,168161,_SplineVFX,Unreal package (class unverified),format/extension only,added/custom content
Content/_SplineVFX/_GenericSource/Texture/T_Vfx_UVS_Stripe02_mirror.uasset,.uasset,216894,_SplineVFX,Unreal package (class unverified),format/extension only,added/custom content
Content/_SplineVFX/_GenericSource/Texture/T_Vfx_White.uasset,.uasset,3835,_SplineVFX,Unreal package (class unverified),format/extension only,added/custom content
Content/_SplineVFX/Demo/Geometry/Meshes/1M_Cube.uasset,.uasset,16373,_SplineVFX,Unreal package (class unverified),format/extension only,added/custom content
Content/_SplineVFX/Demo/Geometry/Meshes/Barrel.uasset,.uasset,40964,_SplineVFX,Unreal package (class unverified),format/extension only,added/custom content
Content/_SplineVFX/Demo/Geometry/Meshes/CubeMaterial.uasset,.uasset,7508,_SplineVFX,Unreal package (class unverified),format/extension only,added/custom content
Content/_SplineVFX/Demo/Geometry/Meshes/DefaultTextMaterialTranslucentUnlit.uasset,.uasset,90562,_SplineVFX,Unreal package (class unverified),format/extension only,added/custom content
Content/_SplineVFX/Demo/Geometry/Meshes/SM_MyDemoSphere.uasset,.uasset,62485,_SplineVFX,Unreal package (class unverified),format/extension only,added/custom content
Content/_SplineVFX/Demo/Geometry/Meshes/TargetMaterial1.uasset,.uasset,7884,_SplineVFX,Unreal package (class unverified),format/extension only,added/custom content
Content/_SplineVFX/Demo/Geometry/Meshes/TemplateFloor.uasset,.uasset,22464,_SplineVFX,Unreal package (class unverified),format/extension only,added/custom content
Content/_SplineVFX/Demo/OverView_DemoScene_Spline.umap,.umap,187458,_SplineVFX,Unreal map (class unverified),format/extension only,added/custom content
Content/_SplineVFX/Demo/OverView_DemoScene_Spline_BuiltData.uasset,.uasset,1749620,_SplineVFX,Unreal package (class unverified),format/extension only,added/custom content
Content/_SplineVFX/NS/NS_Spline_ElectricLightning.uasset,.uasset,2327396,_SplineVFX,Unreal package (class unverified),format/extension only,added/custom content
Content/_SplineVFX/NS/NS_Spline_EnergyLoop.uasset,.uasset,2761319,_SplineVFX,Unreal package (class unverified),format/extension only,added/custom content
Content/_SplineVFX/NS/NS_Spline_Fire.uasset,.uasset,4940973,_SplineVFX,Unreal package (class unverified),format/extension only,added/custom content
Content/_SplineVFX/NS/NS_Spline_Frost.uasset,.uasset,1937798,_SplineVFX,Unreal package (class unverified),format/extension only,added/custom content
Content/_SplineVFX/NS/NS_Spline_Holy.uasset,.uasset,4369076,_SplineVFX,Unreal package (class unverified),format/extension only,added/custom content
Content/_SplineVFX/NS/NS_Spline_Magic.uasset,.uasset,4638018,_SplineVFX,Unreal package (class unverified),format/extension only,added/custom content
Content/_SplineVFX/NS/NS_Spline_MiasmaBoil.uasset,.uasset,6756118,_SplineVFX,Unreal package (class unverified),format/extension only,added/custom content
Content/_SplineVFX/NS/NS_Spline_ParticleFollow.uasset,.uasset,2856912,_SplineVFX,Unreal package (class unverified),format/extension only,added/custom content
Content/_SplineVFX/NS/NS_Spline_WaterSplash.uasset,.uasset,5381446,_SplineVFX,Unreal package (class unverified),format/extension only,added/custom content
Content/_SplineVFX/NS/NS_Spline_Wind.uasset,.uasset,1611320,_SplineVFX,Unreal package (class unverified),format/extension only,added/custom content
Content/ActionRPGStarterSystem/AI/AIPresets/BP_AggroEveryone.uasset,.uasset,44023,ActionRPGStarterSystem,Unreal package (class unverified),format/extension only,added/custom content
Content/ActionRPGStarterSystem/AI/AIPresets/BP_AIArcherMannequin_Child.uasset,.uasset,49309,ActionRPGStarterSystem,Unreal package (class unverified),format/extension only,added/custom content
Content/ActionRPGStarterSystem/AI/AIPresets/BP_AIMageMannequin_Child.uasset,.uasset,53436,ActionRPGStarterSystem,Unreal package (class unverified),format/extension only,added/custom content
Content/ActionRPGStarterSystem/AI/AIPresets/BP_AIMageMannequinFriendly.uasset,.uasset,86058,ActionRPGStarterSystem,Unreal package (class unverified),format/extension only,added/custom content
Content/ActionRPGStarterSystem/AI/AIPresets/BP_AIMannequin_Child.uasset,.uasset,52772,ActionRPGStarterSystem,Unreal package (class unverified),format/extension only,added/custom content
Content/ActionRPGStarterSystem/AI/AIPresets/BP_AIMannequinBoss_Child.uasset,.uasset,90617,ActionRPGStarterSystem,Unreal package (class unverified),format/extension only,added/custom content
Content/ActionRPGStarterSystem/AI/AIPresets/BP_AIRobot.uasset,.uasset,32062,ActionRPGStarterSystem,Unreal package (class unverified),format/extension only,added/custom content
Content/ActionRPGStarterSystem/AI/AIPresets/BP_AITurret.uasset,.uasset,32095,ActionRPGStarterSystem,Unreal package (class unverified),format/extension only,added/custom content
Content/ActionRPGStarterSystem/AI/AIPresets/BP_AIUE4Mannequin.uasset,.uasset,39394,ActionRPGStarterSystem,Unreal package (class unverified),format/extension only,added/custom content
Content/ActionRPGStarterSystem/AI/AIPresets/BP_BigSpider.uasset,.uasset,39832,ActionRPGStarterSystem,Unreal package (class unverified),format/extension only,added/custom content
Content/ActionRPGStarterSystem/AI/AIPresets/BP_CompanionAI.uasset,.uasset,41770,ActionRPGStarterSystem,Unreal package (class unverified),format/extension only,added/custom content
Content/ActionRPGStarterSystem/AI/AIPresets/BP_FriendlyAI.uasset,.uasset,107256,ActionRPGStarterSystem,Unreal package (class unverified),format/extension only,added/custom content
Content/ActionRPGStarterSystem/AI/AIPresets/BP_HostileOnDamageAI.uasset,.uasset,252459,ActionRPGStarterSystem,Unreal package (class unverified),format/extension only,added/custom content
Content/ActionRPGStarterSystem/AI/AIPresets/BP_NonFollowerFriendly.uasset,.uasset,52156,ActionRPGStarterSystem,Unreal package (class unverified),format/extension only,added/custom content
Content/ActionRPGStarterSystem/AI/AIPresets/BP_SpiderSmall.uasset,.uasset,40832,ActionRPGStarterSystem,Unreal package (class unverified),format/extension only,added/custom content
Content/ActionRPGStarterSystem/AI/AIPresets/BP_SpookedAI.uasset,.uasset,48123,ActionRPGStarterSystem,Unreal package (class unverified),format/extension only,added/custom content
Content/ActionRPGStarterSystem/AI/AIPresets/BP_TrainingTarget.uasset,.uasset,61367,ActionRPGStarterSystem,Unreal package (class unverified),format/extension only,added/custom content
Content/ActionRPGStarterSystem/AI/Behavior/AIBehaviorTree.uasset,.uasset,111499,ActionRPGStarterSystem,Unreal package (class unverified),format/extension only,added/custom content
Content/ActionRPGStarterSystem/AI/Behavior/AIBlackboard.uasset,.uasset,10593,ActionRPGStarterSystem,Unreal package (class unverified),format/extension only,added/custom content
Content/ActionRPGStarterSystem/AI/Behavior/Services/Service_CheckGuarding.uasset,.uasset,26905,ActionRPGStarterSystem,Unreal package (class unverified),format/extension only,added/custom content
Content/ActionRPGStarterSystem/AI/Behavior/Tasks/BP_AttackEnemy.uasset,.uasset,73049,ActionRPGStarterSystem,Unreal package (class unverified),format/extension only,added/custom content
Content/ActionRPGStarterSystem/AI/Behavior/Tasks/BP_CheckCanAttack.uasset,.uasset,90350,ActionRPGStarterSystem,Unreal package (class unverified),format/extension only,added/custom content
Content/ActionRPGStarterSystem/AI/Behavior/Tasks/BP_CheckCanExecuteSkillOnFriendly.uasset,.uasset,72163,ActionRPGStarterSystem,Unreal package (class unverified),format/extension only,added/custom content
Content/ActionRPGStarterSystem/AI/Behavior/Tasks/BP_CheckIfCanChaseTarget.uasset,.uasset,86147,ActionRPGStarterSystem,Unreal package (class unverified),format/extension only,added/custom content
Content/ActionRPGStarterSystem/AI/Behavior/Tasks/BP_CheckShouldRunAway.uasset,.uasset,116225,ActionRPGStarterSystem,Unreal package (class unverified),format/extension only,added/custom content
Content/ActionRPGStarterSystem/AI/Behavior/Tasks/BP_FocusEnemy.uasset,.uasset,60393,ActionRPGStarterSystem,Unreal package (class unverified),format/extension only,added/custom content
Content/ActionRPGStarterSystem/AI/Behavior/Tasks/BP_GuardMoveToEnemy.uasset,.uasset,550289,ActionRPGStarterSystem,Unreal package (class unverified),format/extension only,added/custom content
Content/ActionRPGStarterSystem/AI/Behavior/Tasks/BP_MoveAwayFromEnemy.uasset,.uasset,185000,ActionRPGStarterSystem,Unreal package (class unverified),format/extension only,added/custom content
Content/ActionRPGStarterSystem/AI/Behavior/Tasks/BP_MoveToEnemy.uasset,.uasset,186674,ActionRPGStarterSystem,Unreal package (class unverified),format/extension only,added/custom content
Content/ActionRPGStarterSystem/AI/Behavior/Tasks/BP_MoveToFriendly.uasset,.uasset,163085,ActionRPGStarterSystem,Unreal package (class unverified),format/extension only,added/custom content
Content/ActionRPGStarterSystem/AI/Behavior/Tasks/BP_MoveToFriendlyForSkill.uasset,.uasset,95892,ActionRPGStarterSystem,Unreal package (class unverified),format/extension only,added/custom content
Content/ActionRPGStarterSystem/AI/Behavior/Tasks/BP_MoveToLastKnownLoc.uasset,.uasset,96571,ActionRPGStarterSystem,Unreal package (class unverified),format/extension only,added/custom content
Content/ActionRPGStarterSystem/AI/Behavior/Tasks/BP_MoveToLocation.uasset,.uasset,145356,ActionRPGStarterSystem,Unreal package (class unverified),format/extension only,added/custom content
Content/ActionRPGStarterSystem/AI/Behavior/Tasks/BP_MoveToTargetCustom.uasset,.uasset,64549,ActionRPGStarterSystem,Unreal package (class unverified),format/extension only,added/custom content
Content/ActionRPGStarterSystem/AI/Behavior/Tasks/BP_OnTargetAbort.uasset,.uasset,140918,ActionRPGStarterSystem,Unreal package (class unverified),format/extension only,added/custom content
Content/ActionRPGStarterSystem/AI/Behavior/Tasks/BP_OnTargetSpotted.uasset,.uasset,45009,ActionRPGStarterSystem,Unreal package (class unverified),format/extension only,added/custom content
Content/ActionRPGStarterSystem/AI/Behavior/Tasks/BP_ServiceCheckIfCanChase.uasset,.uasset,195874,ActionRPGStarterSystem,Unreal package (class unverified),format/extension only,added/custom content
Content/ActionRPGStarterSystem/AI/Behavior/Tasks/BP_TaskFindRandomSpot.uasset,.uasset,69412,ActionRPGStarterSystem,Unreal package (class unverified),format/extension only,added/custom content
Content/ActionRPGStarterSystem/AI/Behavior/Tasks/BP_WaitCheckTargets.uasset,.uasset,71365,ActionRPGStarterSystem,Unreal package (class unverified),format/extension only,added/custom content
Content/ActionRPGStarterSystem/AI/Behavior/Tasks/EQS/AI_EQS_LastSeen.uasset,.uasset,12298,ActionRPGStarterSystem,Unreal package (class unverified),format/extension only,added/custom content
Content/ActionRPGStarterSystem/AI/Behavior/Tasks/EQS/AI_EQS_RunAway.uasset,.uasset,13042,ActionRPGStarterSystem,Unreal package (class unverified),format/extension only,added/custom content
Content/ActionRPGStarterSystem/AI/Behavior/Tasks/EQS/BP_EnemyQueryContext.uasset,.uasset,39218,ActionRPGStarterSystem,Unreal package (class unverified),format/extension only,added/custom content
Content/ActionRPGStarterSystem/AI/Behavior/Tasks/EQS/BP_HomeLocationQueryContext.uasset,.uasset,42437,ActionRPGStarterSystem,Unreal package (class unverified),format/extension only,added/custom content
Content/ActionRPGStarterSystem/AI/Behavior/Tasks/EQS/BP_LastSeenEnemyContext.uasset,.uasset,27925,ActionRPGStarterSystem,Unreal package (class unverified),format/extension only,added/custom content
Content/ActionRPGStarterSystem/AI/Behavior/Tasks/EQS/BP_LastSeenLocationContext.uasset,.uasset,27993,ActionRPGStarterSystem,Unreal package (class unverified),format/extension only,added/custom content
Content/ActionRPGStarterSystem/AI/Behavior/TestBehavior/BB_Companion.uasset,.uasset,2746,ActionRPGStarterSystem,Unreal package (class unverified),format/extension only,added/custom content
Content/ActionRPGStarterSystem/AI/Behavior/TestBehavior/BT_Companion.uasset,.uasset,11286,ActionRPGStarterSystem,Unreal package (class unverified),format/extension only,added/custom content
Content/ActionRPGStarterSystem/AI/Behavior/TestBehavior/BTContext_GetFriendly.uasset,.uasset,39595,ActionRPGStarterSystem,Unreal package (class unverified),format/extension only,added/custom content
Content/ActionRPGStarterSystem/AI/Behavior/TestBehavior/BTService_FriendlyStatus.uasset,.uasset,35100,ActionRPGStarterSystem,Unreal package (class unverified),format/extension only,added/custom content
Content/ActionRPGStarterSystem/AI/Behavior/TestBehavior/BTTask_FollowFriendly.uasset,.uasset,133817,ActionRPGStarterSystem,Unreal package (class unverified),format/extension only,added/custom content
Content/ActionRPGStarterSystem/AI/Behavior/TestBehavior/EQS_FollowPlayer.uasset,.uasset,11679,ActionRPGStarterSystem,Unreal package (class unverified),format/extension only,added/custom content
Content/ActionRPGStarterSystem/AI/BP_AI_AttackableObject.uasset,.uasset,271480,ActionRPGStarterSystem,Unreal package (class unverified),format/extension only,added/custom content
Content/ActionRPGStarterSystem/AI/BP_AI_Main.uasset,.uasset,4712144,ActionRPGStarterSystem,Unreal package (class unverified),format/extension only,added/custom content
Content/ActionRPGStarterSystem/AI/BP_AIHome.uasset,.uasset,649978,ActionRPGStarterSystem,Unreal package (class unverified),format/extension only,added/custom content
Content/ActionRPGStarterSystem/AI/BP_AILootSpawner.uasset,.uasset,220470,ActionRPGStarterSystem,Unreal package (class unverified),format/extension only,added/custom content
Content/ActionRPGStarterSystem/AI/BP_AIMainController.uasset,.uasset,23605,ActionRPGStarterSystem,Unreal package (class unverified),format/extension only,added/custom content
Content/ActionRPGStarterSystem/AI/BP_AIMainController_Detour.uasset,.uasset,23881,ActionRPGStarterSystem,Unreal package (class unverified),format/extension only,added/custom content
Content/ActionRPGStarterSystem/AI/BP_AIRespawner.uasset,.uasset,70430,ActionRPGStarterSystem,Unreal package (class unverified),format/extension only,added/custom content
Content/ActionRPGStarterSystem/AI/Data/DataAsset/DA_AISkill_CopyMe.uasset,.uasset,1397,ActionRPGStarterSystem,Unreal package (class unverified),format/extension only,added/custom content
Content/ActionRPGStarterSystem/AI/Data/DataAsset/DA_AISkills.uasset,.uasset,29517,ActionRPGStarterSystem,Unreal package (class unverified),format/extension only,added/custom content
Content/ActionRPGStarterSystem/AI/Data/DataAsset/Skills/DA_AISkill_AoeHeal.uasset,.uasset,4503,ActionRPGStarterSystem,Unreal package (class unverified),format/extension only,added/custom content
Content/ActionRPGStarterSystem/AI/Data/DataAsset/Skills/DA_AISkill_ArrowAttack.uasset,.uasset,3360,ActionRPGStarterSystem,Unreal package (class unverified),format/extension only,added/custom content
Content/ActionRPGStarterSystem/AI/Data/DataAsset/Skills/DA_AISkill_Beam.uasset,.uasset,2627,ActionRPGStarterSystem,Unreal package (class unverified),format/extension only,added/custom content
Content/ActionRPGStarterSystem/AI/Data/DataAsset/Skills/DA_AISkill_BigOrbAttack.uasset,.uasset,3307,ActionRPGStarterSystem,Unreal package (class unverified),format/extension only,added/custom content
Content/ActionRPGStarterSystem/AI/Data/DataAsset/Skills/DA_AISkill_BossSpinAttack.uasset,.uasset,3076,ActionRPGStarterSystem,Unreal package (class unverified),format/extension only,added/custom content
Content/ActionRPGStarterSystem/AI/Data/DataAsset/Skills/DA_AISkill_Melee.uasset,.uasset,3332,ActionRPGStarterSystem,Unreal package (class unverified),format/extension only,added/custom content
Content/ActionRPGStarterSystem/AI/Data/DataAsset/Skills/DA_AISkill_MeleeUE4.uasset,.uasset,3258,ActionRPGStarterSystem,Unreal package (class unverified),format/extension only,added/custom content
Content/ActionRPGStarterSystem/AI/Data/DataAsset/Skills/DA_AISkill_Omega1.uasset,.uasset,2141,ActionRPGStarterSystem,Unreal package (class unverified),format/extension only,added/custom content
Content/ActionRPGStarterSystem/AI/Data/DataAsset/Skills/DA_AISkill_Omega2.uasset,.uasset,2212,ActionRPGStarterSystem,Unreal package (class unverified),format/extension only,added/custom content
Content/ActionRPGStarterSystem/AI/Data/DataAsset/Skills/DA_AISkill_OrbAttack.uasset,.uasset,3493,ActionRPGStarterSystem,Unreal package (class unverified),format/extension only,added/custom content
Content/ActionRPGStarterSystem/AI/Data/DataAsset/Skills/DA_AISkill_Robot.uasset,.uasset,3069,ActionRPGStarterSystem,Unreal package (class unverified),format/extension only,added/custom content
Content/ActionRPGStarterSystem/AI/Data/DataAsset/Skills/DA_AISkill_Spider.uasset,.uasset,3077,ActionRPGStarterSystem,Unreal package (class unverified),format/extension only,added/custom content
Content/ActionRPGStarterSystem/AI/Data/DataAsset/Skills/DA_AISkill_SpiderBoss.uasset,.uasset,3097,ActionRPGStarterSystem,Unreal package (class unverified),format/extension only,added/custom content
Content/ActionRPGStarterSystem/AI/Data/DataAsset/Skills/DA_AISkill_SpinAttack.uasset,.uasset,3056,ActionRPGStarterSystem,Unreal package (class unverified),format/extension only,added/custom content
Content/ActionRPGStarterSystem/AI/Data/DataAsset/Skills/DA_AISkill_TurretOrb.uasset,.uasset,3299,ActionRPGStarterSystem,Unreal package (class unverified),format/extension only,added/custom content
Content/ActionRPGStarterSystem/AI/Data/S_AIRolledSpawns.uasset,.uasset,5152,ActionRPGStarterSystem,Unreal package (class unverified),format/extension only,added/custom content
Content/ActionRPGStarterSystem/AI/Data/S_AISkillCooldown.uasset,.uasset,4961,ActionRPGStarterSystem,Unreal package (class unverified),format/extension only,added/custom content
Content/ActionRPGStarterSystem/AI/Data/S_AISpawnSettings.uasset,.uasset,6849,ActionRPGStarterSystem,Unreal package (class unverified),format/extension only,added/custom content
Content/ActionRPGStarterSystem/AI/Data/S_SpawnedAI.uasset,.uasset,8871,ActionRPGStarterSystem,Unreal package (class unverified),format/extension only,added/custom content
Content/ActionRPGStarterSystem/AI/Widgets/BP_AIHealthbar.uasset,.uasset,404769,ActionRPGStarterSystem,Unreal package (class unverified),format/extension only,added/custom content
Content/ActionRPGStarterSystem/AI/Widgets/BP_BossHealthbar.uasset,.uasset,187651,ActionRPGStarterSystem,Unreal package (class unverified),format/extension only,added/custom content
Content/ActionRPGStarterSystem/Assets/BasicEnemy/BasicEnemy.uasset,.uasset,75651,ActionRPGStarterSystem,Unreal package (class unverified),format/extension only,added/custom content
Content/ActionRPGStarterSystem/Assets/BasicEnemy/BasicEnemy_Attack.uasset,.uasset,91876,ActionRPGStarterSystem,Unreal package (class unverified),format/extension only,added/custom content
Content/ActionRPGStarterSystem/Assets/BasicEnemy/BasicEnemy_Attack1.uasset,.uasset,12895,ActionRPGStarterSystem,Unreal package (class unverified),format/extension only,added/custom content
Content/ActionRPGStarterSystem/Assets/BasicEnemy/BasicEnemy_Idle.uasset,.uasset,92982,ActionRPGStarterSystem,Unreal package (class unverified),format/extension only,added/custom content
Content/ActionRPGStarterSystem/Assets/BasicEnemy/BasicEnemy_PhysicsAsset.uasset,.uasset,7576,ActionRPGStarterSystem,Unreal package (class unverified),format/extension only,added/custom content
Content/ActionRPGStarterSystem/Assets/BasicEnemy/BasicEnemy_Skeleton.uasset,.uasset,6355,ActionRPGStarterSystem,Unreal package (class unverified),format/extension only,added/custom content
Content/ActionRPGStarterSystem/Assets/BasicEnemy/BasicEnemy_Skeleton_AnimBlueprint.uasset,.uasset,129014,ActionRPGStarterSystem,Unreal package (class unverified),format/extension only,added/custom content
Content/ActionRPGStarterSystem/Assets/BasicEnemy/BasicEnemy_Spinattack.uasset,.uasset,95252,ActionRPGStarterSystem,Unreal package (class unverified),format/extension only,added/custom content
Content/ActionRPGStarterSystem/Assets/DemoRoom/BluePrint/RoomDescription.uasset,.uasset,83623,ActionRPGStarterSystem,Unreal package (class unverified),format/extension only,added/custom content
Content/ActionRPGStarterSystem/Assets/DemoRoom/Materials/DefaultTextMaterialTranslucentUnlit.uasset,.uasset,93584,ActionRPGStarterSystem,Unreal package (class unverified),format/extension only,added/custom content
Content/ActionRPGStarterSystem/Assets/DemoRoom/Materials/M_DemoRoomTiles.uasset,.uasset,86892,ActionRPGStarterSystem,Unreal package (class unverified),format/extension only,added/custom content
Content/ActionRPGStarterSystem/Assets/DemoRoom/Materials/M_DemoRoomTiles_Inst.uasset,.uasset,11248,ActionRPGStarterSystem,Unreal package (class unverified),format/extension only,added/custom content
Content/ActionRPGStarterSystem/Assets/DemoRoom/Materials/M_DemoWall.uasset,.uasset,79268,ActionRPGStarterSystem,Unreal package (class unverified),format/extension only,added/custom content
Content/ActionRPGStarterSystem/Assets/DemoRoom/Materials/M_DemoWall_Inst.uasset,.uasset,88115,ActionRPGStarterSystem,Unreal package (class unverified),format/extension only,added/custom content
Content/ActionRPGStarterSystem/Assets/DemoRoom/Materials/M_DemoWall_Inst2.uasset,.uasset,81887,ActionRPGStarterSystem,Unreal package (class unverified),format/extension only,added/custom content
Content/ActionRPGStarterSystem/Assets/DemoRoom/Materials/M_DemoWall_Inst_3.uasset,.uasset,106810,ActionRPGStarterSystem,Unreal package (class unverified),format/extension only,added/custom content
Content/ActionRPGStarterSystem/Assets/DemoRoom/Materials/M_DemoWall_Inst_BaseFloor_Inst.uasset,.uasset,89316,ActionRPGStarterSystem,Unreal package (class unverified),format/extension only,added/custom content
Content/ActionRPGStarterSystem/Assets/DemoRoom/Materials/M_DemoWall_Inst_NamePlate.uasset,.uasset,94678,ActionRPGStarterSystem,Unreal package (class unverified),format/extension only,added/custom content
Content/ActionRPGStarterSystem/Assets/DemoRoom/Materials/M_DemoWall_MattPlastic.uasset,.uasset,93673,ActionRPGStarterSystem,Unreal package (class unverified),format/extension only,added/custom content
Content/ActionRPGStarterSystem/Assets/DemoRoom/Materials/M_DemoWallPattern.uasset,.uasset,36569,ActionRPGStarterSystem,Unreal package (class unverified),format/extension only,added/custom content
Content/ActionRPGStarterSystem/Assets/DemoRoom/Materials/M_DemoWallPattern_Inst.uasset,.uasset,17733,ActionRPGStarterSystem,Unreal package (class unverified),format/extension only,added/custom content
Content/ActionRPGStarterSystem/Assets/DemoRoom/Materials/M_DemoWallPattern_Inst_Mirrored.uasset,.uasset,124357,ActionRPGStarterSystem,Unreal package (class unverified),format/extension only,added/custom content
Content/ActionRPGStarterSystem/Assets/DemoRoom/Materials/M_DemoWallPattern_NoText.uasset,.uasset,118539,ActionRPGStarterSystem,Unreal package (class unverified),format/extension only,added/custom content
Content/ActionRPGStarterSystem/Assets/DemoRoom/Materials/M_Glass.uasset,.uasset,87293,ActionRPGStarterSystem,Unreal package (class unverified),format/extension only,added/custom content
Content/ActionRPGStarterSystem/Assets/DemoRoom/Materials/M_Glass_Inst.uasset,.uasset,94751,ActionRPGStarterSystem,Unreal package (class unverified),format/extension only,added/custom content
Content/ActionRPGStarterSystem/Assets/DemoRoom/Materials/M_LightTube.uasset,.uasset,91119,ActionRPGStarterSystem,Unreal package (class unverified),format/extension only,added/custom content
Content/ActionRPGStarterSystem/Assets/DemoRoom/Materials/M_LightTube_Inst.uasset,.uasset,64022,ActionRPGStarterSystem,Unreal package (class unverified),format/extension only,added/custom content
Content/ActionRPGStarterSystem/Assets/DemoRoom/Meshes/SM_Base.uasset,.uasset,738170,ActionRPGStarterSystem,Unreal package (class unverified),format/extension only,added/custom content
Content/ActionRPGStarterSystem/Assets/DemoRoom/Meshes/SM_Base_FlatWall.uasset,.uasset,112940,ActionRPGStarterSystem,Unreal package (class unverified),format/extension only,added/custom content
Content/ActionRPGStarterSystem/Assets/DemoRoom/Physical_Materials/Concrete.uasset,.uasset,1550,ActionRPGStarterSystem,Unreal package (class unverified),format/extension only,added/custom content
Content/ActionRPGStarterSystem/Assets/DemoRoom/Physical_Materials/Metal.uasset,.uasset,1444,ActionRPGStarterSystem,Unreal package (class unverified),format/extension only,added/custom content
Content/ActionRPGStarterSystem/Assets/DemoRoom/Physical_Materials/Rubber.uasset,.uasset,1542,ActionRPGStarterSystem,Unreal package (class unverified),format/extension only,added/custom content
Content/ActionRPGStarterSystem/Assets/DemoRoom/SM_MERGED_BP_DemoRoom_2.uasset,.uasset,903863,ActionRPGStarterSystem,Unreal package (class unverified),format/extension only,added/custom content
Content/ActionRPGStarterSystem/Assets/DemoRoom/Textures/T_Pattern_M.uasset,.uasset,1293017,ActionRPGStarterSystem,Unreal package (class unverified),format/extension only,added/custom content
Content/ActionRPGStarterSystem/Assets/DemoRoom/Textures/T_RoomTiles_M.uasset,.uasset,253752,ActionRPGStarterSystem,Unreal package (class unverified),format/extension only,added/custom content
Content/ActionRPGStarterSystem/Assets/DemoRoom/Textures/T_RoomTiles_N.uasset,.uasset,2414619,ActionRPGStarterSystem,Unreal package (class unverified),format/extension only,added/custom content
Content/ActionRPGStarterSystem/Assets/DemoRoom/Textures/T_UnrealEngineDecal.uasset,.uasset,106034,ActionRPGStarterSystem,Unreal package (class unverified),format/extension only,added/custom content
Content/ActionRPGStarterSystem/Assets/FireFX/Materials/M_Fire.uasset,.uasset,103990,ActionRPGStarterSystem,Unreal package (class unverified),format/extension only,added/custom content
Content/ActionRPGStarterSystem/Assets/FireFX/Materials/M_Fire_Inst.uasset,.uasset,85326,ActionRPGStarterSystem,Unreal package (class unverified),format/extension only,added/custom content
Content/ActionRPGStarterSystem/Assets/FireFX/Meshes/SM_FireFX.uasset,.uasset,109727,ActionRPGStarterSystem,Unreal package (class unverified),format/extension only,added/custom content
Content/ActionRPGStarterSystem/Assets/FireFX/Textures/T_Fire_D.uasset,.uasset,1680762,ActionRPGStarterSystem,Unreal package (class unverified),format/extension only,added/custom content
Content/ActionRPGStarterSystem/Assets/Geometry/Meshes/Materials/M_Beam.uasset,.uasset,10464,ActionRPGStarterSystem,Unreal package (class unverified),format/extension only,added/custom content
Content/ActionRPGStarterSystem/Assets/Geometry/Meshes/Materials/M_CubeMaterial.uasset,.uasset,94519,ActionRPGStarterSystem,Unreal package (class unverified),format/extension only,added/custom content
Content/ActionRPGStarterSystem/Assets/Geometry/Meshes/SM_1M_Cube.uasset,.uasset,16880,ActionRPGStarterSystem,Unreal package (class unverified),format/extension only,added/custom content
Content/ActionRPGStarterSystem/Assets/Geometry/Meshes/SM_Beam.uasset,.uasset,48644,ActionRPGStarterSystem,Unreal package (class unverified),format/extension only,added/custom content
Content/ActionRPGStarterSystem/Assets/Geometry/Meshes/SM_Disk.uasset,.uasset,98016,ActionRPGStarterSystem,Unreal package (class unverified),format/extension only,added/custom content
Content/ActionRPGStarterSystem/Assets/Mannequin/Character/Materials/M_UE4Man_Body.uasset,.uasset,140458,ActionRPGStarterSystem,Unreal package (class unverified),format/extension only,added/custom content
Content/ActionRPGStarterSystem/Assets/Mannequin/Character/Materials/M_UE4Man_Body_Inst.uasset,.uasset,137886,ActionRPGStarterSystem,Unreal package (class unverified),format/extension only,added/custom content
Content/ActionRPGStarterSystem/Assets/Mannequin/Character/Materials/M_UE4Man_Body_Inst1.uasset,.uasset,136078,ActionRPGStarterSystem,Unreal package (class unverified),format/extension only,added/custom content
Content/ActionRPGStarterSystem/Assets/Mannequin/Character/Materials/M_UE4Man_Body_Inst2.uasset,.uasset,138086,ActionRPGStarterSystem,Unreal package (class unverified),format/extension only,added/custom content
Content/ActionRPGStarterSystem/Assets/Mannequin/Character/Materials/M_UE4Man_Body_Inst3.uasset,.uasset,136491,ActionRPGStarterSystem,Unreal package (class unverified),format/extension only,added/custom content
Content/ActionRPGStarterSystem/Assets/Mannequin/Character/Materials/M_UE4Man_Body_Inst4.uasset,.uasset,126926,ActionRPGStarterSystem,Unreal package (class unverified),format/extension only,added/custom content
Content/ActionRPGStarterSystem/Assets/Mannequin/Character/Materials/M_UE4Man_ChestLogo.uasset,.uasset,98200,ActionRPGStarterSystem,Unreal package (class unverified),format/extension only,added/custom content
Content/ActionRPGStarterSystem/Assets/Mannequin/Character/Materials/M_UE4Man_ChestLogo_Inst.uasset,.uasset,118424,ActionRPGStarterSystem,Unreal package (class unverified),format/extension only,added/custom content
Content/ActionRPGStarterSystem/Assets/Mannequin/Character/Materials/M_UE4Man_ChestLogo_Inst1.uasset,.uasset,119008,ActionRPGStarterSystem,Unreal package (class unverified),format/extension only,added/custom content
Content/ActionRPGStarterSystem/Assets/Mannequin/Character/Materials/M_UE4Man_ChestLogo_Inst2.uasset,.uasset,119975,ActionRPGStarterSystem,Unreal package (class unverified),format/extension only,added/custom content
Content/ActionRPGStarterSystem/Assets/Mannequin/Character/Materials/M_UE4Man_ChestLogo_Inst3.uasset,.uasset,112844,ActionRPGStarterSystem,Unreal package (class unverified),format/extension only,added/custom content
Content/ActionRPGStarterSystem/Assets/Mannequin/Character/Materials/MaterialLayers/ML_GlossyBlack_Latex_UE4.uasset,.uasset,80778,ActionRPGStarterSystem,Unreal package (class unverified),format/extension only,added/custom content
Content/ActionRPGStarterSystem/Assets/Mannequin/Character/Materials/MaterialLayers/ML_Plastic_Shiny_Beige.uasset,.uasset,76889,ActionRPGStarterSystem,Unreal package (class unverified),format/extension only,added/custom content
Content/ActionRPGStarterSystem/Assets/Mannequin/Character/Materials/MaterialLayers/ML_Plastic_Shiny_Beige_LOGO.uasset,.uasset,89769,ActionRPGStarterSystem,Unreal package (class unverified),format/extension only,added/custom content
Content/ActionRPGStarterSystem/Assets/Mannequin/Character/Materials/MaterialLayers/ML_SoftMetal_UE4.uasset,.uasset,81449,ActionRPGStarterSystem,Unreal package (class unverified),format/extension only,added/custom content
Content/ActionRPGStarterSystem/Assets/Mannequin/Character/Materials/MaterialLayers/T_ML_Aluminum01.uasset,.uasset,337541,ActionRPGStarterSystem,Unreal package (class unverified),format/extension only,added/custom content
Content/ActionRPGStarterSystem/Assets/Mannequin/Character/Materials/MaterialLayers/T_ML_Aluminum01_N.uasset,.uasset,305408,ActionRPGStarterSystem,Unreal package (class unverified),format/extension only,added/custom content
Content/ActionRPGStarterSystem/Assets/Mannequin/Character/Materials/MaterialLayers/T_ML_Rubber_Blue_01_D.uasset,.uasset,380033,ActionRPGStarterSystem,Unreal package (class unverified),format/extension only,added/custom content
Content/ActionRPGStarterSystem/Assets/Mannequin/Character/Materials/MaterialLayers/T_ML_Rubber_Blue_01_N.uasset,.uasset,287378,ActionRPGStarterSystem,Unreal package (class unverified),format/extension only,added/custom content
Content/ActionRPGStarterSystem/Assets/Mannequin/Character/Mesh/UE4Char/Mannequin/Animations/Montages/UE4_Anim_AxeAttack1.uasset,.uasset,338340,ActionRPGStarterSystem,Unreal package (class unverified),format/extension only,added/custom content
Content/ActionRPGStarterSystem/Assets/Mannequin/Character/Mesh/UE4Char/Mannequin/Animations/Montages/UE4_Anim_AxeAttack1_Montage_Manny.uasset,.uasset,100190,ActionRPGStarterSystem,Unreal package (class unverified),format/extension only,added/custom content
Content/ActionRPGStarterSystem/Assets/Mannequin/Character/Mesh/UE4Char/Mannequin/Animations/Montages/UE4_Anim_AxeAttack2.uasset,.uasset,343044,ActionRPGStarterSystem,Unreal package (class unverified),format/extension only,added/custom content
Content/ActionRPGStarterSystem/Assets/Mannequin/Character/Mesh/UE4Char/Mannequin/Animations/Montages/UE4_Anim_AxeAttack2_Montage_Manny.uasset,.uasset,99994,ActionRPGStarterSystem,Unreal package (class unverified),format/extension only,added/custom content
Content/ActionRPGStarterSystem/Assets/Mannequin/Character/Mesh/UE4Char/Mannequin/Animations/Montages/UE4_Anim_BowAttack.uasset,.uasset,248769,ActionRPGStarterSystem,Unreal package (class unverified),format/extension only,added/custom content
Content/ActionRPGStarterSystem/Assets/Mannequin/Character/Mesh/UE4Char/Mannequin/Animations/Montages/UE4_Anim_BowAttack_Montage_Manny.uasset,.uasset,97655,ActionRPGStarterSystem,Unreal package (class unverified),format/extension only,added/custom content
Content/ActionRPGStarterSystem/Assets/Mannequin/Character/Mesh/UE4Char/Mannequin/Animations/Montages/UE4_Anim_SwordAttack1.uasset,.uasset,279357,ActionRPGStarterSystem,Unreal package (class unverified),format/extension only,added/custom content
Content/ActionRPGStarterSystem/Assets/Mannequin/Character/Mesh/UE4Char/Mannequin/Animations/Montages/UE4_Anim_SwordAttack1_Montage_Manny.uasset,.uasset,13111,ActionRPGStarterSystem,Unreal package (class unverified),format/extension only,added/custom content
Content/ActionRPGStarterSystem/Assets/Mannequin/Character/Mesh/UE4Char/Mannequin/Animations/Montages/UE4_Anim_SwordAttack2.uasset,.uasset,306596,ActionRPGStarterSystem,Unreal package (class unverified),format/extension only,added/custom content
Content/ActionRPGStarterSystem/Assets/Mannequin/Character/Mesh/UE4Char/Mannequin/Animations/Montages/UE4_Anim_SwordAttack2_Montage_Manny.uasset,.uasset,97693,ActionRPGStarterSystem,Unreal package (class unverified),format/extension only,added/custom content
Content/ActionRPGStarterSystem/Assets/Mannequin/Character/Mesh/UE4Char/Mannequin/Animations/Montages/UE4_AnimChannelling.uasset,.uasset,437935,ActionRPGStarterSystem,Unreal package (class unverified),format/extension only,added/custom content
Content/ActionRPGStarterSystem/Assets/Mannequin/Character/Mesh/UE4Char/Mannequin/Animations/Montages/UE4_AnimChannelling_Montage.uasset,.uasset,100769,ActionRPGStarterSystem,Unreal package (class unverified),format/extension only,added/custom content
Content/ActionRPGStarterSystem/Assets/Mannequin/Character/Mesh/UE4Char/Mannequin/Animations/Montages/UE4_AnimSpinningAttack.uasset,.uasset,392473,ActionRPGStarterSystem,Unreal package (class unverified),format/extension only,added/custom content
Content/ActionRPGStarterSystem/Assets/Mannequin/Character/Mesh/UE4Char/Mannequin/Animations/Montages/UE4_AnimSpinningAttack_Montage_Manny.uasset,.uasset,99315,ActionRPGStarterSystem,Unreal package (class unverified),format/extension only,added/custom content
Content/ActionRPGStarterSystem/Assets/Mannequin/Character/Mesh/UE4Char/Mannequin/Animations/Montages/UE4_BossStagger.uasset,.uasset,716546,ActionRPGStarterSystem,Unreal package (class unverified),format/extension only,added/custom content
Content/ActionRPGStarterSystem/Assets/Mannequin/Character/Mesh/UE4Char/Mannequin/Animations/Montages/UE4_BossStunned_Montage_Manny.uasset,.uasset,95202,ActionRPGStarterSystem,Unreal package (class unverified),format/extension only,added/custom content
Content/ActionRPGStarterSystem/Assets/Mannequin/Character/Mesh/UE4Char/Mannequin/Animations/Montages/UE4_HammerAttack.uasset,.uasset,587072,ActionRPGStarterSystem,Unreal package (class unverified),format/extension only,added/custom content
Content/ActionRPGStarterSystem/Assets/Mannequin/Character/Mesh/UE4Char/Mannequin/Animations/Montages/UE4_HammerAttack_Montage_Manny.uasset,.uasset,97211,ActionRPGStarterSystem,Unreal package (class unverified),format/extension only,added/custom content
Content/ActionRPGStarterSystem/Assets/Mannequin/Character/Mesh/UE4Char/Mannequin/Animations/Montages/UE4_OmegaBasicAttack.uasset,.uasset,449661,ActionRPGStarterSystem,Unreal package (class unverified),format/extension only,added/custom content
Content/ActionRPGStarterSystem/Assets/Mannequin/Character/Mesh/UE4Char/Mannequin/Animations/Montages/UE4_OmegaBasicAttack_Montage_Manny.uasset,.uasset,101279,ActionRPGStarterSystem,Unreal package (class unverified),format/extension only,added/custom content
Content/ActionRPGStarterSystem/Assets/Mannequin/Character/Mesh/UE4Char/Mannequin/Animations/Montages/UE4_OmegaWideSwing.uasset,.uasset,495112,ActionRPGStarterSystem,Unreal package (class unverified),format/extension only,added/custom content
Content/ActionRPGStarterSystem/Assets/Mannequin/Character/Mesh/UE4Char/Mannequin/Animations/Montages/UE4_OmegaWideSwing_Montage_Manny.uasset,.uasset,100567,ActionRPGStarterSystem,Unreal package (class unverified),format/extension only,added/custom content
Content/ActionRPGStarterSystem/Assets/Mannequin/Character/Mesh/UE4Char/Mannequin/Animations/Montages/UE4_PoisOrbAttack.uasset,.uasset,416400,ActionRPGStarterSystem,Unreal package (class unverified),format/extension only,added/custom content
Content/ActionRPGStarterSystem/Assets/Mannequin/Character/Mesh/UE4Char/Mannequin/Animations/Montages/UE4_PoisOrbAttack_Montage_Manny.uasset,.uasset,99099,ActionRPGStarterSystem,Unreal package (class unverified),format/extension only,added/custom content
Content/ActionRPGStarterSystem/Assets/Mannequin/Character/Mesh/UE4Char/Mannequin/Animations/Montages/UE4_ShieldBlock.uasset,.uasset,701788,ActionRPGStarterSystem,Unreal package (class unverified),format/extension only,added/custom content
Content/ActionRPGStarterSystem/Assets/Mannequin/Character/Mesh/UE4Char/Mannequin/Animations/Montages/UE4_ShieldBlock_Montage_Manny.uasset,.uasset,96252,ActionRPGStarterSystem,Unreal package (class unverified),format/extension only,added/custom content
Content/ActionRPGStarterSystem/Assets/Mannequin/Character/Mesh/UE4Char/Mannequin/Animations/SK_UE4_Skeleton_AnimBlueprint.uasset,.uasset,526557,ActionRPGStarterSystem,Unreal package (class unverified),format/extension only,added/custom content
Content/ActionRPGStarterSystem/Assets/Mannequin/Character/Mesh/UE4Char/Mannequin/Animations/UE4_BS_AimWalk.uasset,.uasset,98905,ActionRPGStarterSystem,Unreal package (class unverified),format/extension only,added/custom content
Content/ActionRPGStarterSystem/Assets/Mannequin/Character/Mesh/UE4Char/Mannequin/Animations/UE4_BS_IdleRun.uasset,.uasset,97753,ActionRPGStarterSystem,Unreal package (class unverified),format/extension only,added/custom content
Content/ActionRPGStarterSystem/Assets/Mannequin/Character/Mesh/UE4Char/Mannequin/Animations/UE4_MF_Idle.uasset,.uasset,1458170,ActionRPGStarterSystem,Unreal package (class unverified),format/extension only,added/custom content
Content/ActionRPGStarterSystem/Assets/Mannequin/Character/Mesh/UE4Char/Mannequin/Animations/UE4_MF_Run_Fwd.uasset,.uasset,576230,ActionRPGStarterSystem,Unreal package (class unverified),format/extension only,added/custom content
Content/ActionRPGStarterSystem/Assets/Mannequin/Character/Mesh/UE4Char/Mannequin/Animations/UE4_MM_Fall_Loop.uasset,.uasset,1184905,ActionRPGStarterSystem,Unreal package (class unverified),format/extension only,added/custom content
Content/ActionRPGStarterSystem/Assets/Mannequin/Character/Mesh/UE4Char/Mannequin/Animations/UE4_MM_Idle.uasset,.uasset,2055592,ActionRPGStarterSystem,Unreal package (class unverified),format/extension only,added/custom content
Content/ActionRPGStarterSystem/Assets/Mannequin/Character/Mesh/UE4Char/Mannequin/Animations/UE4_MM_Jump.uasset,.uasset,465286,ActionRPGStarterSystem,Unreal package (class unverified),format/extension only,added/custom content
Content/ActionRPGStarterSystem/Assets/Mannequin/Character/Mesh/UE4Char/Mannequin/Animations/UE4_MM_Mount.uasset,.uasset,2485803,ActionRPGStarterSystem,Unreal package (class unverified),format/extension only,added/custom content
Content/ActionRPGStarterSystem/Assets/Mannequin/Character/Mesh/UE4Char/Mannequin/Animations/UE4_MM_Walk_Fwd.uasset,.uasset,848202,ActionRPGStarterSystem,Unreal package (class unverified),format/extension only,added/custom content
Content/ActionRPGStarterSystem/Assets/Mannequin/Character/Mesh/UE4Char/Mannequin/Animations/UE4_ThirdPersonBow.uasset,.uasset,714536,ActionRPGStarterSystem,Unreal package (class unverified),format/extension only,added/custom content
Content/ActionRPGStarterSystem/Assets/Mannequin/Character/Mesh/UE4Char/Mannequin/Animations/UE4_ThirdPersonHMIdle.uasset,.uasset,713356,ActionRPGStarterSystem,Unreal package (class unverified),format/extension only,added/custom content
Content/ActionRPGStarterSystem/Assets/Mannequin/Character/Mesh/UE4Char/Mannequin/Animations/UE4_Walk_AimB.uasset,.uasset,600339,ActionRPGStarterSystem,Unreal package (class unverified),format/extension only,added/custom content
Content/ActionRPGStarterSystem/Assets/Mannequin/Character/Mesh/UE4Char/Mannequin/Animations/UE4_Walk_AimBL.uasset,.uasset,598649,ActionRPGStarterSystem,Unreal package (class unverified),format/extension only,added/custom content
Content/ActionRPGStarterSystem/Assets/Mannequin/Character/Mesh/UE4Char/Mannequin/Animations/UE4_Walk_AimBR.uasset,.uasset,603583,ActionRPGStarterSystem,Unreal package (class unverified),format/extension only,added/custom content
Content/ActionRPGStarterSystem/Assets/Mannequin/Character/Mesh/UE4Char/Mannequin/Animations/UE4_Walk_AimF.uasset,.uasset,581041,ActionRPGStarterSystem,Unreal package (class unverified),format/extension only,added/custom content
Content/ActionRPGStarterSystem/Assets/Mannequin/Character/Mesh/UE4Char/Mannequin/Animations/UE4_Walk_AimFL.uasset,.uasset,598549,ActionRPGStarterSystem,Unreal package (class unverified),format/extension only,added/custom content
Content/ActionRPGStarterSystem/Assets/Mannequin/Character/Mesh/UE4Char/Mannequin/Animations/UE4_Walk_AimL.uasset,.uasset,584027,ActionRPGStarterSystem,Unreal package (class unverified),format/extension only,added/custom content
Content/ActionRPGStarterSystem/Assets/Mannequin/Character/Mesh/UE4Char/Mannequin/Animations/UE4_Walk_AimR.uasset,.uasset,589372,ActionRPGStarterSystem,Unreal package (class unverified),format/extension only,added/custom content
Content/ActionRPGStarterSystem/Assets/Mannequin/Character/Mesh/UE4Char/Mannequin/Character/Mesh/SK_Mannequin.uasset,.uasset,7325482,ActionRPGStarterSystem,Unreal package (class unverified),format/extension only,added/custom content
Content/ActionRPGStarterSystem/Assets/Mannequin/Character/Mesh/UE4Char/Mannequin/Character/Mesh/SK_Mannequin_Female.uasset,.uasset,7070830,ActionRPGStarterSystem,Unreal package (class unverified),format/extension only,added/custom content
Content/ActionRPGStarterSystem/Assets/Mannequin/Character/Mesh/UE4Char/Mannequin/Character/Mesh/SK_Mannequin_PhysicsAsset.uasset,.uasset,124604,ActionRPGStarterSystem,Unreal package (class unverified),format/extension only,added/custom content
Content/ActionRPGStarterSystem/Assets/Mannequin/Character/Mesh/UE4Char/Mannequin/Character/Mesh/UE4_Mannequin_Skeleton.uasset,.uasset,44815,ActionRPGStarterSystem,Unreal package (class unverified),format/extension only,added/custom content
Content/ActionRPGStarterSystem/Assets/Mannequin/Character/Mesh/UE5Char/EquipmentMeshes/Modular/SK_Manny_Arms.uasset,.uasset,2700687,ActionRPGStarterSystem,Unreal package (class unverified),format/extension only,added/custom content
Content/ActionRPGStarterSystem/Assets/Mannequin/Character/Mesh/UE5Char/EquipmentMeshes/Modular/SK_Manny_Foot.uasset,.uasset,1543736,ActionRPGStarterSystem,Unreal package (class unverified),format/extension only,added/custom content
Content/ActionRPGStarterSystem/Assets/Mannequin/Character/Mesh/UE5Char/EquipmentMeshes/Modular/SK_Manny_Hands.uasset,.uasset,3922812,ActionRPGStarterSystem,Unreal package (class unverified),format/extension only,added/custom content
Content/ActionRPGStarterSystem/Assets/Mannequin/Character/Mesh/UE5Char/EquipmentMeshes/Modular/SK_Manny_Head.uasset,.uasset,1769309,ActionRPGStarterSystem,Unreal package (class unverified),format/extension only,added/custom content
Content/ActionRPGStarterSystem/Assets/Mannequin/Character/Mesh/UE5Char/EquipmentMeshes/SK_MannyArmor.uasset,.uasset,7284369,ActionRPGStarterSystem,Unreal package (class unverified),format/extension only,added/custom content
Content/ActionRPGStarterSystem/Assets/Mannequin/Character/Mesh/UE5Char/EquipmentMeshes/SK_MannyArmor_PhysicsAsset.uasset,.uasset,99632,ActionRPGStarterSystem,Unreal package (class unverified),format/extension only,added/custom content
Content/ActionRPGStarterSystem/Assets/Mannequin/Character/Mesh/UE5Char/EquipmentMeshes/SK_MannyBelt.uasset,.uasset,525388,ActionRPGStarterSystem,Unreal package (class unverified),format/extension only,added/custom content
Content/ActionRPGStarterSystem/Assets/Mannequin/Character/Mesh/UE5Char/EquipmentMeshes/SK_MannyBelt_PhysicsAsset.uasset,.uasset,94528,ActionRPGStarterSystem,Unreal package (class unverified),format/extension only,added/custom content
Content/ActionRPGStarterSystem/Assets/Mannequin/Character/Mesh/UE5Char/EquipmentMeshes/SK_MannyBoots.uasset,.uasset,4847365,ActionRPGStarterSystem,Unreal package (class unverified),format/extension only,added/custom content
Content/ActionRPGStarterSystem/Assets/Mannequin/Character/Mesh/UE5Char/EquipmentMeshes/SK_MannyBoots_PhysicsAsset.uasset,.uasset,103144,ActionRPGStarterSystem,Unreal package (class unverified),format/extension only,added/custom content
Content/ActionRPGStarterSystem/Assets/Mannequin/Character/Mesh/UE5Char/EquipmentMeshes/SK_MannyCape.uasset,.uasset,184237,ActionRPGStarterSystem,Unreal package (class unverified),format/extension only,added/custom content
Content/ActionRPGStarterSystem/Assets/Mannequin/Character/Mesh/UE5Char/EquipmentMeshes/SK_MannyCape_PhysicsAsset.uasset,.uasset,91358,ActionRPGStarterSystem,Unreal package (class unverified),format/extension only,added/custom content
Content/ActionRPGStarterSystem/Assets/Mannequin/Character/Mesh/UE5Char/EquipmentMeshes/SK_MannyGloves.uasset,.uasset,10717707,ActionRPGStarterSystem,Unreal package (class unverified),format/extension only,added/custom content
Content/ActionRPGStarterSystem/Assets/Mannequin/Character/Mesh/UE5Char/EquipmentMeshes/SK_MannyGloves_PhysicsAsset.uasset,.uasset,89397,ActionRPGStarterSystem,Unreal package (class unverified),format/extension only,added/custom content
Content/ActionRPGStarterSystem/Assets/Mannequin/Character/Mesh/UE5Char/EquipmentMeshes/SK_MannyHelmet.uasset,.uasset,2212728,ActionRPGStarterSystem,Unreal package (class unverified),format/extension only,added/custom content
Content/ActionRPGStarterSystem/Assets/Mannequin/Character/Mesh/UE5Char/EquipmentMeshes/SK_MannyHelmet_PhysicsAsset.uasset,.uasset,89918,ActionRPGStarterSystem,Unreal package (class unverified),format/extension only,added/custom content
Content/ActionRPGStarterSystem/Assets/Mannequin/Character/Mesh/UE5Char/EquipmentMeshes/SK_MannyPants.uasset,.uasset,3417498,ActionRPGStarterSystem,Unreal package (class unverified),format/extension only,added/custom content
Content/ActionRPGStarterSystem/Assets/Mannequin/Character/Mesh/UE5Char/EquipmentMeshes/SK_MannyPants_PhysicsAsset.uasset,.uasset,101707,ActionRPGStarterSystem,Unreal package (class unverified),format/extension only,added/custom content
Content/ActionRPGStarterSystem/Assets/Mannequin/Character/Mesh/UE5Char/EquipmentMeshes/SK_MannyShoulders.uasset,.uasset,981420,ActionRPGStarterSystem,Unreal package (class unverified),format/extension only,added/custom content
Content/ActionRPGStarterSystem/Assets/Mannequin/Character/Mesh/UE5Char/EquipmentMeshes/SK_MannyShoulders_PhysicsAsset.uasset,.uasset,84230,ActionRPGStarterSystem,Unreal package (class unverified),format/extension only,added/custom content
Content/ActionRPGStarterSystem/Assets/Mannequin/Character/Mesh/UE5Char/Manny/Attacks/Anim_AI_Beam_Montage.uasset,.uasset,13262,ActionRPGStarterSystem,Unreal package (class unverified),format/extension only,added/custom content
Content/ActionRPGStarterSystem/Assets/Mannequin/Character/Mesh/UE5Char/Manny/Attacks/Anim_Beam.uasset,.uasset,313548,ActionRPGStarterSystem,Unreal package (class unverified),format/extension only,added/custom content
Content/ActionRPGStarterSystem/Assets/Mannequin/Character/Mesh/UE5Char/Manny/Attacks/Anim_Beam_Montage.uasset,.uasset,14081,ActionRPGStarterSystem,Unreal package (class unverified),format/extension only,added/custom content
Content/ActionRPGStarterSystem/Assets/Mannequin/Character/Mesh/UE5Char/Manny/Attacks/Anim_Mage.uasset,.uasset,379743,ActionRPGStarterSystem,Unreal package (class unverified),format/extension only,added/custom content
Content/ActionRPGStarterSystem/Assets/Mannequin/Character/Mesh/UE5Char/Manny/Attacks/Anim_Mage2.uasset,.uasset,401794,ActionRPGStarterSystem,Unreal package (class unverified),format/extension only,added/custom content
Content/ActionRPGStarterSystem/Assets/Mannequin/Character/Mesh/UE5Char/Manny/Attacks/Anim_Mage2_Montage.uasset,.uasset,13139,ActionRPGStarterSystem,Unreal package (class unverified),format/extension only,added/custom content
Content/ActionRPGStarterSystem/Assets/Mannequin/Character/Mesh/UE5Char/Manny/Attacks/Anim_Mage3.uasset,.uasset,406085,ActionRPGStarterSystem,Unreal package (class unverified),format/extension only,added/custom content
Content/ActionRPGStarterSystem/Assets/Mannequin/Character/Mesh/UE5Char/Manny/Attacks/Anim_Mage3_Montage.uasset,.uasset,12882,ActionRPGStarterSystem,Unreal package (class unverified),format/extension only,added/custom content
Content/ActionRPGStarterSystem/Assets/Mannequin/Character/Mesh/UE5Char/Manny/Attacks/Anim_Mage4.uasset,.uasset,311529,ActionRPGStarterSystem,Unreal package (class unverified),format/extension only,added/custom content
Content/ActionRPGStarterSystem/Assets/Mannequin/Character/Mesh/UE5Char/Manny/Attacks/Anim_Mage4_Montage.uasset,.uasset,15125,ActionRPGStarterSystem,Unreal package (class unverified),format/extension only,added/custom content
Content/ActionRPGStarterSystem/Assets/Mannequin/Character/Mesh/UE5Char/Manny/Attacks/Anim_Mage5.uasset,.uasset,313672,ActionRPGStarterSystem,Unreal package (class unverified),format/extension only,added/custom content
Content/ActionRPGStarterSystem/Assets/Mannequin/Character/Mesh/UE5Char/Manny/Attacks/Anim_Mage5_Montage.uasset,.uasset,16726,ActionRPGStarterSystem,Unreal package (class unverified),format/extension only,added/custom content
Content/ActionRPGStarterSystem/Assets/Mannequin/Character/Mesh/UE5Char/Manny/Attacks/Anim_Mage6.uasset,.uasset,1215934,ActionRPGStarterSystem,Unreal package (class unverified),format/extension only,added/custom content
Content/ActionRPGStarterSystem/Assets/Mannequin/Character/Mesh/UE5Char/Manny/Attacks/Anim_Mage6_Montage.uasset,.uasset,13110,ActionRPGStarterSystem,Unreal package (class unverified),format/extension only,added/custom content
Content/ActionRPGStarterSystem/Assets/Mannequin/Character/Mesh/UE5Char/Manny/Attacks/Anim_Mage_Montage.uasset,.uasset,13507,ActionRPGStarterSystem,Unreal package (class unverified),format/extension only,added/custom content
Content/ActionRPGStarterSystem/Assets/Mannequin/Character/Mesh/UE5Char/Manny/Attacks/Anim_warrior.uasset,.uasset,459135,ActionRPGStarterSystem,Unreal package (class unverified),format/extension only,added/custom content
Content/ActionRPGStarterSystem/Assets/Mannequin/Character/Mesh/UE5Char/Manny/Attacks/Anim_warrior2.uasset,.uasset,705616,ActionRPGStarterSystem,Unreal package (class unverified),format/extension only,added/custom content
Content/ActionRPGStarterSystem/Assets/Mannequin/Character/Mesh/UE5Char/Manny/Attacks/Anim_warrior2_Montage.uasset,.uasset,13312,ActionRPGStarterSystem,Unreal package (class unverified),format/extension only,added/custom content
Content/ActionRPGStarterSystem/Assets/Mannequin/Character/Mesh/UE5Char/Manny/Attacks/Anim_warrior3.uasset,.uasset,939100,ActionRPGStarterSystem,Unreal package (class unverified),format/extension only,added/custom content
Content/ActionRPGStarterSystem/Assets/Mannequin/Character/Mesh/UE5Char/Manny/Attacks/Anim_warrior3_Montage.uasset,.uasset,13160,ActionRPGStarterSystem,Unreal package (class unverified),format/extension only,added/custom content
Content/ActionRPGStarterSystem/Assets/Mannequin/Character/Mesh/UE5Char/Manny/Attacks/Anim_warrior4.uasset,.uasset,435676,ActionRPGStarterSystem,Unreal package (class unverified),format/extension only,added/custom content
Content/ActionRPGStarterSystem/Assets/Mannequin/Character/Mesh/UE5Char/Manny/Attacks/Anim_warrior4_Montage.uasset,.uasset,14599,ActionRPGStarterSystem,Unreal package (class unverified),format/extension only,added/custom content
Content/ActionRPGStarterSystem/Assets/Mannequin/Character/Mesh/UE5Char/Manny/Attacks/Anim_warrior_Montage.uasset,.uasset,14624,ActionRPGStarterSystem,Unreal package (class unverified),format/extension only,added/custom content
Content/ActionRPGStarterSystem/Assets/Mannequin/Character/Mesh/UE5Char/Manny/Attacks/Manny_Warrior.uasset,.uasset,383881,ActionRPGStarterSystem,Unreal package (class unverified),format/extension only,added/custom content
Content/ActionRPGStarterSystem/Assets/Mannequin/Character/Mesh/UE5Char/Manny/Attacks/Manny_Warrior_Montage.uasset,.uasset,12890,ActionRPGStarterSystem,Unreal package (class unverified),format/extension only,added/custom content
Content/ActionRPGStarterSystem/Assets/Mannequin/Character/Mesh/UE5Char/Manny/BS_AimWalk.uasset,.uasset,103420,ActionRPGStarterSystem,Unreal package (class unverified),format/extension only,added/custom content
Content/ActionRPGStarterSystem/Assets/Mannequin/Character/Mesh/UE5Char/Manny/BS_IdleRun.uasset,.uasset,10748,ActionRPGStarterSystem,Unreal package (class unverified),format/extension only,added/custom content
Content/ActionRPGStarterSystem/Assets/Mannequin/Character/Mesh/UE5Char/Manny/Materials/M_MannyMat1.uasset,.uasset,131114,ActionRPGStarterSystem,Unreal package (class unverified),format/extension only,added/custom content
Content/ActionRPGStarterSystem/Assets/Mannequin/Character/Mesh/UE5Char/Manny/Materials/M_MannyMat1_Inst.uasset,.uasset,140902,ActionRPGStarterSystem,Unreal package (class unverified),format/extension only,added/custom content
Content/ActionRPGStarterSystem/Assets/Mannequin/Character/Mesh/UE5Char/Manny/Materials/M_MannyMat1_Inst1.uasset,.uasset,136273,ActionRPGStarterSystem,Unreal package (class unverified),format/extension only,added/custom content
Content/ActionRPGStarterSystem/Assets/Mannequin/Character/Mesh/UE5Char/Manny/Materials/M_MannyMat1_Inst2.uasset,.uasset,143523,ActionRPGStarterSystem,Unreal package (class unverified),format/extension only,added/custom content
Content/ActionRPGStarterSystem/Assets/Mannequin/Character/Mesh/UE5Char/Manny/Materials/M_MannyMat1_Inst3.uasset,.uasset,143295,ActionRPGStarterSystem,Unreal package (class unverified),format/extension only,added/custom content
Content/ActionRPGStarterSystem/Assets/Mannequin/Character/Mesh/UE5Char/Manny/Materials/M_MannyMat1_Inst4.uasset,.uasset,124738,ActionRPGStarterSystem,Unreal package (class unverified),format/extension only,added/custom content
Content/ActionRPGStarterSystem/Assets/Mannequin/Character/Mesh/UE5Char/Manny/Materials/M_MannyMat2.uasset,.uasset,123175,ActionRPGStarterSystem,Unreal package (class unverified),format/extension only,added/custom content
Content/ActionRPGStarterSystem/Assets/Mannequin/Character/Mesh/UE5Char/Manny/Materials/M_MannyMat2_Inst.uasset,.uasset,134485,ActionRPGStarterSystem,Unreal package (class unverified),format/extension only,added/custom content
Content/ActionRPGStarterSystem/Assets/Mannequin/Character/Mesh/UE5Char/Manny/Materials/M_MannyMat2_Inst1.uasset,.uasset,130999,ActionRPGStarterSystem,Unreal package (class unverified),format/extension only,added/custom content
Content/ActionRPGStarterSystem/Assets/Mannequin/Character/Mesh/UE5Char/Manny/Materials/M_MannyMat2_Inst2.uasset,.uasset,137797,ActionRPGStarterSystem,Unreal package (class unverified),format/extension only,added/custom content
Content/ActionRPGStarterSystem/Assets/Mannequin/Character/Mesh/UE5Char/Manny/Materials/M_MannyMat2_Inst3.uasset,.uasset,137511,ActionRPGStarterSystem,Unreal package (class unverified),format/extension only,added/custom content
Content/ActionRPGStarterSystem/Assets/Mannequin/Character/Mesh/UE5Char/Manny/Materials/M_MannyMat2_Inst4.uasset,.uasset,120936,ActionRPGStarterSystem,Unreal package (class unverified),format/extension only,added/custom content
Content/ActionRPGStarterSystem/Assets/Mannequin/Character/Mesh/UE5Char/Manny/MM_Fall_Loop.uasset,.uasset,898468,ActionRPGStarterSystem,Unreal package (class unverified),format/extension only,added/custom content
Content/ActionRPGStarterSystem/Assets/Mannequin/Character/Mesh/UE5Char/Manny/MM_Idle.uasset,.uasset,1513095,ActionRPGStarterSystem,Unreal package (class unverified),format/extension only,added/custom content
Content/ActionRPGStarterSystem/Assets/Mannequin/Character/Mesh/UE5Char/Manny/MM_Jump.uasset,.uasset,389928,ActionRPGStarterSystem,Unreal package (class unverified),format/extension only,added/custom content
Content/ActionRPGStarterSystem/Assets/Mannequin/Character/Mesh/UE5Char/Manny/MM_Land.uasset,.uasset,394792,ActionRPGStarterSystem,Unreal package (class unverified),format/extension only,added/custom content
Content/ActionRPGStarterSystem/Assets/Mannequin/Character/Mesh/UE5Char/Manny/MM_Mount.uasset,.uasset,1566169,ActionRPGStarterSystem,Unreal package (class unverified),format/extension only,added/custom content
Content/ActionRPGStarterSystem/Assets/Mannequin/Character/Mesh/UE5Char/Manny/MM_MountPlane.uasset,.uasset,1622656,ActionRPGStarterSystem,Unreal package (class unverified),format/extension only,added/custom content
Content/ActionRPGStarterSystem/Assets/Mannequin/Character/Mesh/UE5Char/Manny/MM_Run_Fwd.uasset,.uasset,551356,ActionRPGStarterSystem,Unreal package (class unverified),format/extension only,added/custom content
Content/ActionRPGStarterSystem/Assets/Mannequin/Character/Mesh/UE5Char/Manny/MM_T_Pose.uasset,.uasset,187877,ActionRPGStarterSystem,Unreal package (class unverified),format/extension only,added/custom content
Content/ActionRPGStarterSystem/Assets/Mannequin/Character/Mesh/UE5Char/Manny/MM_Walk_Fwd.uasset,.uasset,539814,ActionRPGStarterSystem,Unreal package (class unverified),format/extension only,added/custom content
Content/ActionRPGStarterSystem/Assets/Mannequin/Character/Mesh/UE5Char/Manny/MM_Walk_InPlace.uasset,.uasset,734775,ActionRPGStarterSystem,Unreal package (class unverified),format/extension only,added/custom content
Content/ActionRPGStarterSystem/Assets/Mannequin/Character/Mesh/UE5Char/Manny/Textures/T_Manny_01_BN.uasset,.uasset,18412358,ActionRPGStarterSystem,Unreal package (class unverified),format/extension only,added/custom content
Content/ActionRPGStarterSystem/Assets/Mannequin/Character/Mesh/UE5Char/Manny/Textures/T_Manny_01_D.uasset,.uasset,5743446,ActionRPGStarterSystem,Unreal package (class unverified),format/extension only,added/custom content
Content/ActionRPGStarterSystem/Assets/Mannequin/Character/Mesh/UE5Char/Manny/Textures/T_Manny_02_BN.uasset,.uasset,20996990,ActionRPGStarterSystem,Unreal package (class unverified),format/extension only,added/custom content
Content/ActionRPGStarterSystem/Assets/Mannequin/Character/Mesh/UE5Char/Manny/Textures/T_Manny_02_D.uasset,.uasset,9161273,ActionRPGStarterSystem,Unreal package (class unverified),format/extension only,added/custom content
Content/ActionRPGStarterSystem/Assets/Mannequin/Character/Mesh/UE5Char/Manny/Textures/T_Manny_02_Tan.uasset,.uasset,2182661,ActionRPGStarterSystem,Unreal package (class unverified),format/extension only,added/custom content
Content/ActionRPGStarterSystem/Assets/Mannequin/Character/Mesh/UE5Char/Manny/Walk_AimB.uasset,.uasset,614178,ActionRPGStarterSystem,Unreal package (class unverified),format/extension only,added/custom content
Content/ActionRPGStarterSystem/Assets/Mannequin/Character/Mesh/UE5Char/Manny/Walk_AimBL.uasset,.uasset,615160,ActionRPGStarterSystem,Unreal package (class unverified),format/extension only,added/custom content
Content/ActionRPGStarterSystem/Assets/Mannequin/Character/Mesh/UE5Char/Manny/Walk_AimBR.uasset,.uasset,617494,ActionRPGStarterSystem,Unreal package (class unverified),format/extension only,added/custom content
Content/ActionRPGStarterSystem/Assets/Mannequin/Character/Mesh/UE5Char/Manny/Walk_AimF.uasset,.uasset,582132,ActionRPGStarterSystem,Unreal package (class unverified),format/extension only,added/custom content
Content/ActionRPGStarterSystem/Assets/Mannequin/Character/Mesh/UE5Char/Manny/Walk_AimFL.uasset,.uasset,604867,ActionRPGStarterSystem,Unreal package (class unverified),format/extension only,added/custom content
Content/ActionRPGStarterSystem/Assets/Mannequin/Character/Mesh/UE5Char/Manny/Walk_AimL.uasset,.uasset,609678,ActionRPGStarterSystem,Unreal package (class unverified),format/extension only,added/custom content
Content/ActionRPGStarterSystem/Assets/Mannequin/Character/Mesh/UE5Char/Manny/Walk_AimR.uasset,.uasset,622528,ActionRPGStarterSystem,Unreal package (class unverified),format/extension only,added/custom content
Content/ActionRPGStarterSystem/Assets/Mannequin/Character/Mesh/UE5Char/Quinn/M_QuinnMat1.uasset,.uasset,125293,ActionRPGStarterSystem,Unreal package (class unverified),format/extension only,added/custom content
Content/ActionRPGStarterSystem/Assets/Mannequin/Character/Mesh/UE5Char/Quinn/M_QuinnMat2.uasset,.uasset,117787,ActionRPGStarterSystem,Unreal package (class unverified),format/extension only,added/custom content
Content/ActionRPGStarterSystem/Assets/Mannequin/Character/Mesh/UE5Char/Quinn/MF_Idle.uasset,.uasset,952073,ActionRPGStarterSystem,Unreal package (class unverified),format/extension only,added/custom content
Content/ActionRPGStarterSystem/Assets/Mannequin/Character/Mesh/UE5Char/Quinn/MF_Run_Fwd.uasset,.uasset,442324,ActionRPGStarterSystem,Unreal package (class unverified),format/extension only,added/custom content
Content/ActionRPGStarterSystem/Assets/Mannequin/Character/Mesh/UE5Char/Quinn/MF_Walk_Fwd.uasset,.uasset,539399,ActionRPGStarterSystem,Unreal package (class unverified),format/extension only,added/custom content
Content/ActionRPGStarterSystem/Assets/Mannequin/Character/Mesh/UE5Char/Quinn/Textures/T_Quinn_01ID_BN.uasset,.uasset,15818425,ActionRPGStarterSystem,Unreal package (class unverified),format/extension only,added/custom content
Content/ActionRPGStarterSystem/Assets/Mannequin/Character/Mesh/UE5Char/Quinn/Textures/T_Quinn_01ID_D.uasset,.uasset,4741049,ActionRPGStarterSystem,Unreal package (class unverified),format/extension only,added/custom content
Content/ActionRPGStarterSystem/Assets/Mannequin/Character/Mesh/UE5Char/Quinn/Textures/T_Quinn_02ID_BN.uasset,.uasset,19266775,ActionRPGStarterSystem,Unreal package (class unverified),format/extension only,added/custom content
Content/ActionRPGStarterSystem/Assets/Mannequin/Character/Mesh/UE5Char/Quinn/Textures/T_Quinn_02ID_D.uasset,.uasset,6807838,ActionRPGStarterSystem,Unreal package (class unverified),format/extension only,added/custom content
Content/ActionRPGStarterSystem/Assets/Mannequin/Character/Mesh/UE5Char/SK_UE5_Skeleton.uasset,.uasset,77262,ActionRPGStarterSystem,Unreal package (class unverified),format/extension only,added/custom content
Content/ActionRPGStarterSystem/Assets/Mannequin/Character/Mesh/UE5Char/SK_UE5_Skeleton_AnimBlueprint.uasset,.uasset,589318,ActionRPGStarterSystem,Unreal package (class unverified),format/extension only,added/custom content
Content/ActionRPGStarterSystem/Assets/Mannequin/Character/Mesh/UE5Char/SkillAnims/Anim_AxeAttack1.uasset,.uasset,312794,ActionRPGStarterSystem,Unreal package (class unverified),format/extension only,added/custom content
Content/ActionRPGStarterSystem/Assets/Mannequin/Character/Mesh/UE5Char/SkillAnims/Anim_AxeAttack1_Montage_Manny.uasset,.uasset,103103,ActionRPGStarterSystem,Unreal package (class unverified),format/extension only,added/custom content
Content/ActionRPGStarterSystem/Assets/Mannequin/Character/Mesh/UE5Char/SkillAnims/Anim_AxeAttack2.uasset,.uasset,306810,ActionRPGStarterSystem,Unreal package (class unverified),format/extension only,added/custom content
Content/ActionRPGStarterSystem/Assets/Mannequin/Character/Mesh/UE5Char/SkillAnims/Anim_AxeAttack2_Montage_Manny.uasset,.uasset,14721,ActionRPGStarterSystem,Unreal package (class unverified),format/extension only,added/custom content
Content/ActionRPGStarterSystem/Assets/Mannequin/Character/Mesh/UE5Char/SkillAnims/Anim_BowAttack.uasset,.uasset,277644,ActionRPGStarterSystem,Unreal package (class unverified),format/extension only,added/custom content
Content/ActionRPGStarterSystem/Assets/Mannequin/Character/Mesh/UE5Char/SkillAnims/Anim_BowAttack_Montage_Manny.uasset,.uasset,100465,ActionRPGStarterSystem,Unreal package (class unverified),format/extension only,added/custom content
Content/ActionRPGStarterSystem/Assets/Mannequin/Character/Mesh/UE5Char/SkillAnims/Anim_SwordAttack1.uasset,.uasset,263146,ActionRPGStarterSystem,Unreal package (class unverified),format/extension only,added/custom content
Content/ActionRPGStarterSystem/Assets/Mannequin/Character/Mesh/UE5Char/SkillAnims/Anim_SwordAttack1_Montage_Manny.uasset,.uasset,102397,ActionRPGStarterSystem,Unreal package (class unverified),format/extension only,added/custom content
Content/ActionRPGStarterSystem/Assets/Mannequin/Character/Mesh/UE5Char/SkillAnims/Anim_SwordAttack2.uasset,.uasset,270573,ActionRPGStarterSystem,Unreal package (class unverified),format/extension only,added/custom content
Content/ActionRPGStarterSystem/Assets/Mannequin/Character/Mesh/UE5Char/SkillAnims/Anim_SwordAttack2_Montage_Manny.uasset,.uasset,12796,ActionRPGStarterSystem,Unreal package (class unverified),format/extension only,added/custom content
Content/ActionRPGStarterSystem/Assets/Mannequin/Character/Mesh/UE5Char/SkillAnims/AnimChannelling.uasset,.uasset,427745,ActionRPGStarterSystem,Unreal package (class unverified),format/extension only,added/custom content
Content/ActionRPGStarterSystem/Assets/Mannequin/Character/Mesh/UE5Char/SkillAnims/AnimChannelling_Montage.uasset,.uasset,103472,ActionRPGStarterSystem,Unreal package (class unverified),format/extension only,added/custom content
Content/ActionRPGStarterSystem/Assets/Mannequin/Character/Mesh/UE5Char/SkillAnims/AnimSpinningAttack.uasset,.uasset,348963,ActionRPGStarterSystem,Unreal package (class unverified),format/extension only,added/custom content
Content/ActionRPGStarterSystem/Assets/Mannequin/Character/Mesh/UE5Char/SkillAnims/AnimSpinningAttack_Montage_Manny.uasset,.uasset,102800,ActionRPGStarterSystem,Unreal package (class unverified),format/extension only,added/custom content
Content/ActionRPGStarterSystem/Assets/Mannequin/Character/Mesh/UE5Char/SkillAnims/BossStagger.uasset,.uasset,507521,ActionRPGStarterSystem,Unreal package (class unverified),format/extension only,added/custom content
Content/ActionRPGStarterSystem/Assets/Mannequin/Character/Mesh/UE5Char/SkillAnims/BossStunned_Montage_Manny.uasset,.uasset,10482,ActionRPGStarterSystem,Unreal package (class unverified),format/extension only,added/custom content
Content/ActionRPGStarterSystem/Assets/Mannequin/Character/Mesh/UE5Char/SkillAnims/HammerAttack.uasset,.uasset,535553,ActionRPGStarterSystem,Unreal package (class unverified),format/extension only,added/custom content
Content/ActionRPGStarterSystem/Assets/Mannequin/Character/Mesh/UE5Char/SkillAnims/HammerAttack_Montage_Manny.uasset,.uasset,98321,ActionRPGStarterSystem,Unreal package (class unverified),format/extension only,added/custom content
Content/ActionRPGStarterSystem/Assets/Mannequin/Character/Mesh/UE5Char/SkillAnims/OmegaBasicAttack.uasset,.uasset,399016,ActionRPGStarterSystem,Unreal package (class unverified),format/extension only,added/custom content
Content/ActionRPGStarterSystem/Assets/Mannequin/Character/Mesh/UE5Char/SkillAnims/OmegaBasicAttack_Montage_Manny.uasset,.uasset,105157,ActionRPGStarterSystem,Unreal package (class unverified),format/extension only,added/custom content
Content/ActionRPGStarterSystem/Assets/Mannequin/Character/Mesh/UE5Char/SkillAnims/OmegaWideSwing.uasset,.uasset,463462,ActionRPGStarterSystem,Unreal package (class unverified),format/extension only,added/custom content
Content/ActionRPGStarterSystem/Assets/Mannequin/Character/Mesh/UE5Char/SkillAnims/OmegaWideSwing_Montage_Manny.uasset,.uasset,104217,ActionRPGStarterSystem,Unreal package (class unverified),format/extension only,added/custom content
Content/ActionRPGStarterSystem/Assets/Mannequin/Character/Mesh/UE5Char/SkillAnims/PoisOrbAttack.uasset,.uasset,332261,ActionRPGStarterSystem,Unreal package (class unverified),format/extension only,added/custom content
Content/ActionRPGStarterSystem/Assets/Mannequin/Character/Mesh/UE5Char/SkillAnims/PoisOrbAttack_Montage_Manny.uasset,.uasset,103272,ActionRPGStarterSystem,Unreal package (class unverified),format/extension only,added/custom content
Content/ActionRPGStarterSystem/Assets/Mannequin/Character/Mesh/UE5Char/SkillAnims/ShieldBlock.uasset,.uasset,500947,ActionRPGStarterSystem,Unreal package (class unverified),format/extension only,added/custom content
Content/ActionRPGStarterSystem/Assets/Mannequin/Character/Mesh/UE5Char/SkillAnims/ShieldBlock_Montage_Manny.uasset,.uasset,10750,ActionRPGStarterSystem,Unreal package (class unverified),format/extension only,added/custom content
Content/ActionRPGStarterSystem/Assets/Mannequin/Character/Mesh/UE5Char/SkillAnims/ThirdPersonBow.uasset,.uasset,732545,ActionRPGStarterSystem,Unreal package (class unverified),format/extension only,added/custom content
Content/ActionRPGStarterSystem/Assets/Mannequin/Character/Mesh/UE5Char/SkillAnims/ThirdPersonHMIdle.uasset,.uasset,752965,ActionRPGStarterSystem,Unreal package (class unverified),format/extension only,added/custom content
Content/ActionRPGStarterSystem/Assets/Mannequin/Character/Mesh/UE5Char/SKM_Manny_Simple.uasset,.uasset,15264210,ActionRPGStarterSystem,Unreal package (class unverified),format/extension only,added/custom content
Content/ActionRPGStarterSystem/Assets/Mannequin/Character/Mesh/UE5Char/SKM_Manny_Simple_PhysicsAsset.uasset,.uasset,32102,ActionRPGStarterSystem,Unreal package (class unverified),format/extension only,added/custom content
Content/ActionRPGStarterSystem/Assets/Mannequin/Character/Mesh/UE5Char/SKM_Quinn_Simple.uasset,.uasset,14415301,ActionRPGStarterSystem,Unreal package (class unverified),format/extension only,added/custom content
Content/ActionRPGStarterSystem/Assets/Mannequin/Character/Mesh/UE5Char/SKM_Quinn_Simple_PhysicsAsset.uasset,.uasset,119277,ActionRPGStarterSystem,Unreal package (class unverified),format/extension only,added/custom content
Content/ActionRPGStarterSystem/Assets/Mannequin/Character/Textures/T_UE4_LOGO_CARD.uasset,.uasset,49835,ActionRPGStarterSystem,Unreal package (class unverified),format/extension only,added/custom content
Content/ActionRPGStarterSystem/Assets/Mannequin/Character/Textures/T_UE4_Mannequin__normals.uasset,.uasset,4739513,ActionRPGStarterSystem,Unreal package (class unverified),format/extension only,added/custom content
Content/ActionRPGStarterSystem/Assets/Mannequin/Character/Textures/T_UE4_Mannequin_MAT_MASKA.uasset,.uasset,164450,ActionRPGStarterSystem,Unreal package (class unverified),format/extension only,added/custom content
Content/ActionRPGStarterSystem/Assets/Mannequin/Character/Textures/T_UE4Man_Logo_N.uasset,.uasset,103663,ActionRPGStarterSystem,Unreal package (class unverified),format/extension only,added/custom content
Content/ActionRPGStarterSystem/Assets/Mannequin/Retargetting/IKRetargeter_4To5.uasset,.uasset,48309,ActionRPGStarterSystem,Unreal package (class unverified),format/extension only,added/custom content
Content/ActionRPGStarterSystem/Assets/Mannequin/Retargetting/IKRetargeter_5to4.uasset,.uasset,37385,ActionRPGStarterSystem,Unreal package (class unverified),format/extension only,added/custom content
Content/ActionRPGStarterSystem/Assets/Mannequin/Retargetting/UE4_IKRig.uasset,.uasset,67309,ActionRPGStarterSystem,Unreal package (class unverified),format/extension only,added/custom content
Content/ActionRPGStarterSystem/Assets/Mannequin/Retargetting/UE5_Rig.uasset,.uasset,87327,ActionRPGStarterSystem,Unreal package (class unverified),format/extension only,added/custom content
Content/ActionRPGStarterSystem/Assets/Other/Cursors/BP_InteractCursor.uasset,.uasset,32473,ActionRPGStarterSystem,Unreal package (class unverified),format/extension only,added/custom content
Content/ActionRPGStarterSystem/Assets/Other/Cursors/Images/T_DefaultCursor.uasset,.uasset,36595,ActionRPGStarterSystem,Unreal package (class unverified),format/extension only,added/custom content
Content/ActionRPGStarterSystem/Assets/Other/Materials/M_Cursor_Decal.uasset,.uasset,113609,ActionRPGStarterSystem,Unreal package (class unverified),format/extension only,added/custom content
Content/ActionRPGStarterSystem/Assets/Other/Outline/BP_Outline.uasset,.uasset,192860,ActionRPGStarterSystem,Unreal package (class unverified),format/extension only,added/custom content
Content/ActionRPGStarterSystem/Assets/Other/Textures/T_Crosshair.uasset,.uasset,5478,ActionRPGStarterSystem,Unreal package (class unverified),format/extension only,added/custom content
Content/ActionRPGStarterSystem/Assets/Other/Textures/T_Highlighted.uasset,.uasset,35491,ActionRPGStarterSystem,Unreal package (class unverified),format/extension only,added/custom content
Content/ActionRPGStarterSystem/Assets/Other/Textures/T_KaiTargetCursor.uasset,.uasset,10261,ActionRPGStarterSystem,Unreal package (class unverified),format/extension only,added/custom content
Content/ActionRPGStarterSystem/Assets/PickupMeshes/O_Potion/SM_Potion.uasset,.uasset,116981,ActionRPGStarterSystem,Unreal package (class unverified),format/extension only,added/custom content
Content/ActionRPGStarterSystem/Assets/PickupMeshes/OmegaSword/SK_OmegaSword.uasset,.uasset,621451,ActionRPGStarterSystem,Unreal package (class unverified),format/extension only,added/custom content
Content/ActionRPGStarterSystem/Assets/PickupMeshes/OmegaSword/SK_OmegaSword_PhysicsAsset.uasset,.uasset,86582,ActionRPGStarterSystem,Unreal package (class unverified),format/extension only,added/custom content
Content/ActionRPGStarterSystem/Assets/PickupMeshes/OmegaSword/SK_OmegaSword_Skeleton.uasset,.uasset,2183,ActionRPGStarterSystem,Unreal package (class unverified),format/extension only,added/custom content
Content/ActionRPGStarterSystem/Assets/PickupMeshes/OneH_Axe/SkeletalMesh/SK_Axe.uasset,.uasset,744561,ActionRPGStarterSystem,Unreal package (class unverified),format/extension only,added/custom content
Content/ActionRPGStarterSystem/Assets/PickupMeshes/OneH_Axe/SkeletalMesh/SK_AxePhysicsAsset.uasset,.uasset,81222,ActionRPGStarterSystem,Unreal package (class unverified),format/extension only,added/custom content
Content/ActionRPGStarterSystem/Assets/PickupMeshes/OneH_Axe/SkeletalMesh/SK_AxeSkeleton.uasset,.uasset,2167,ActionRPGStarterSystem,Unreal package (class unverified),format/extension only,added/custom content
Content/ActionRPGStarterSystem/Assets/PickupMeshes/OneH_Axe2/SkeletalMesh/SK_Axe2.uasset,.uasset,272495,ActionRPGStarterSystem,Unreal package (class unverified),format/extension only,added/custom content
Content/ActionRPGStarterSystem/Assets/PickupMeshes/OneH_Axe2/SkeletalMesh/SK_Axe2PhysicsAsset.uasset,.uasset,79303,ActionRPGStarterSystem,Unreal package (class unverified),format/extension only,added/custom content
Content/ActionRPGStarterSystem/Assets/PickupMeshes/OneH_Axe2/SkeletalMesh/SK_Axe2Skeleton.uasset,.uasset,2165,ActionRPGStarterSystem,Unreal package (class unverified),format/extension only,added/custom content
Content/ActionRPGStarterSystem/Assets/PickupMeshes/OneH_Dagger/Materials/M_Dagger.uasset,.uasset,133650,ActionRPGStarterSystem,Unreal package (class unverified),format/extension only,added/custom content
Content/ActionRPGStarterSystem/Assets/PickupMeshes/OneH_Dagger/Materials/Textures/T_Dagger_BaseColor.uasset,.uasset,796211,ActionRPGStarterSystem,Unreal package (class unverified),format/extension only,added/custom content
Content/ActionRPGStarterSystem/Assets/PickupMeshes/OneH_Dagger/Materials/Textures/T_Dagger_Metallic.uasset,.uasset,43540,ActionRPGStarterSystem,Unreal package (class unverified),format/extension only,added/custom content
Content/ActionRPGStarterSystem/Assets/PickupMeshes/OneH_Dagger/Materials/Textures/T_Dagger_Normal.uasset,.uasset,3734837,ActionRPGStarterSystem,Unreal package (class unverified),format/extension only,added/custom content
Content/ActionRPGStarterSystem/Assets/PickupMeshes/OneH_Dagger/Materials/Textures/T_Dagger_Roughness.uasset,.uasset,585629,ActionRPGStarterSystem,Unreal package (class unverified),format/extension only,added/custom content
Content/ActionRPGStarterSystem/Assets/PickupMeshes/OneH_Dagger/SkeletalMesh/SK_Dagger.uasset,.uasset,602992,ActionRPGStarterSystem,Unreal package (class unverified),format/extension only,added/custom content
Content/ActionRPGStarterSystem/Assets/PickupMeshes/OneH_Dagger/SkeletalMesh/SK_DaggerPhysicsAsset.uasset,.uasset,83467,ActionRPGStarterSystem,Unreal package (class unverified),format/extension only,added/custom content
Content/ActionRPGStarterSystem/Assets/PickupMeshes/OneH_Dagger/SkeletalMesh/SK_DaggerSkeleton.uasset,.uasset,2183,ActionRPGStarterSystem,Unreal package (class unverified),format/extension only,added/custom content
Content/ActionRPGStarterSystem/Assets/PickupMeshes/OneH_Shield/SkeletalMesh/M_GeratShieldBack.uasset,.uasset,107404,ActionRPGStarterSystem,Unreal package (class unverified),format/extension only,added/custom content
Content/ActionRPGStarterSystem/Assets/PickupMeshes/OneH_Shield/SkeletalMesh/N_GreatShield.uasset,.uasset,954286,ActionRPGStarterSystem,Unreal package (class unverified),format/extension only,added/custom content
Content/ActionRPGStarterSystem/Assets/PickupMeshes/OneH_Shield/SkeletalMesh/SK_Shield.uasset,.uasset,2095562,ActionRPGStarterSystem,Unreal package (class unverified),format/extension only,added/custom content
Content/ActionRPGStarterSystem/Assets/PickupMeshes/OneH_Shield/SkeletalMesh/SK_ShieldPhysicsAsset.uasset,.uasset,7342,ActionRPGStarterSystem,Unreal package (class unverified),format/extension only,added/custom content
Content/ActionRPGStarterSystem/Assets/PickupMeshes/OneH_Shield/SkeletalMesh/SK_ShieldSkeleton.uasset,.uasset,2185,ActionRPGStarterSystem,Unreal package (class unverified),format/extension only,added/custom content
Content/ActionRPGStarterSystem/Assets/PickupMeshes/OneH_Spear/SkeletalMesh/SK_Spear.uasset,.uasset,280480,ActionRPGStarterSystem,Unreal package (class unverified),format/extension only,added/custom content
Content/ActionRPGStarterSystem/Assets/PickupMeshes/OneH_Spear/SkeletalMesh/SK_SpearPhysicsAsset.uasset,.uasset,77218,ActionRPGStarterSystem,Unreal package (class unverified),format/extension only,added/custom content
Content/ActionRPGStarterSystem/Assets/PickupMeshes/OneH_Spear/SkeletalMesh/SK_SpearSkeleton.uasset,.uasset,2177,ActionRPGStarterSystem,Unreal package (class unverified),format/extension only,added/custom content
Content/ActionRPGStarterSystem/Assets/PickupMeshes/OneH_Sword/Materials/M_ShortSword.uasset,.uasset,135312,ActionRPGStarterSystem,Unreal package (class unverified),format/extension only,added/custom content
Content/ActionRPGStarterSystem/Assets/PickupMeshes/OneH_Sword/Materials/Textures/T_ShortSword_BaseColor.uasset,.uasset,1273284,ActionRPGStarterSystem,Unreal package (class unverified),format/extension only,added/custom content
Content/ActionRPGStarterSystem/Assets/PickupMeshes/OneH_Sword/Materials/Textures/T_ShortSword_Metallic.uasset,.uasset,33463,ActionRPGStarterSystem,Unreal package (class unverified),format/extension only,added/custom content
Content/ActionRPGStarterSystem/Assets/PickupMeshes/OneH_Sword/Materials/Textures/T_ShortSword_Normal.uasset,.uasset,3734855,ActionRPGStarterSystem,Unreal package (class unverified),format/extension only,added/custom content
Content/ActionRPGStarterSystem/Assets/PickupMeshes/OneH_Sword/Materials/Textures/T_ShortSword_Roughness.uasset,.uasset,582031,ActionRPGStarterSystem,Unreal package (class unverified),format/extension only,added/custom content
Content/ActionRPGStarterSystem/Assets/PickupMeshes/OneH_Sword/SkeletalMesh/SK_ShortSword.uasset,.uasset,496047,ActionRPGStarterSystem,Unreal package (class unverified),format/extension only,added/custom content
Content/ActionRPGStarterSystem/Assets/PickupMeshes/OneH_Sword/SkeletalMesh/SK_ShortSwordPhysicsAsset.uasset,.uasset,82396,ActionRPGStarterSystem,Unreal package (class unverified),format/extension only,added/custom content
Content/ActionRPGStarterSystem/Assets/PickupMeshes/OneH_Sword/SkeletalMesh/SK_ShortSwordSkeleton.uasset,.uasset,6876,ActionRPGStarterSystem,Unreal package (class unverified),format/extension only,added/custom content
Content/ActionRPGStarterSystem/Assets/PickupMeshes/TwoH_Bow/SkeletalMesh/SK_Bow.uasset,.uasset,1017109,ActionRPGStarterSystem,Unreal package (class unverified),format/extension only,added/custom content
Content/ActionRPGStarterSystem/Assets/PickupMeshes/TwoH_Bow/SkeletalMesh/SK_BowPhysicsAsset.uasset,.uasset,88549,ActionRPGStarterSystem,Unreal package (class unverified),format/extension only,added/custom content
Content/ActionRPGStarterSystem/Assets/PickupMeshes/TwoH_Bow/SkeletalMesh/SK_BowSkeleton.uasset,.uasset,2165,ActionRPGStarterSystem,Unreal package (class unverified),format/extension only,added/custom content
Content/ActionRPGStarterSystem/Assets/PickupMeshes/TwoH_Hammer/SkeletalMesh/SK_Hammer.uasset,.uasset,903522,ActionRPGStarterSystem,Unreal package (class unverified),format/extension only,added/custom content
Content/ActionRPGStarterSystem/Assets/PickupMeshes/TwoH_Hammer/SkeletalMesh/SK_HammerPhysicsAsset.uasset,.uasset,82111,ActionRPGStarterSystem,Unreal package (class unverified),format/extension only,added/custom content
Content/ActionRPGStarterSystem/Assets/PickupMeshes/TwoH_Hammer/SkeletalMesh/SK_HammerSkeleton.uasset,.uasset,2183,ActionRPGStarterSystem,Unreal package (class unverified),format/extension only,added/custom content
Content/ActionRPGStarterSystem/Assets/PickupMeshes/TwoH_LongSword/Material/M_LongSword.uasset,.uasset,142578,ActionRPGStarterSystem,Unreal package (class unverified),format/extension only,added/custom content
Content/ActionRPGStarterSystem/Assets/PickupMeshes/TwoH_LongSword/Material/Textures/T_LongSword_BaseColor.uasset,.uasset,828373,ActionRPGStarterSystem,Unreal package (class unverified),format/extension only,added/custom content
Content/ActionRPGStarterSystem/Assets/PickupMeshes/TwoH_LongSword/Material/Textures/T_LongSword_Metallic.uasset,.uasset,14347,ActionRPGStarterSystem,Unreal package (class unverified),format/extension only,added/custom content
Content/ActionRPGStarterSystem/Assets/PickupMeshes/TwoH_LongSword/Material/Textures/T_LongSword_Normal.uasset,.uasset,3567093,ActionRPGStarterSystem,Unreal package (class unverified),format/extension only,added/custom content
Content/ActionRPGStarterSystem/Assets/PickupMeshes/TwoH_LongSword/Material/Textures/T_LongSword_Roughness.uasset,.uasset,453691,ActionRPGStarterSystem,Unreal package (class unverified),format/extension only,added/custom content
Content/ActionRPGStarterSystem/Assets/PickupMeshes/TwoH_LongSword/SkeletalMesh/SK_LongSword.uasset,.uasset,486299,ActionRPGStarterSystem,Unreal package (class unverified),format/extension only,added/custom content
Content/ActionRPGStarterSystem/Assets/PickupMeshes/TwoH_LongSword/SkeletalMesh/SK_LongSwordPhysicsAsset.uasset,.uasset,7491,ActionRPGStarterSystem,Unreal package (class unverified),format/extension only,added/custom content
Content/ActionRPGStarterSystem/Assets/PickupMeshes/TwoH_LongSword/SkeletalMesh/SK_LongSwordSkeleton.uasset,.uasset,2201,ActionRPGStarterSystem,Unreal package (class unverified),format/extension only,added/custom content
Content/ActionRPGStarterSystem/Assets/PickupMeshes/W_Armor/SM_Armor.uasset,.uasset,378593,ActionRPGStarterSystem,Unreal package (class unverified),format/extension only,added/custom content
Content/ActionRPGStarterSystem/Assets/PickupMeshes/W_Belt/SM_Belt.uasset,.uasset,159826,ActionRPGStarterSystem,Unreal package (class unverified),format/extension only,added/custom content
Content/ActionRPGStarterSystem/Assets/PickupMeshes/W_Boots/SM_Boots.uasset,.uasset,235025,ActionRPGStarterSystem,Unreal package (class unverified),format/extension only,added/custom content
Content/ActionRPGStarterSystem/Assets/PickupMeshes/W_Cape/SM_Cape.uasset,.uasset,98031,ActionRPGStarterSystem,Unreal package (class unverified),format/extension only,added/custom content
Content/ActionRPGStarterSystem/Assets/PickupMeshes/W_Earrings/SM_Earring.uasset,.uasset,35031,ActionRPGStarterSystem,Unreal package (class unverified),format/extension only,added/custom content
Content/ActionRPGStarterSystem/Assets/PickupMeshes/W_Gloves/SM_Gloves.uasset,.uasset,493921,ActionRPGStarterSystem,Unreal package (class unverified),format/extension only,added/custom content
Content/ActionRPGStarterSystem/Assets/PickupMeshes/W_Helmet/SM_Helmet.uasset,.uasset,156625,ActionRPGStarterSystem,Unreal package (class unverified),format/extension only,added/custom content
Content/ActionRPGStarterSystem/Assets/PickupMeshes/W_Pants/SM_Pants.uasset,.uasset,228350,ActionRPGStarterSystem,Unreal package (class unverified),format/extension only,added/custom content
Content/ActionRPGStarterSystem/Assets/PickupMeshes/W_Shoulder/SM_Shoulder.uasset,.uasset,93644,ActionRPGStarterSystem,Unreal package (class unverified),format/extension only,added/custom content
Content/ActionRPGStarterSystem/Assets/SmallPlane/Anim_Plane.uasset,.uasset,116093,ActionRPGStarterSystem,Unreal package (class unverified),format/extension only,added/custom content
Content/ActionRPGStarterSystem/Assets/SmallPlane/Audio/Cue_PlaneAudio_Cue.uasset,.uasset,4259,ActionRPGStarterSystem,Unreal package (class unverified),format/extension only,added/custom content
Content/ActionRPGStarterSystem/Assets/SmallPlane/Audio/WAV_PlaneAudio.uasset,.uasset,1192169,ActionRPGStarterSystem,Unreal package (class unverified),format/extension only,added/custom content
Content/ActionRPGStarterSystem/Assets/SmallPlane/Materials/M_Plane_Blades.uasset,.uasset,121831,ActionRPGStarterSystem,Unreal package (class unverified),format/extension only,added/custom content
Content/ActionRPGStarterSystem/Assets/SmallPlane/Materials/M_Plane_Body.uasset,.uasset,113345,ActionRPGStarterSystem,Unreal package (class unverified),format/extension only,added/custom content
Content/ActionRPGStarterSystem/Assets/SmallPlane/Materials/M_Plane_Chair.uasset,.uasset,124747,ActionRPGStarterSystem,Unreal package (class unverified),format/extension only,added/custom content
Content/ActionRPGStarterSystem/Assets/SmallPlane/Materials/M_Plane_Controller.uasset,.uasset,103739,ActionRPGStarterSystem,Unreal package (class unverified),format/extension only,added/custom content
Content/ActionRPGStarterSystem/Assets/SmallPlane/Materials/M_Plane_Wheels.uasset,.uasset,112174,ActionRPGStarterSystem,Unreal package (class unverified),format/extension only,added/custom content
Content/ActionRPGStarterSystem/Assets/SmallPlane/Materials/M_Plane_Wings.uasset,.uasset,112965,ActionRPGStarterSystem,Unreal package (class unverified),format/extension only,added/custom content
Content/ActionRPGStarterSystem/Assets/SmallPlane/SK_SmallPlane.uasset,.uasset,2613867,ActionRPGStarterSystem,Unreal package (class unverified),format/extension only,added/custom content
Content/ActionRPGStarterSystem/Assets/SmallPlane/SK_SmallPlane_PhysicsAsset.uasset,.uasset,8549,ActionRPGStarterSystem,Unreal package (class unverified),format/extension only,added/custom content
Content/ActionRPGStarterSystem/Assets/SmallPlane/SK_SmallPlane_Skeleton.uasset,.uasset,4683,ActionRPGStarterSystem,Unreal package (class unverified),format/extension only,added/custom content
Content/ActionRPGStarterSystem/Assets/SmallPlane/SK_SmallPlane_Skeleton_AnimBlueprint.uasset,.uasset,184186,ActionRPGStarterSystem,Unreal package (class unverified),format/extension only,added/custom content
Content/ActionRPGStarterSystem/Assets/SmallPlane/Textures/Plane_Body_Albedo.uasset,.uasset,1634667,ActionRPGStarterSystem,Unreal package (class unverified),format/extension only,added/custom content
Content/ActionRPGStarterSystem/Assets/SmallPlane/Textures/Plane_Body_Normal.uasset,.uasset,2381528,ActionRPGStarterSystem,Unreal package (class unverified),format/extension only,added/custom content
Content/ActionRPGStarterSystem/Assets/SmallPlane/Textures/Plane_Chair_Albedo.uasset,.uasset,3435048,ActionRPGStarterSystem,Unreal package (class unverified),format/extension only,added/custom content
Content/ActionRPGStarterSystem/Assets/SmallPlane/Textures/Plane_Chair_Normal.uasset,.uasset,2413652,ActionRPGStarterSystem,Unreal package (class unverified),format/extension only,added/custom content
Content/ActionRPGStarterSystem/Assets/SmallPlane/Textures/Plane_Controller_Albedo.uasset,.uasset,434945,ActionRPGStarterSystem,Unreal package (class unverified),format/extension only,added/custom content
Content/ActionRPGStarterSystem/Assets/SmallPlane/Textures/Plane_Controller_Normal.uasset,.uasset,241339,ActionRPGStarterSystem,Unreal package (class unverified),format/extension only,added/custom content
Content/ActionRPGStarterSystem/Assets/SmallPlane/Textures/Plane_Fan_Albedo.uasset,.uasset,488624,ActionRPGStarterSystem,Unreal package (class unverified),format/extension only,added/custom content
Content/ActionRPGStarterSystem/Assets/SmallPlane/Textures/Plane_Fan_Normal.uasset,.uasset,223269,ActionRPGStarterSystem,Unreal package (class unverified),format/extension only,added/custom content
Content/ActionRPGStarterSystem/Assets/SmallPlane/Textures/Plane_Wheels_Albedo.uasset,.uasset,720247,ActionRPGStarterSystem,Unreal package (class unverified),format/extension only,added/custom content
Content/ActionRPGStarterSystem/Assets/SmallPlane/Textures/Plane_Wheels_Normal.uasset,.uasset,289423,ActionRPGStarterSystem,Unreal package (class unverified),format/extension only,added/custom content
Content/ActionRPGStarterSystem/Assets/SmallPlane/Textures/Plane_Wings_Albedo.uasset,.uasset,4075487,ActionRPGStarterSystem,Unreal package (class unverified),format/extension only,added/custom content
Content/ActionRPGStarterSystem/Assets/SmallPlane/Textures/Plane_Wings_Normal.uasset,.uasset,1063159,ActionRPGStarterSystem,Unreal package (class unverified),format/extension only,added/custom content
Content/ActionRPGStarterSystem/Assets/Spider/M_Spider.uasset,.uasset,102438,ActionRPGStarterSystem,Unreal package (class unverified),format/extension only,added/custom content
Content/ActionRPGStarterSystem/Assets/Spider/M_Spider_Inst.uasset,.uasset,154283,ActionRPGStarterSystem,Unreal package (class unverified),format/extension only,added/custom content
Content/ActionRPGStarterSystem/Assets/Spider/M_Spider_Inst1.uasset,.uasset,156358,ActionRPGStarterSystem,Unreal package (class unverified),format/extension only,added/custom content
Content/ActionRPGStarterSystem/Assets/Spider/M_Spider_Inst2.uasset,.uasset,148691,ActionRPGStarterSystem,Unreal package (class unverified),format/extension only,added/custom content
Content/ActionRPGStarterSystem/Assets/Spider/SK_Spider.uasset,.uasset,1571037,ActionRPGStarterSystem,Unreal package (class unverified),format/extension only,added/custom content
Content/ActionRPGStarterSystem/Assets/Spider/SK_Spider_PhysicsAsset.uasset,.uasset,8452,ActionRPGStarterSystem,Unreal package (class unverified),format/extension only,added/custom content
Content/ActionRPGStarterSystem/Assets/Spider/SK_Spider_Skeleton.uasset,.uasset,18742,ActionRPGStarterSystem,Unreal package (class unverified),format/extension only,added/custom content
Content/ActionRPGStarterSystem/Assets/Spider/SK_Spider_Skeleton_AnimBlueprint.uasset,.uasset,159914,ActionRPGStarterSystem,Unreal package (class unverified),format/extension only,added/custom content
Content/ActionRPGStarterSystem/Assets/Spider/SpiderAnim_Attack1.uasset,.uasset,343604,ActionRPGStarterSystem,Unreal package (class unverified),format/extension only,added/custom content
Content/ActionRPGStarterSystem/Assets/Spider/SpiderAnim_Attack1_Montage.uasset,.uasset,102043,ActionRPGStarterSystem,Unreal package (class unverified),format/extension only,added/custom content
Content/ActionRPGStarterSystem/Assets/Spider/SpiderAnim_IDle.uasset,.uasset,332288,ActionRPGStarterSystem,Unreal package (class unverified),format/extension only,added/custom content
Content/ActionRPGStarterSystem/Assets/Spider/SpiderAnim_Pose30.uasset,.uasset,321142,ActionRPGStarterSystem,Unreal package (class unverified),format/extension only,added/custom content
Content/ActionRPGStarterSystem/Assets/Spider/SpiderAnim_StunEnd.uasset,.uasset,243864,ActionRPGStarterSystem,Unreal package (class unverified),format/extension only,added/custom content
Content/ActionRPGStarterSystem/Assets/Spider/SpiderAnim_StunLoop.uasset,.uasset,219496,ActionRPGStarterSystem,Unreal package (class unverified),format/extension only,added/custom content
Content/ActionRPGStarterSystem/Assets/Spider/SpiderAnim_Stunned.uasset,.uasset,330051,ActionRPGStarterSystem,Unreal package (class unverified),format/extension only,added/custom content
Content/ActionRPGStarterSystem/Assets/Spider/SpiderAnim_StunStart.uasset,.uasset,243874,ActionRPGStarterSystem,Unreal package (class unverified),format/extension only,added/custom content
Content/ActionRPGStarterSystem/Assets/Spider/SpiderAnim_StunStart_Montage.uasset,.uasset,92747,ActionRPGStarterSystem,Unreal package (class unverified),format/extension only,added/custom content
Content/ActionRPGStarterSystem/Assets/Spider/SpiderAnim_WalkF.uasset,.uasset,330467,ActionRPGStarterSystem,Unreal package (class unverified),format/extension only,added/custom content
Content/ActionRPGStarterSystem/Assets/Spider/SpiderAnimPose.uasset,.uasset,125388,ActionRPGStarterSystem,Unreal package (class unverified),format/extension only,added/custom content
Content/ActionRPGStarterSystem/Assets/Spider/SpiderDeath_Montage.uasset,.uasset,10257,ActionRPGStarterSystem,Unreal package (class unverified),format/extension only,added/custom content
Content/ActionRPGStarterSystem/Assets/Spider/Textures/SpiderMix_Albedo.uasset,.uasset,8578147,ActionRPGStarterSystem,Unreal package (class unverified),format/extension only,added/custom content
Content/ActionRPGStarterSystem/Assets/Spider/Textures/SpiderMix_Normal.uasset,.uasset,5790937,ActionRPGStarterSystem,Unreal package (class unverified),format/extension only,added/custom content
Content/ActionRPGStarterSystem/Assets/Spider/Textures/SpiderMix_Roughness.uasset,.uasset,2959204,ActionRPGStarterSystem,Unreal package (class unverified),format/extension only,added/custom content
Content/ActionRPGStarterSystem/Assets/StarterContent/Materials/M_Brick_Clay_New.uasset,.uasset,152590,ActionRPGStarterSystem,Unreal package (class unverified),format/extension only,added/custom content
Content/ActionRPGStarterSystem/Assets/StarterContent/Materials/M_Tech_Panel.uasset,.uasset,131098,ActionRPGStarterSystem,Unreal package (class unverified),format/extension only,added/custom content
Content/ActionRPGStarterSystem/Assets/StarterContent/Props/Materials/M_MaterialSphere.uasset,.uasset,91966,ActionRPGStarterSystem,Unreal package (class unverified),format/extension only,added/custom content
Content/ActionRPGStarterSystem/Assets/StarterContent/Props/Materials/M_MaterialSphere_Plain.uasset,.uasset,81481,ActionRPGStarterSystem,Unreal package (class unverified),format/extension only,added/custom content
Content/ActionRPGStarterSystem/Assets/StarterContent/Props/SM_MatPreviewMesh_02.uasset,.uasset,697293,ActionRPGStarterSystem,Unreal package (class unverified),format/extension only,added/custom content
Content/ActionRPGStarterSystem/Assets/StarterContent/Textures/T_Brick_Clay_New_D.uasset,.uasset,6350311,ActionRPGStarterSystem,Unreal package (class unverified),format/extension only,added/custom content
Content/ActionRPGStarterSystem/Assets/StarterContent/Textures/T_Brick_Clay_New_M.uasset,.uasset,7166393,ActionRPGStarterSystem,Unreal package (class unverified),format/extension only,added/custom content
Content/ActionRPGStarterSystem/Assets/StarterContent/Textures/T_Brick_Clay_New_N.uasset,.uasset,8410731,ActionRPGStarterSystem,Unreal package (class unverified),format/extension only,added/custom content
Content/ActionRPGStarterSystem/Assets/StarterContent/Textures/T_Detail_Rocky_N.uasset,.uasset,2956846,ActionRPGStarterSystem,Unreal package (class unverified),format/extension only,added/custom content
Content/ActionRPGStarterSystem/Assets/StarterContent/Textures/T_MacroVariation.uasset,.uasset,10001002,ActionRPGStarterSystem,Unreal package (class unverified),format/extension only,added/custom content
Content/ActionRPGStarterSystem/Assets/StarterContent/Textures/T_Metal_Steel_D.uasset,.uasset,3360014,ActionRPGStarterSystem,Unreal package (class unverified),format/extension only,added/custom content
Content/ActionRPGStarterSystem/Assets/StarterContent/Textures/T_Tech_Panel_M.uasset,.uasset,949593,ActionRPGStarterSystem,Unreal package (class unverified),format/extension only,added/custom content
Content/ActionRPGStarterSystem/Assets/StarterContent/Textures/T_Tech_Panel_N.uasset,.uasset,2319771,ActionRPGStarterSystem,Unreal package (class unverified),format/extension only,added/custom content
Content/ActionRPGStarterSystem/Audio/ARPGSound_Master.uasset,.uasset,2165,ActionRPGStarterSystem,Unreal package (class unverified),format/extension only,added/custom content
Content/ActionRPGStarterSystem/Audio/ARPGSound_Music.uasset,.uasset,1814,ActionRPGStarterSystem,Unreal package (class unverified),format/extension only,added/custom content
Content/ActionRPGStarterSystem/Audio/ARPGSound_VFX.uasset,.uasset,1802,ActionRPGStarterSystem,Unreal package (class unverified),format/extension only,added/custom content
Content/ActionRPGStarterSystem/Audio/ARPGSound_Voice.uasset,.uasset,1814,ActionRPGStarterSystem,Unreal package (class unverified),format/extension only,added/custom content
Content/ActionRPGStarterSystem/Audio/MasterSoundMixClass.uasset,.uasset,1804,ActionRPGStarterSystem,Unreal package (class unverified),format/extension only,added/custom content
Content/ActionRPGStarterSystem/Audio/MusicSoundMixClass.uasset,.uasset,1798,ActionRPGStarterSystem,Unreal package (class unverified),format/extension only,added/custom content
Content/ActionRPGStarterSystem/Audio/VFXSoundMixClass.uasset,.uasset,1786,ActionRPGStarterSystem,Unreal package (class unverified),format/extension only,added/custom content
Content/ActionRPGStarterSystem/Audio/VoiceSoundMixClass.uasset,.uasset,1798,ActionRPGStarterSystem,Unreal package (class unverified),format/extension only,added/custom content
Content/ActionRPGStarterSystem/Character/Blueprints/BP_ARPG_Character.uasset,.uasset,10400606,ActionRPGStarterSystem,Unreal package (class unverified),format/extension only,added/custom content
Content/ActionRPGStarterSystem/Character/Blueprints/BP_ARPG_GameInstance.uasset,.uasset,338883,ActionRPGStarterSystem,Unreal package (class unverified),format/extension only,added/custom content
Content/ActionRPGStarterSystem/Character/Blueprints/BP_ARPG_GameMode.uasset,.uasset,230639,ActionRPGStarterSystem,Unreal package (class unverified),format/extension only,added/custom content
Content/ActionRPGStarterSystem/Character/Blueprints/BP_ARPG_PlayerController.uasset,.uasset,5368283,ActionRPGStarterSystem,Unreal package (class unverified),format/extension only,added/custom content
Content/ActionRPGStarterSystem/Character/Blueprints/BP_ARPG_TopDownAIController.uasset,.uasset,20919,ActionRPGStarterSystem,Unreal package (class unverified),format/extension only,added/custom content
Content/ActionRPGStarterSystem/Character/Blueprints/BP_ARPGGameState.uasset,.uasset,131667,ActionRPGStarterSystem,Unreal package (class unverified),format/extension only,added/custom content
Content/ActionRPGStarterSystem/Character/Blueprints/Character_Races/Race1/BP_Character_Race1_Gender1.uasset,.uasset,44214,ActionRPGStarterSystem,Unreal package (class unverified),format/extension only,added/custom content
Content/ActionRPGStarterSystem/Character/Blueprints/Character_Races/Race1/BP_Character_Race1_Gender2.uasset,.uasset,46997,ActionRPGStarterSystem,Unreal package (class unverified),format/extension only,added/custom content
Content/ActionRPGStarterSystem/Character/Blueprints/Character_Races/Race2/BP_Character_Race2_Gender1.uasset,.uasset,49086,ActionRPGStarterSystem,Unreal package (class unverified),format/extension only,added/custom content
Content/ActionRPGStarterSystem/Character/Blueprints/Character_Races/Race2/BP_Character_Race2_Gender2.uasset,.uasset,34036,ActionRPGStarterSystem,Unreal package (class unverified),format/extension only,added/custom content
Content/ActionRPGStarterSystem/Character/Blueprints/Character_Races/Race3/BP_Character_Race3_Gender1.uasset,.uasset,43626,ActionRPGStarterSystem,Unreal package (class unverified),format/extension only,added/custom content
Content/ActionRPGStarterSystem/Character/Blueprints/Character_Races/Race3/BP_Character_Race3_Gender2.uasset,.uasset,47445,ActionRPGStarterSystem,Unreal package (class unverified),format/extension only,added/custom content
Content/ActionRPGStarterSystem/Character/Blueprints/Character_Races/Race4/BP_Character_Race4_Gender1.uasset,.uasset,43655,ActionRPGStarterSystem,Unreal package (class unverified),format/extension only,added/custom content
Content/ActionRPGStarterSystem/Character/Blueprints/Character_Races/Race4/BP_Character_Race4_Gender2.uasset,.uasset,47337,ActionRPGStarterSystem,Unreal package (class unverified),format/extension only,added/custom content
Content/ActionRPGStarterSystem/Character/Blueprints/Character_Races/Race5/BP_Character_Race5_Gender1.uasset,.uasset,43655,ActionRPGStarterSystem,Unreal package (class unverified),format/extension only,added/custom content
Content/ActionRPGStarterSystem/Character/Blueprints/Character_Races/Race5/BP_Character_Race5_Gender2.uasset,.uasset,47337,ActionRPGStarterSystem,Unreal package (class unverified),format/extension only,added/custom content
Content/ActionRPGStarterSystem/Character/Blueprints/Components/Targetting/BP_TargettingComp.uasset,.uasset,551034,ActionRPGStarterSystem,Unreal package (class unverified),format/extension only,added/custom content
Content/ActionRPGStarterSystem/Character/Blueprints/Components/Targetting/Materials/M_Targetting.uasset,.uasset,20610,ActionRPGStarterSystem,Unreal package (class unverified),format/extension only,added/custom content
Content/ActionRPGStarterSystem/Character/Blueprints/Components/Targetting/Widgets/BP_TargettingW.uasset,.uasset,88477,ActionRPGStarterSystem,Unreal package (class unverified),format/extension only,added/custom content
Content/ActionRPGStarterSystem/Character/Blueprints/Interfaces/BP_ARPGCOntrollerInterface.uasset,.uasset,250182,ActionRPGStarterSystem,Unreal package (class unverified),format/extension only,added/custom content
Content/ActionRPGStarterSystem/Character/Blueprints/Interfaces/BP_CharacterInventoryInterface.uasset,.uasset,215173,ActionRPGStarterSystem,Unreal package (class unverified),format/extension only,added/custom content
Content/ActionRPGStarterSystem/Character/Blueprints/Interfaces/BP_IT_AnimationInfo.uasset,.uasset,22381,ActionRPGStarterSystem,Unreal package (class unverified),format/extension only,added/custom content
Content/ActionRPGStarterSystem/Character/Blueprints/Interfaces/BP_QuestInterface.uasset,.uasset,13268,ActionRPGStarterSystem,Unreal package (class unverified),format/extension only,added/custom content
Content/ActionRPGStarterSystem/Character/Blueprints/Lobby/BP_LobbyCharacterCreator.uasset,.uasset,698397,ActionRPGStarterSystem,Unreal package (class unverified),format/extension only,added/custom content
Content/ActionRPGStarterSystem/Character/Blueprints/Lobby/BP_LobbyGM.uasset,.uasset,21479,ActionRPGStarterSystem,Unreal package (class unverified),format/extension only,added/custom content
Content/ActionRPGStarterSystem/Character/Blueprints/Lobby/ClassSetups/DA_LobbySetup.uasset,.uasset,39921,ActionRPGStarterSystem,Unreal package (class unverified),format/extension only,added/custom content
Content/ActionRPGStarterSystem/Character/Blueprints/Lobby/ClassSetups/LocalSave/BP_CharactersLocalSave.uasset,.uasset,198449,ActionRPGStarterSystem,Unreal package (class unverified),format/extension only,added/custom content
Content/ActionRPGStarterSystem/Character/Blueprints/Lobby/ClassSetups/LocalSave/S_SavedLocalCharacter.uasset,.uasset,14393,ActionRPGStarterSystem,Unreal package (class unverified),format/extension only,added/custom content
Content/ActionRPGStarterSystem/Character/Blueprints/Lobby/ClassSetups/PrimaryDA_Lobby.uasset,.uasset,10931,ActionRPGStarterSystem,Unreal package (class unverified),format/extension only,added/custom content
Content/ActionRPGStarterSystem/Character/Blueprints/Lobby/ClassSetups/S_ClassSetups.uasset,.uasset,32283,ActionRPGStarterSystem,Unreal package (class unverified),format/extension only,added/custom content
Content/ActionRPGStarterSystem/Character/Blueprints/Lobby/ClassSetups/S_GenderSetup.uasset,.uasset,5723,ActionRPGStarterSystem,Unreal package (class unverified),format/extension only,added/custom content
Content/ActionRPGStarterSystem/Character/Blueprints/Lobby/ClassSetups/S_LobbyCharPreviewMeshByGender.uasset,.uasset,8142,ActionRPGStarterSystem,Unreal package (class unverified),format/extension only,added/custom content
Content/ActionRPGStarterSystem/Character/Blueprints/Lobby/ClassSetups/S_LobbyCharPreviewSetup.uasset,.uasset,7593,ActionRPGStarterSystem,Unreal package (class unverified),format/extension only,added/custom content
Content/ActionRPGStarterSystem/Character/Blueprints/Lobby/ClassSetups/S_RaceSetup.uasset,.uasset,14196,ActionRPGStarterSystem,Unreal package (class unverified),format/extension only,added/custom content
Content/ActionRPGStarterSystem/Character/Blueprints/Lobby/Session/BP_SessionEntry.uasset,.uasset,168013,ActionRPGStarterSystem,Unreal package (class unverified),format/extension only,added/custom content
Content/ActionRPGStarterSystem/Character/Blueprints/Lobby/Session/BP_SessionList.uasset,.uasset,324115,ActionRPGStarterSystem,Unreal package (class unverified),format/extension only,added/custom content
Content/ActionRPGStarterSystem/Character/Blueprints/LocalCharacter/BP_ARPG_LocalCharacter.uasset,.uasset,931285,ActionRPGStarterSystem,Unreal package (class unverified),format/extension only,added/custom content
Content/ActionRPGStarterSystem/Character/Blueprints/Preview/BP_ARPGCharPreview.uasset,.uasset,412582,ActionRPGStarterSystem,Unreal package (class unverified),format/extension only,added/custom content
Content/ActionRPGStarterSystem/Character/Blueprints/Preview/BP_CharacterPreviewUI.uasset,.uasset,146440,ActionRPGStarterSystem,Unreal package (class unverified),format/extension only,added/custom content
Content/ActionRPGStarterSystem/Character/Blueprints/Preview/M_CharacterPrevMat.uasset,.uasset,9205,ActionRPGStarterSystem,Unreal package (class unverified),format/extension only,added/custom content
Content/ActionRPGStarterSystem/Character/Blueprints/Preview/PP_SceneCapCutOff.uasset,.uasset,90254,ActionRPGStarterSystem,Unreal package (class unverified),format/extension only,added/custom content
Content/ActionRPGStarterSystem/Character/Blueprints/Preview/T_PrevRenderTarget.uasset,.uasset,4360,ActionRPGStarterSystem,Unreal package (class unverified),format/extension only,added/custom content
Content/ActionRPGStarterSystem/Character/Curve_LevelExp.uasset,.uasset,4253,ActionRPGStarterSystem,Unreal package (class unverified),format/extension only,added/custom content
Content/ActionRPGStarterSystem/Equipment/BP_MainEquipment.uasset,.uasset,156355,ActionRPGStarterSystem,Unreal package (class unverified),format/extension only,added/custom content
Content/ActionRPGStarterSystem/Equipment/BP_MainEquipment_Armor.uasset,.uasset,32884,ActionRPGStarterSystem,Unreal package (class unverified),format/extension only,added/custom content
Content/ActionRPGStarterSystem/Equipment/BP_MainEquipment_Axe.uasset,.uasset,57554,ActionRPGStarterSystem,Unreal package (class unverified),format/extension only,added/custom content
Content/ActionRPGStarterSystem/Equipment/BP_MainEquipment_Axe2.uasset,.uasset,31395,ActionRPGStarterSystem,Unreal package (class unverified),format/extension only,added/custom content
Content/ActionRPGStarterSystem/Equipment/BP_MainEquipment_Belt.uasset,.uasset,31791,ActionRPGStarterSystem,Unreal package (class unverified),format/extension only,added/custom content
Content/ActionRPGStarterSystem/Equipment/BP_MainEquipment_Boots.uasset,.uasset,33617,ActionRPGStarterSystem,Unreal package (class unverified),format/extension only,added/custom content
Content/ActionRPGStarterSystem/Equipment/BP_MainEquipment_Bow.uasset,.uasset,22527,ActionRPGStarterSystem,Unreal package (class unverified),format/extension only,added/custom content
Content/ActionRPGStarterSystem/Equipment/BP_MainEquipment_Cape.uasset,.uasset,31616,ActionRPGStarterSystem,Unreal package (class unverified),format/extension only,added/custom content
Content/ActionRPGStarterSystem/Equipment/BP_MainEquipment_Dagger.uasset,.uasset,31680,ActionRPGStarterSystem,Unreal package (class unverified),format/extension only,added/custom content
Content/ActionRPGStarterSystem/Equipment/BP_MainEquipment_Earrings.uasset,.uasset,26984,ActionRPGStarterSystem,Unreal package (class unverified),format/extension only,added/custom content
Content/ActionRPGStarterSystem/Equipment/BP_MainEquipment_Gloves.uasset,.uasset,31760,ActionRPGStarterSystem,Unreal package (class unverified),format/extension only,added/custom content
Content/ActionRPGStarterSystem/Equipment/BP_MainEquipment_Hammer.uasset,.uasset,31566,ActionRPGStarterSystem,Unreal package (class unverified),format/extension only,added/custom content
Content/ActionRPGStarterSystem/Equipment/BP_MainEquipment_Helmet.uasset,.uasset,34153,ActionRPGStarterSystem,Unreal package (class unverified),format/extension only,added/custom content
Content/ActionRPGStarterSystem/Equipment/BP_MainEquipment_LongSword.uasset,.uasset,31534,ActionRPGStarterSystem,Unreal package (class unverified),format/extension only,added/custom content
Content/ActionRPGStarterSystem/Equipment/BP_MainEquipment_OmegaSword.uasset,.uasset,43355,ActionRPGStarterSystem,Unreal package (class unverified),format/extension only,added/custom content
Content/ActionRPGStarterSystem/Equipment/BP_MainEquipment_Pants.uasset,.uasset,33655,ActionRPGStarterSystem,Unreal package (class unverified),format/extension only,added/custom content
Content/ActionRPGStarterSystem/Equipment/BP_MainEquipment_Shield.uasset,.uasset,34025,ActionRPGStarterSystem,Unreal package (class unverified),format/extension only,added/custom content
Content/ActionRPGStarterSystem/Equipment/BP_MainEquipment_Shoulder.uasset,.uasset,31410,ActionRPGStarterSystem,Unreal package (class unverified),format/extension only,added/custom content
Content/ActionRPGStarterSystem/Equipment/BP_MainEquipment_Spear.uasset,.uasset,31383,ActionRPGStarterSystem,Unreal package (class unverified),format/extension only,added/custom content
Content/ActionRPGStarterSystem/Equipment/BP_MainEquipment_Sword.uasset,.uasset,31635,ActionRPGStarterSystem,Unreal package (class unverified),format/extension only,added/custom content
Content/ActionRPGStarterSystem/Equipment/Data/E_BodyPartType.uasset,.uasset,5320,ActionRPGStarterSystem,Unreal package (class unverified),format/extension only,added/custom content
Content/ActionRPGStarterSystem/Equipment/Data/S_EquipmentRefs.uasset,.uasset,17541,ActionRPGStarterSystem,Unreal package (class unverified),format/extension only,added/custom content
Content/ActionRPGStarterSystem/Inputs/Actions/Actionbar1.uasset,.uasset,1672,ActionRPGStarterSystem,Unreal package (class unverified),format/extension only,added/custom content
Content/ActionRPGStarterSystem/Inputs/Actions/Actionbar10.uasset,.uasset,1676,ActionRPGStarterSystem,Unreal package (class unverified),format/extension only,added/custom content
Content/ActionRPGStarterSystem/Inputs/Actions/Actionbar2.uasset,.uasset,1672,ActionRPGStarterSystem,Unreal package (class unverified),format/extension only,added/custom content
Content/ActionRPGStarterSystem/Inputs/Actions/Actionbar3.uasset,.uasset,1672,ActionRPGStarterSystem,Unreal package (class unverified),format/extension only,added/custom content
Content/ActionRPGStarterSystem/Inputs/Actions/Actionbar4.uasset,.uasset,1672,ActionRPGStarterSystem,Unreal package (class unverified),format/extension only,added/custom content
Content/ActionRPGStarterSystem/Inputs/Actions/Actionbar5.uasset,.uasset,1672,ActionRPGStarterSystem,Unreal package (class unverified),format/extension only,added/custom content
Content/ActionRPGStarterSystem/Inputs/Actions/Actionbar6.uasset,.uasset,1672,ActionRPGStarterSystem,Unreal package (class unverified),format/extension only,added/custom content
Content/ActionRPGStarterSystem/Inputs/Actions/Actionbar7.uasset,.uasset,1672,ActionRPGStarterSystem,Unreal package (class unverified),format/extension only,added/custom content
Content/ActionRPGStarterSystem/Inputs/Actions/Actionbar8.uasset,.uasset,1672,ActionRPGStarterSystem,Unreal package (class unverified),format/extension only,added/custom content
Content/ActionRPGStarterSystem/Inputs/Actions/Actionbar9.uasset,.uasset,1672,ActionRPGStarterSystem,Unreal package (class unverified),format/extension only,added/custom content
Content/ActionRPGStarterSystem/Inputs/Actions/Block.uasset,.uasset,1652,ActionRPGStarterSystem,Unreal package (class unverified),format/extension only,added/custom content
Content/ActionRPGStarterSystem/Inputs/Actions/CancelChannelling.uasset,.uasset,1700,ActionRPGStarterSystem,Unreal package (class unverified),format/extension only,added/custom content
Content/ActionRPGStarterSystem/Inputs/Actions/Holster.uasset,.uasset,1458,ActionRPGStarterSystem,Unreal package (class unverified),format/extension only,added/custom content
Content/ActionRPGStarterSystem/Inputs/Actions/IA_ALT.uasset,.uasset,1150,ActionRPGStarterSystem,Unreal package (class unverified),format/extension only,added/custom content
Content/ActionRPGStarterSystem/Inputs/Actions/IA_OverviewMap.uasset,.uasset,1486,ActionRPGStarterSystem,Unreal package (class unverified),format/extension only,added/custom content
Content/ActionRPGStarterSystem/Inputs/Actions/IA_Target.uasset,.uasset,1466,ActionRPGStarterSystem,Unreal package (class unverified),format/extension only,added/custom content
Content/ActionRPGStarterSystem/Inputs/Actions/IA_TargetLeft.uasset,.uasset,1482,ActionRPGStarterSystem,Unreal package (class unverified),format/extension only,added/custom content
Content/ActionRPGStarterSystem/Inputs/Actions/IA_TargetRight.uasset,.uasset,1486,ActionRPGStarterSystem,Unreal package (class unverified),format/extension only,added/custom content
Content/ActionRPGStarterSystem/Inputs/Actions/Interact.uasset,.uasset,1664,ActionRPGStarterSystem,Unreal package (class unverified),format/extension only,added/custom content
Content/ActionRPGStarterSystem/Inputs/Actions/Jump.uasset,.uasset,1846,ActionRPGStarterSystem,Unreal package (class unverified),format/extension only,added/custom content
Content/ActionRPGStarterSystem/Inputs/Actions/LeftMouseAction.uasset,.uasset,1692,ActionRPGStarterSystem,Unreal package (class unverified),format/extension only,added/custom content
Content/ActionRPGStarterSystem/Inputs/Actions/LookUp.uasset,.uasset,1346,ActionRPGStarterSystem,Unreal package (class unverified),format/extension only,added/custom content
Content/ActionRPGStarterSystem/Inputs/Actions/MoveBackward.uasset,.uasset,1675,ActionRPGStarterSystem,Unreal package (class unverified),format/extension only,added/custom content
Content/ActionRPGStarterSystem/Inputs/Actions/MoveForward.uasset,.uasset,1366,ActionRPGStarterSystem,Unreal package (class unverified),format/extension only,added/custom content
Content/ActionRPGStarterSystem/Inputs/Actions/MoveLeft.uasset,.uasset,1659,ActionRPGStarterSystem,Unreal package (class unverified),format/extension only,added/custom content
Content/ActionRPGStarterSystem/Inputs/Actions/MoveRight.uasset,.uasset,1358,ActionRPGStarterSystem,Unreal package (class unverified),format/extension only,added/custom content
Content/ActionRPGStarterSystem/Inputs/Actions/OpenGuild.uasset,.uasset,1466,ActionRPGStarterSystem,Unreal package (class unverified),format/extension only,added/custom content
Content/ActionRPGStarterSystem/Inputs/Actions/OpenInventory.uasset,.uasset,1482,ActionRPGStarterSystem,Unreal package (class unverified),format/extension only,added/custom content
Content/ActionRPGStarterSystem/Inputs/Actions/OpenMenu.uasset,.uasset,1463,ActionRPGStarterSystem,Unreal package (class unverified),format/extension only,added/custom content
Content/ActionRPGStarterSystem/Inputs/Actions/OpenSkills.uasset,.uasset,1470,ActionRPGStarterSystem,Unreal package (class unverified),format/extension only,added/custom content
Content/ActionRPGStarterSystem/Inputs/Actions/RightMouseAction.uasset,.uasset,1696,ActionRPGStarterSystem,Unreal package (class unverified),format/extension only,added/custom content
Content/ActionRPGStarterSystem/Inputs/Actions/Sprint.uasset,.uasset,1656,ActionRPGStarterSystem,Unreal package (class unverified),format/extension only,added/custom content
Content/ActionRPGStarterSystem/Inputs/Actions/Turn.uasset,.uasset,1338,ActionRPGStarterSystem,Unreal package (class unverified),format/extension only,added/custom content
Content/ActionRPGStarterSystem/Inputs/Actions/Walk.uasset,.uasset,1648,ActionRPGStarterSystem,Unreal package (class unverified),format/extension only,added/custom content
Content/ActionRPGStarterSystem/Inputs/IMC_Default.uasset,.uasset,18514,ActionRPGStarterSystem,Unreal package (class unverified),format/extension only,added/custom content
Content/ActionRPGStarterSystem/Inputs/IMC_Gamepad.uasset,.uasset,11524,ActionRPGStarterSystem,Unreal package (class unverified),format/extension only,added/custom content
Content/ActionRPGStarterSystem/InventorySystem/Components/BP_InventoryComponent.uasset,.uasset,24922122,ActionRPGStarterSystem,Unreal package (class unverified),format/extension only,added/custom content
Content/ActionRPGStarterSystem/InventorySystem/Crafting/Blueprint/BP_Crafting_Armor_child.uasset,.uasset,44683,ActionRPGStarterSystem,Unreal package (class unverified),format/extension only,added/custom content
Content/ActionRPGStarterSystem/InventorySystem/Crafting/Blueprint/BP_Crafting_Ressources_child.uasset,.uasset,44655,ActionRPGStarterSystem,Unreal package (class unverified),format/extension only,added/custom content
Content/ActionRPGStarterSystem/InventorySystem/Crafting/Blueprint/BP_CraftingMain.uasset,.uasset,296498,ActionRPGStarterSystem,Unreal package (class unverified),format/extension only,added/custom content
Content/ActionRPGStarterSystem/InventorySystem/Crafting/Blueprint/BP_CraftingWeapons_child.uasset,.uasset,44731,ActionRPGStarterSystem,Unreal package (class unverified),format/extension only,added/custom content
Content/ActionRPGStarterSystem/InventorySystem/Crafting/Blueprint/Components/BP_CraftingWidgetComponent.uasset,.uasset,94554,ActionRPGStarterSystem,Unreal package (class unverified),format/extension only,added/custom content
Content/ActionRPGStarterSystem/InventorySystem/Crafting/Blueprint/Data/CraftingItems.uasset,.uasset,6422,ActionRPGStarterSystem,Unreal package (class unverified),format/extension only,added/custom content
Content/ActionRPGStarterSystem/InventorySystem/Crafting/Data/CraftingResource.uasset,.uasset,6367,ActionRPGStarterSystem,Unreal package (class unverified),format/extension only,added/custom content
Content/ActionRPGStarterSystem/InventorySystem/Crafting/Data/CraftingResult.uasset,.uasset,6465,ActionRPGStarterSystem,Unreal package (class unverified),format/extension only,added/custom content
Content/ActionRPGStarterSystem/InventorySystem/Crafting/Widgets/BP_CraftingIngredient.uasset,.uasset,129529,ActionRPGStarterSystem,Unreal package (class unverified),format/extension only,added/custom content
Content/ActionRPGStarterSystem/InventorySystem/Crafting/Widgets/BP_CraftingProgressbar.uasset,.uasset,71014,ActionRPGStarterSystem,Unreal package (class unverified),format/extension only,added/custom content
Content/ActionRPGStarterSystem/InventorySystem/Crafting/Widgets/BP_CraftingWidget.uasset,.uasset,544884,ActionRPGStarterSystem,Unreal package (class unverified),format/extension only,added/custom content
Content/ActionRPGStarterSystem/InventorySystem/Crafting/Widgets/BP_JSICraftingItem.uasset,.uasset,345274,ActionRPGStarterSystem,Unreal package (class unverified),format/extension only,added/custom content
Content/ActionRPGStarterSystem/InventorySystem/DA_InventoryItems.uasset,.uasset,106296,ActionRPGStarterSystem,Unreal package (class unverified),format/extension only,added/custom content
Content/ActionRPGStarterSystem/InventorySystem/EquipmentSets/DT_EquipmentSets.uasset,.uasset,5756,ActionRPGStarterSystem,Unreal package (class unverified),format/extension only,added/custom content
Content/ActionRPGStarterSystem/InventorySystem/EquipmentSets/S_EquipmentSetInfo.uasset,.uasset,6422,ActionRPGStarterSystem,Unreal package (class unverified),format/extension only,added/custom content
Content/ActionRPGStarterSystem/InventorySystem/EquipmentSets/S_EquipmentSetPerNum.uasset,.uasset,5414,ActionRPGStarterSystem,Unreal package (class unverified),format/extension only,added/custom content
Content/ActionRPGStarterSystem/InventorySystem/EquipmentSets/S_EquipmentSetTracker.uasset,.uasset,4965,ActionRPGStarterSystem,Unreal package (class unverified),format/extension only,added/custom content
Content/ActionRPGStarterSystem/InventorySystem/JigSaw/Data/ARPGBPFuncLib.uasset,.uasset,676447,ActionRPGStarterSystem,Unreal package (class unverified),format/extension only,added/custom content
Content/ActionRPGStarterSystem/InventorySystem/JigSaw/Data/ARPGMacroLib.uasset,.uasset,173358,ActionRPGStarterSystem,Unreal package (class unverified),format/extension only,added/custom content
Content/ActionRPGStarterSystem/InventorySystem/JigSaw/Data/ARPGMacroLibCom.uasset,.uasset,122744,ActionRPGStarterSystem,Unreal package (class unverified),format/extension only,added/custom content
Content/ActionRPGStarterSystem/InventorySystem/JigSaw/Data/Enums/ContainerType.uasset,.uasset,1919,ActionRPGStarterSystem,Unreal package (class unverified),format/extension only,added/custom content
Content/ActionRPGStarterSystem/InventorySystem/JigSaw/Data/Enums/E_ActionbarSlots.uasset,.uasset,6050,ActionRPGStarterSystem,Unreal package (class unverified),format/extension only,added/custom content
Content/ActionRPGStarterSystem/InventorySystem/JigSaw/Data/Enums/E_SkillExecType.uasset,.uasset,4137,ActionRPGStarterSystem,Unreal package (class unverified),format/extension only,added/custom content
Content/ActionRPGStarterSystem/InventorySystem/JigSaw/Data/Enums/EquipmentRestriction.uasset,.uasset,2858,ActionRPGStarterSystem,Unreal package (class unverified),format/extension only,added/custom content
Content/ActionRPGStarterSystem/InventorySystem/JigSaw/Data/Enums/EquipmentSlots.uasset,.uasset,7999,ActionRPGStarterSystem,Unreal package (class unverified),format/extension only,added/custom content
Content/ActionRPGStarterSystem/InventorySystem/JigSaw/Data/Enums/JSecondaryType.uasset,.uasset,16161,ActionRPGStarterSystem,Unreal package (class unverified),format/extension only,added/custom content
Content/ActionRPGStarterSystem/InventorySystem/JigSaw/Data/Enums/JSItemType.uasset,.uasset,9839,ActionRPGStarterSystem,Unreal package (class unverified),format/extension only,added/custom content
Content/ActionRPGStarterSystem/InventorySystem/JigSaw/Data/Enums/MouseKeys.uasset,.uasset,2739,ActionRPGStarterSystem,Unreal package (class unverified),format/extension only,added/custom content
Content/ActionRPGStarterSystem/InventorySystem/JigSaw/Data/Enums/PlayModes.uasset,.uasset,2301,ActionRPGStarterSystem,Unreal package (class unverified),format/extension only,added/custom content
Content/ActionRPGStarterSystem/InventorySystem/JigSaw/Data/Stats/DA_StatList.uasset,.uasset,19886,ActionRPGStarterSystem,Unreal package (class unverified),format/extension only,added/custom content
Content/ActionRPGStarterSystem/InventorySystem/JigSaw/Data/Stats/S_RequiredStat.uasset,.uasset,5317,ActionRPGStarterSystem,Unreal package (class unverified),format/extension only,added/custom content
Content/ActionRPGStarterSystem/InventorySystem/JigSaw/Data/Stats/S_StatGained.uasset,.uasset,5301,ActionRPGStarterSystem,Unreal package (class unverified),format/extension only,added/custom content
Content/ActionRPGStarterSystem/InventorySystem/JigSaw/Data/Stats/S_StatInfo.uasset,.uasset,13975,ActionRPGStarterSystem,Unreal package (class unverified),format/extension only,added/custom content
Content/ActionRPGStarterSystem/InventorySystem/JigSaw/Data/Stats/StatDataAsset.uasset,.uasset,58316,ActionRPGStarterSystem,Unreal package (class unverified),format/extension only,added/custom content
Content/ActionRPGStarterSystem/InventorySystem/JigSaw/Data/Structs/CharacterCurrency.uasset,.uasset,5869,ActionRPGStarterSystem,Unreal package (class unverified),format/extension only,added/custom content
Content/ActionRPGStarterSystem/InventorySystem/JigSaw/Data/Structs/ContainerItems.uasset,.uasset,10580,ActionRPGStarterSystem,Unreal package (class unverified),format/extension only,added/custom content
Content/ActionRPGStarterSystem/InventorySystem/JigSaw/Data/Structs/ContainerPickupsInfo.uasset,.uasset,23761,ActionRPGStarterSystem,Unreal package (class unverified),format/extension only,added/custom content
Content/ActionRPGStarterSystem/InventorySystem/JigSaw/Data/Structs/DefaultItemInfo.uasset,.uasset,6163,ActionRPGStarterSystem,Unreal package (class unverified),format/extension only,added/custom content
Content/ActionRPGStarterSystem/InventorySystem/JigSaw/Data/Structs/EquipmentStatus.uasset,.uasset,17518,ActionRPGStarterSystem,Unreal package (class unverified),format/extension only,added/custom content
Content/ActionRPGStarterSystem/InventorySystem/JigSaw/Data/Structs/EquippedMeshS.uasset,.uasset,7554,ActionRPGStarterSystem,Unreal package (class unverified),format/extension only,added/custom content
Content/ActionRPGStarterSystem/InventorySystem/JigSaw/Data/Structs/FItemInfo.uasset,.uasset,53009,ActionRPGStarterSystem,Unreal package (class unverified),format/extension only,added/custom content
Content/ActionRPGStarterSystem/InventorySystem/JigSaw/Data/Structs/ItemStats.uasset,.uasset,6313,ActionRPGStarterSystem,Unreal package (class unverified),format/extension only,added/custom content
Content/ActionRPGStarterSystem/InventorySystem/JigSaw/Data/Structs/PendingAdd.uasset,.uasset,6304,ActionRPGStarterSystem,Unreal package (class unverified),format/extension only,added/custom content
Content/ActionRPGStarterSystem/InventorySystem/JigSaw/Data/Structs/S_EquipmentSetup.uasset,.uasset,7714,ActionRPGStarterSystem,Unreal package (class unverified),format/extension only,added/custom content
Content/ActionRPGStarterSystem/InventorySystem/JigSaw/Data/Structs/S_StatsArray.uasset,.uasset,5306,ActionRPGStarterSystem,Unreal package (class unverified),format/extension only,added/custom content
Content/ActionRPGStarterSystem/InventorySystem/JigSaw/Data/Structs/StartingItems.uasset,.uasset,6256,ActionRPGStarterSystem,Unreal package (class unverified),format/extension only,added/custom content
Content/ActionRPGStarterSystem/InventorySystem/JigSaw/Materials/M_SlotFrame.uasset,.uasset,74019,ActionRPGStarterSystem,Unreal package (class unverified),format/extension only,added/custom content
Content/ActionRPGStarterSystem/InventorySystem/JigSaw/Materials/M_SlotMat.uasset,.uasset,72692,ActionRPGStarterSystem,Unreal package (class unverified),format/extension only,added/custom content
Content/ActionRPGStarterSystem/InventorySystem/JigSaw/PickupSystem/BP_MainPickupClass.uasset,.uasset,370347,ActionRPGStarterSystem,Unreal package (class unverified),format/extension only,added/custom content
Content/ActionRPGStarterSystem/InventorySystem/JigSaw/PickupSystem/BP_MainPickupClass_SM.uasset,.uasset,93063,ActionRPGStarterSystem,Unreal package (class unverified),format/extension only,added/custom content
Content/ActionRPGStarterSystem/InventorySystem/JigSaw/PickupSystem/BP_NameVisibility.uasset,.uasset,217076,ActionRPGStarterSystem,Unreal package (class unverified),format/extension only,added/custom content
Content/ActionRPGStarterSystem/InventorySystem/JigSaw/PickupSystem/BP_OutlineInterface.uasset,.uasset,18876,ActionRPGStarterSystem,Unreal package (class unverified),format/extension only,added/custom content
Content/ActionRPGStarterSystem/InventorySystem/JigSaw/PickupSystem/BP_PickupComponent.uasset,.uasset,586223,ActionRPGStarterSystem,Unreal package (class unverified),format/extension only,added/custom content
Content/ActionRPGStarterSystem/InventorySystem/JigSaw/PickupSystem/BP_PickupInterface.uasset,.uasset,22038,ActionRPGStarterSystem,Unreal package (class unverified),format/extension only,added/custom content
Content/ActionRPGStarterSystem/InventorySystem/JigSaw/PickupSystem/Data/AttachmentInfo.uasset,.uasset,4938,ActionRPGStarterSystem,Unreal package (class unverified),format/extension only,added/custom content
Content/ActionRPGStarterSystem/InventorySystem/JigSaw/PickupSystem/Data/PickupAttachments.uasset,.uasset,4340,ActionRPGStarterSystem,Unreal package (class unverified),format/extension only,added/custom content
Content/ActionRPGStarterSystem/InventorySystem/JigSaw/Sounds/Cue_GMoved.uasset,.uasset,4278,ActionRPGStarterSystem,Unreal package (class unverified),format/extension only,added/custom content
Content/ActionRPGStarterSystem/InventorySystem/JigSaw/Sounds/Cue_GPicked.uasset,.uasset,4230,ActionRPGStarterSystem,Unreal package (class unverified),format/extension only,added/custom content
Content/ActionRPGStarterSystem/InventorySystem/JigSaw/Sounds/Cue_ItemDropped.uasset,.uasset,4252,ActionRPGStarterSystem,Unreal package (class unverified),format/extension only,added/custom content
Content/ActionRPGStarterSystem/InventorySystem/JigSaw/Sounds/Cue_ItemMoved.uasset,.uasset,4242,ActionRPGStarterSystem,Unreal package (class unverified),format/extension only,added/custom content
Content/ActionRPGStarterSystem/InventorySystem/JigSaw/Sounds/Cue_ItemPicked.uasset,.uasset,4248,ActionRPGStarterSystem,Unreal package (class unverified),format/extension only,added/custom content
Content/ActionRPGStarterSystem/InventorySystem/JigSaw/Sounds/Cue_MeleePicked.uasset,.uasset,4254,ActionRPGStarterSystem,Unreal package (class unverified),format/extension only,added/custom content
Content/ActionRPGStarterSystem/InventorySystem/JigSaw/Sounds/Cue_VendorSound1.uasset,.uasset,4260,ActionRPGStarterSystem,Unreal package (class unverified),format/extension only,added/custom content
Content/ActionRPGStarterSystem/InventorySystem/JigSaw/Sounds/WAV/WAV_GMoved.uasset,.uasset,105671,ActionRPGStarterSystem,Unreal package (class unverified),format/extension only,added/custom content
Content/ActionRPGStarterSystem/InventorySystem/JigSaw/Sounds/WAV/WAV_GPicked.uasset,.uasset,54166,ActionRPGStarterSystem,Unreal package (class unverified),format/extension only,added/custom content
Content/ActionRPGStarterSystem/InventorySystem/JigSaw/Sounds/WAV/WAV_ItemDopped.uasset,.uasset,35762,ActionRPGStarterSystem,Unreal package (class unverified),format/extension only,added/custom content
Content/ActionRPGStarterSystem/InventorySystem/JigSaw/Sounds/WAV/WAV_ItemMoved.uasset,.uasset,107407,ActionRPGStarterSystem,Unreal package (class unverified),format/extension only,added/custom content
Content/ActionRPGStarterSystem/InventorySystem/JigSaw/Sounds/WAV/WAV_ItemPicked.uasset,.uasset,72561,ActionRPGStarterSystem,Unreal package (class unverified),format/extension only,added/custom content
Content/ActionRPGStarterSystem/InventorySystem/JigSaw/Sounds/WAV/WAV_MeleePicked.uasset,.uasset,72809,ActionRPGStarterSystem,Unreal package (class unverified),format/extension only,added/custom content
Content/ActionRPGStarterSystem/InventorySystem/JigSaw/Sounds/WAV/WAV_VendorSound1.uasset,.uasset,79886,ActionRPGStarterSystem,Unreal package (class unverified),format/extension only,added/custom content
Content/ActionRPGStarterSystem/InventorySystem/JigSaw/Widgets/BP_ContainerCanvas.uasset,.uasset,257059,ActionRPGStarterSystem,Unreal package (class unverified),format/extension only,added/custom content
Content/ActionRPGStarterSystem/InventorySystem/JigSaw/Widgets/BP_DisplayName.uasset,.uasset,391530,ActionRPGStarterSystem,Unreal package (class unverified),format/extension only,added/custom content
Content/ActionRPGStarterSystem/InventorySystem/JigSaw/Widgets/BP_DropItemAmountSelector.uasset,.uasset,238632,ActionRPGStarterSystem,Unreal package (class unverified),format/extension only,added/custom content
Content/ActionRPGStarterSystem/InventorySystem/JigSaw/Widgets/BP_DropItemBackGwidget.uasset,.uasset,150413,ActionRPGStarterSystem,Unreal package (class unverified),format/extension only,added/custom content
Content/ActionRPGStarterSystem/InventorySystem/JigSaw/Widgets/BP_EquipmentSlotTitle.uasset,.uasset,82204,ActionRPGStarterSystem,Unreal package (class unverified),format/extension only,added/custom content
Content/ActionRPGStarterSystem/InventorySystem/JigSaw/Widgets/BP_JigContainer.uasset,.uasset,7792824,ActionRPGStarterSystem,Unreal package (class unverified),format/extension only,added/custom content
Content/ActionRPGStarterSystem/InventorySystem/JigSaw/Widgets/BP_JigSlot.uasset,.uasset,4067045,ActionRPGStarterSystem,Unreal package (class unverified),format/extension only,added/custom content
Content/ActionRPGStarterSystem/InventorySystem/JigSaw/Widgets/BP_PickupInfo.uasset,.uasset,696752,ActionRPGStarterSystem,Unreal package (class unverified),format/extension only,added/custom content
Content/ActionRPGStarterSystem/InventorySystem/JigSaw/Widgets/BP_TradeWindow.uasset,.uasset,894465,ActionRPGStarterSystem,Unreal package (class unverified),format/extension only,added/custom content
Content/ActionRPGStarterSystem/InventorySystem/JigSaw/Widgets/ContainerWindow/BP_ContainerWindowWidget.uasset,.uasset,334162,ActionRPGStarterSystem,Unreal package (class unverified),format/extension only,added/custom content
Content/ActionRPGStarterSystem/InventorySystem/JigSaw/Widgets/ContextMenu/BP_ContextComp.uasset,.uasset,496488,ActionRPGStarterSystem,Unreal package (class unverified),format/extension only,added/custom content
Content/ActionRPGStarterSystem/InventorySystem/JigSaw/Widgets/ContextMenu/BP_ContextMenuW.uasset,.uasset,192190,ActionRPGStarterSystem,Unreal package (class unverified),format/extension only,added/custom content
Content/ActionRPGStarterSystem/InventorySystem/JigSaw/Widgets/ContextMenu/BP_ContextOptionW.uasset,.uasset,103296,ActionRPGStarterSystem,Unreal package (class unverified),format/extension only,added/custom content
Content/ActionRPGStarterSystem/InventorySystem/JigSaw/Widgets/ContextMenu/BP_JigConfirmationWidget.uasset,.uasset,113495,ActionRPGStarterSystem,Unreal package (class unverified),format/extension only,added/custom content
Content/ActionRPGStarterSystem/InventorySystem/JigSaw/Widgets/ContextMenu/BP_MessageWidget.uasset,.uasset,55244,ActionRPGStarterSystem,Unreal package (class unverified),format/extension only,added/custom content
Content/ActionRPGStarterSystem/InventorySystem/JigSaw/Widgets/ContextMenu/ContextOptions.uasset,.uasset,4542,ActionRPGStarterSystem,Unreal package (class unverified),format/extension only,added/custom content
Content/ActionRPGStarterSystem/InventorySystem/JigSaw/Widgets/HoverDrag/Drag/BP_DragWidget.uasset,.uasset,504807,ActionRPGStarterSystem,Unreal package (class unverified),format/extension only,added/custom content
Content/ActionRPGStarterSystem/InventorySystem/JigSaw/Widgets/HoverDrag/Drag/BP_JigSDragOperation.uasset,.uasset,10809,ActionRPGStarterSystem,Unreal package (class unverified),format/extension only,added/custom content
Content/ActionRPGStarterSystem/InventorySystem/JigSaw/Widgets/HoverDrag/Drag/BP_JigSplitWidget.uasset,.uasset,395574,ActionRPGStarterSystem,Unreal package (class unverified),format/extension only,added/custom content
Content/ActionRPGStarterSystem/InventorySystem/JigSaw/Widgets/HoverDrag/Hover/BP_EquipmentSetName.uasset,.uasset,51767,ActionRPGStarterSystem,Unreal package (class unverified),format/extension only,added/custom content
Content/ActionRPGStarterSystem/InventorySystem/JigSaw/Widgets/HoverDrag/Hover/BP_EquipmentSetsInfo.uasset,.uasset,258655,ActionRPGStarterSystem,Unreal package (class unverified),format/extension only,added/custom content
Content/ActionRPGStarterSystem/InventorySystem/JigSaw/Widgets/HoverDrag/Hover/BP_EquipmentSetStats.uasset,.uasset,117307,ActionRPGStarterSystem,Unreal package (class unverified),format/extension only,added/custom content
Content/ActionRPGStarterSystem/InventorySystem/JigSaw/Widgets/HoverDrag/Hover/BP_OnHoverTooltipWidget.uasset,.uasset,731504,ActionRPGStarterSystem,Unreal package (class unverified),format/extension only,added/custom content
Content/ActionRPGStarterSystem/InventorySystem/JigSaw/Widgets/HoverDrag/Hover/BP_StatsW.uasset,.uasset,195867,ActionRPGStarterSystem,Unreal package (class unverified),format/extension only,added/custom content
Content/ActionRPGStarterSystem/InventorySystem/JigSaw/Widgets/Images/NewWidgetBlueprint.uasset,.uasset,29318,ActionRPGStarterSystem,Unreal package (class unverified),format/extension only,added/custom content
Content/ActionRPGStarterSystem/InventorySystem/JigSaw/Widgets/Images/T_EmptySlotG.uasset,.uasset,5967,ActionRPGStarterSystem,Unreal package (class unverified),format/extension only,added/custom content
Content/ActionRPGStarterSystem/InventorySystem/JigSaw/Widgets/Images/T_EmptySlotG_Circular.uasset,.uasset,16304,ActionRPGStarterSystem,Unreal package (class unverified),format/extension only,added/custom content
Content/ActionRPGStarterSystem/InventorySystem/JigSaw/Widgets/Images/T_EmptySlotG_Circular_White.uasset,.uasset,11325,ActionRPGStarterSystem,Unreal package (class unverified),format/extension only,added/custom content
Content/ActionRPGStarterSystem/InventorySystem/JigSaw/Widgets/Images/T_SlotBackG.uasset,.uasset,6459,ActionRPGStarterSystem,Unreal package (class unverified),format/extension only,added/custom content
Content/ActionRPGStarterSystem/InventorySystem/JigSaw/Widgets/Images/T_SlotBackGFrame.uasset,.uasset,7828,ActionRPGStarterSystem,Unreal package (class unverified),format/extension only,added/custom content
Content/ActionRPGStarterSystem/InventorySystem/JigSaw/Widgets/Images/T_SlotFrame.uasset,.uasset,6129,ActionRPGStarterSystem,Unreal package (class unverified),format/extension only,added/custom content
Content/ActionRPGStarterSystem/InventorySystem/JigSaw/Widgets/Images/T_SlotFrameRec2.uasset,.uasset,6401,ActionRPGStarterSystem,Unreal package (class unverified),format/extension only,added/custom content
Content/ActionRPGStarterSystem/InventorySystem/JigSaw/Widgets/Images/T_SlotFrameRect.uasset,.uasset,6554,ActionRPGStarterSystem,Unreal package (class unverified),format/extension only,added/custom content
Content/ActionRPGStarterSystem/InventorySystem/JigSaw/Widgets/SpecialContainers/BP_JSISpecialWidgetInterface.uasset,.uasset,18233,ActionRPGStarterSystem,Unreal package (class unverified),format/extension only,added/custom content
Content/ActionRPGStarterSystem/InventorySystem/JigSaw/Widgets/SpecialContainers/BP_SpecialContainer1.uasset,.uasset,63205,ActionRPGStarterSystem,Unreal package (class unverified),format/extension only,added/custom content
Content/ActionRPGStarterSystem/InventorySystem/JSIStatsColors.uasset,.uasset,27392,ActionRPGStarterSystem,Unreal package (class unverified),format/extension only,added/custom content
Content/ActionRPGStarterSystem/InventorySystem/MPContainers/BP_PersonalStash.uasset,.uasset,29833,ActionRPGStarterSystem,Unreal package (class unverified),format/extension only,added/custom content
Content/ActionRPGStarterSystem/InventorySystem/MPContainers/BP_PersonalStashTriggerBox.uasset,.uasset,82238,ActionRPGStarterSystem,Unreal package (class unverified),format/extension only,added/custom content
Content/ActionRPGStarterSystem/InventorySystem/MPContainers/BP_Stash.uasset,.uasset,35475,ActionRPGStarterSystem,Unreal package (class unverified),format/extension only,added/custom content
Content/ActionRPGStarterSystem/InventorySystem/MPContainers/BP_WorldContainerSave.uasset,.uasset,124407,ActionRPGStarterSystem,Unreal package (class unverified),format/extension only,added/custom content
Content/ActionRPGStarterSystem/InventorySystem/MPContainers/BP_WorldContainerSaveClass.uasset,.uasset,10791,ActionRPGStarterSystem,Unreal package (class unverified),format/extension only,added/custom content
Content/ActionRPGStarterSystem/InventorySystem/MPContainers/Data/MPContainerItems.uasset,.uasset,9347,ActionRPGStarterSystem,Unreal package (class unverified),format/extension only,added/custom content
Content/ActionRPGStarterSystem/InventorySystem/MPContainers/Data/MpContentRep.uasset,.uasset,14046,ActionRPGStarterSystem,Unreal package (class unverified),format/extension only,added/custom content
Content/ActionRPGStarterSystem/InventorySystem/MPContainers/Data/ServerSlotInfo.uasset,.uasset,6132,ActionRPGStarterSystem,Unreal package (class unverified),format/extension only,added/custom content
Content/ActionRPGStarterSystem/InventorySystem/MPContainers/Data/ServerSlotInfoArray.uasset,.uasset,7511,ActionRPGStarterSystem,Unreal package (class unverified),format/extension only,added/custom content
Content/ActionRPGStarterSystem/InventorySystem/MPContainers/JigSawComponent.uasset,.uasset,602435,ActionRPGStarterSystem,Unreal package (class unverified),format/extension only,added/custom content
Content/ActionRPGStarterSystem/InventorySystem/MPContainers/MP_WorldContainer.uasset,.uasset,1741432,ActionRPGStarterSystem,Unreal package (class unverified),format/extension only,added/custom content
Content/ActionRPGStarterSystem/InventorySystem/MPContainers/Widget/BP_InGameContainerWidget.uasset,.uasset,19798,ActionRPGStarterSystem,Unreal package (class unverified),format/extension only,added/custom content
Content/ActionRPGStarterSystem/InventorySystem/MPContainers/Widget/BP_MPContainerWidget.uasset,.uasset,15442,ActionRPGStarterSystem,Unreal package (class unverified),format/extension only,added/custom content
Content/ActionRPGStarterSystem/InventorySystem/PrimaryDA_InventoryItems.uasset,.uasset,251673,ActionRPGStarterSystem,Unreal package (class unverified),format/extension only,added/custom content
Content/ActionRPGStarterSystem/InventorySystem/SaveSystem/BP_ConfirmationWidget.uasset,.uasset,104139,ActionRPGStarterSystem,Unreal package (class unverified),format/extension only,added/custom content
Content/ActionRPGStarterSystem/InventorySystem/SaveSystem/BP_FadeOutW.uasset,.uasset,45691,ActionRPGStarterSystem,Unreal package (class unverified),format/extension only,added/custom content
Content/ActionRPGStarterSystem/InventorySystem/SaveSystem/BP_JigServerSave.uasset,.uasset,581726,ActionRPGStarterSystem,Unreal package (class unverified),format/extension only,added/custom content
Content/ActionRPGStarterSystem/InventorySystem/SaveSystem/S_ServerSave.uasset,.uasset,22050,ActionRPGStarterSystem,Unreal package (class unverified),format/extension only,added/custom content
Content/ActionRPGStarterSystem/InventorySystem/SaveSystem/SaveData.uasset,.uasset,22224,ActionRPGStarterSystem,Unreal package (class unverified),format/extension only,added/custom content
Content/ActionRPGStarterSystem/InventorySystem/SaveSystem/UpdateInventoryItemStatus.uasset,.uasset,5906,ActionRPGStarterSystem,Unreal package (class unverified),format/extension only,added/custom content
Content/ActionRPGStarterSystem/InventorySystem/Vendor/BP_VendorArmor_Child.uasset,.uasset,44840,ActionRPGStarterSystem,Unreal package (class unverified),format/extension only,added/custom content
Content/ActionRPGStarterSystem/InventorySystem/Vendor/BP_VendorConsumables_Child.uasset,.uasset,43016,ActionRPGStarterSystem,Unreal package (class unverified),format/extension only,added/custom content
Content/ActionRPGStarterSystem/InventorySystem/Vendor/BP_VendorJewellery_Child.uasset,.uasset,43149,ActionRPGStarterSystem,Unreal package (class unverified),format/extension only,added/custom content
Content/ActionRPGStarterSystem/InventorySystem/Vendor/BP_VendorMain.uasset,.uasset,483875,ActionRPGStarterSystem,Unreal package (class unverified),format/extension only,added/custom content
Content/ActionRPGStarterSystem/InventorySystem/Vendor/BP_VendorWeapons_Child.uasset,.uasset,44834,ActionRPGStarterSystem,Unreal package (class unverified),format/extension only,added/custom content
Content/ActionRPGStarterSystem/InventorySystem/Vendor/Data/VendorItems.uasset,.uasset,8151,ActionRPGStarterSystem,Unreal package (class unverified),format/extension only,added/custom content
Content/ActionRPGStarterSystem/InventorySystem/Vendor/Widgets/BP_JigVendorItem.uasset,.uasset,251984,ActionRPGStarterSystem,Unreal package (class unverified),format/extension only,added/custom content
Content/ActionRPGStarterSystem/InventorySystem/Vendor/Widgets/BP_VendorWidget.uasset,.uasset,465980,ActionRPGStarterSystem,Unreal package (class unverified),format/extension only,added/custom content
Content/ActionRPGStarterSystem/KaiLevel.umap,.umap,8946,ActionRPGStarterSystem,Unreal map (class unverified),format/extension only,added/custom content
Content/ActionRPGStarterSystem/Maps/AIHordeMapTest.umap,.umap,293060,ActionRPGStarterSystem,Unreal map (class unverified),format/extension only,added/custom content
Content/ActionRPGStarterSystem/Maps/AITestMap.umap,.umap,459762,ActionRPGStarterSystem,Unreal map (class unverified),format/extension only,added/custom content
Content/ActionRPGStarterSystem/Maps/AITestMap_Empty.umap,.umap,84167,ActionRPGStarterSystem,Unreal map (class unverified),format/extension only,added/custom content
Content/ActionRPGStarterSystem/Maps/Map_Lobby.umap,.umap,125303,ActionRPGStarterSystem,Unreal map (class unverified),format/extension only,added/custom content
Content/ActionRPGStarterSystem/Maps/OpenWorldLevel_HLOD0_Instancing.uasset,.uasset,1549,ActionRPGStarterSystem,Unreal package (class unverified),format/extension only,added/custom content
Content/ActionRPGStarterSystem/Maps/TopDownExampleMap.umap,.umap,1069181,ActionRPGStarterSystem,Unreal map (class unverified),format/extension only,added/custom content
Content/ActionRPGStarterSystem/Maps/TopDownExampleMap_BuiltData.uasset,.uasset,5990004,ActionRPGStarterSystem,Unreal package (class unverified),format/extension only,added/custom content
Content/ActionRPGStarterSystem/Materials/M_AxeBlade.uasset,.uasset,94189,ActionRPGStarterSystem,Unreal package (class unverified),format/extension only,added/custom content
Content/ActionRPGStarterSystem/Materials/M_EmissiveColor.uasset,.uasset,79029,ActionRPGStarterSystem,Unreal package (class unverified),format/extension only,added/custom content
Content/ActionRPGStarterSystem/Materials/M_PreviewBackground.uasset,.uasset,86500,ActionRPGStarterSystem,Unreal package (class unverified),format/extension only,added/custom content
Content/ActionRPGStarterSystem/Materials/M_SimpleColor.uasset,.uasset,89473,ActionRPGStarterSystem,Unreal package (class unverified),format/extension only,added/custom content
Content/ActionRPGStarterSystem/Materials/M_SimpleColor_Inst.uasset,.uasset,119129,ActionRPGStarterSystem,Unreal package (class unverified),format/extension only,added/custom content
Content/ActionRPGStarterSystem/Materials/M_SimpleColor_Inst1.uasset,.uasset,122831,ActionRPGStarterSystem,Unreal package (class unverified),format/extension only,added/custom content
Content/ActionRPGStarterSystem/Materials/M_SimpleColor_Inst10.uasset,.uasset,117528,ActionRPGStarterSystem,Unreal package (class unverified),format/extension only,added/custom content
Content/ActionRPGStarterSystem/Materials/M_SimpleColor_Inst2.uasset,.uasset,117877,ActionRPGStarterSystem,Unreal package (class unverified),format/extension only,added/custom content
Content/ActionRPGStarterSystem/Materials/M_SimpleColor_Inst3.uasset,.uasset,92749,ActionRPGStarterSystem,Unreal package (class unverified),format/extension only,added/custom content
Content/ActionRPGStarterSystem/Materials/M_SimpleColor_Inst4.uasset,.uasset,114763,ActionRPGStarterSystem,Unreal package (class unverified),format/extension only,added/custom content
Content/ActionRPGStarterSystem/Materials/M_SimpleColor_Inst5.uasset,.uasset,107076,ActionRPGStarterSystem,Unreal package (class unverified),format/extension only,added/custom content
Content/ActionRPGStarterSystem/Materials/M_SimpleColor_Inst6.uasset,.uasset,112143,ActionRPGStarterSystem,Unreal package (class unverified),format/extension only,added/custom content
Content/ActionRPGStarterSystem/Materials/M_SimpleColor_Inst7.uasset,.uasset,95199,ActionRPGStarterSystem,Unreal package (class unverified),format/extension only,added/custom content
Content/ActionRPGStarterSystem/Materials/M_SimpleColor_Inst8.uasset,.uasset,112830,ActionRPGStarterSystem,Unreal package (class unverified),format/extension only,added/custom content
Content/ActionRPGStarterSystem/Materials/M_SimpleColor_Inst9.uasset,.uasset,113387,ActionRPGStarterSystem,Unreal package (class unverified),format/extension only,added/custom content
Content/ActionRPGStarterSystem/Materials/M_wood.uasset,.uasset,108493,ActionRPGStarterSystem,Unreal package (class unverified),format/extension only,added/custom content
Content/ActionRPGStarterSystem/Materials/Outline/M_OutlineCustomDepth.uasset,.uasset,133873,ActionRPGStarterSystem,Unreal package (class unverified),format/extension only,added/custom content
Content/ActionRPGStarterSystem/Materials/Outline/M_OutlineCustomDepth_Inst.uasset,.uasset,105671,ActionRPGStarterSystem,Unreal package (class unverified),format/extension only,added/custom content
Content/ActionRPGStarterSystem/Minimap/BP_Minimap.uasset,.uasset,17211,ActionRPGStarterSystem,Unreal package (class unverified),format/extension only,added/custom content
Content/ActionRPGStarterSystem/Minimap/BP_OverviewMap.uasset,.uasset,29082,ActionRPGStarterSystem,Unreal package (class unverified),format/extension only,added/custom content
Content/ActionRPGStarterSystem/Minimap/Material/M_MinimapMat.uasset,.uasset,23162,ActionRPGStarterSystem,Unreal package (class unverified),format/extension only,added/custom content
Content/ActionRPGStarterSystem/Minimap/MinimapTextureCaptro/BP_MinimapSceneCap.uasset,.uasset,48914,ActionRPGStarterSystem,Unreal package (class unverified),format/extension only,added/custom content
Content/ActionRPGStarterSystem/Minimap/MinimapTextureCaptro/T_MinimapRT.uasset,.uasset,4038,ActionRPGStarterSystem,Unreal package (class unverified),format/extension only,added/custom content
Content/ActionRPGStarterSystem/Minimap/MinimapTextureCaptro/T_MinimapRT_Tex.uasset,.uasset,956136,ActionRPGStarterSystem,Unreal package (class unverified),format/extension only,added/custom content
Content/ActionRPGStarterSystem/Minimap/Textures/T_Dot.uasset,.uasset,6962,ActionRPGStarterSystem,Unreal package (class unverified),format/extension only,added/custom content
Content/ActionRPGStarterSystem/Minimap/Textures/T_LocationPointer.uasset,.uasset,34431,ActionRPGStarterSystem,Unreal package (class unverified),format/extension only,added/custom content
Content/ActionRPGStarterSystem/Minimap/Textures/T_PositionIndic.uasset,.uasset,15888,ActionRPGStarterSystem,Unreal package (class unverified),format/extension only,added/custom content
Content/ActionRPGStarterSystem/Minimap/Textures/T_Treasure.uasset,.uasset,53058,ActionRPGStarterSystem,Unreal package (class unverified),format/extension only,added/custom content
Content/ActionRPGStarterSystem/Minimap/Widgets/BP_MinimapPOI.uasset,.uasset,134067,ActionRPGStarterSystem,Unreal package (class unverified),format/extension only,added/custom content
Content/ActionRPGStarterSystem/Minimap/Widgets/BP_MinimapW.uasset,.uasset,708584,ActionRPGStarterSystem,Unreal package (class unverified),format/extension only,added/custom content
Content/ActionRPGStarterSystem/Mounts/BP_FlyingMount.uasset,.uasset,581861,ActionRPGStarterSystem,Unreal package (class unverified),format/extension only,added/custom content
Content/ActionRPGStarterSystem/Mounts/BP_Mount.uasset,.uasset,976618,ActionRPGStarterSystem,Unreal package (class unverified),format/extension only,added/custom content
Content/ActionRPGStarterSystem/Mounts/BP_MountAIController.uasset,.uasset,21257,ActionRPGStarterSystem,Unreal package (class unverified),format/extension only,added/custom content
Content/ActionRPGStarterSystem/Mounts/IT_MountInterface.uasset,.uasset,31626,ActionRPGStarterSystem,Unreal package (class unverified),format/extension only,added/custom content
Content/ActionRPGStarterSystem/OtherBlueprints/BP_DamageTaken.uasset,.uasset,118793,ActionRPGStarterSystem,Unreal package (class unverified),format/extension only,added/custom content
Content/ActionRPGStarterSystem/OtherBlueprints/BP_TeleportActor.uasset,.uasset,98407,ActionRPGStarterSystem,Unreal package (class unverified),format/extension only,added/custom content
Content/ActionRPGStarterSystem/OtherBlueprints/Guild/BP_GuildCreator.uasset,.uasset,24582,ActionRPGStarterSystem,Unreal package (class unverified),format/extension only,added/custom content
Content/ActionRPGStarterSystem/OtherBlueprints/Guild/Data/E_GuildRanks.uasset,.uasset,4992,ActionRPGStarterSystem,Unreal package (class unverified),format/extension only,added/custom content
Content/ActionRPGStarterSystem/OtherBlueprints/Guild/Data/S_GuildInfo.uasset,.uasset,6240,ActionRPGStarterSystem,Unreal package (class unverified),format/extension only,added/custom content
Content/ActionRPGStarterSystem/OtherBlueprints/Guild/Data/S_GuildLogoImages.uasset,.uasset,9967,ActionRPGStarterSystem,Unreal package (class unverified),format/extension only,added/custom content
Content/ActionRPGStarterSystem/OtherBlueprints/Guild/Data/S_RepGuildMember.uasset,.uasset,6249,ActionRPGStarterSystem,Unreal package (class unverified),format/extension only,added/custom content
Content/ActionRPGStarterSystem/OtherBlueprints/Guild/Images/T_UELogo0.uasset,.uasset,12690,ActionRPGStarterSystem,Unreal package (class unverified),format/extension only,added/custom content
Content/ActionRPGStarterSystem/OtherBlueprints/Guild/Images/T_UELogo1.uasset,.uasset,13774,ActionRPGStarterSystem,Unreal package (class unverified),format/extension only,added/custom content
Content/ActionRPGStarterSystem/OtherBlueprints/Guild/Images/T_UELogo2.uasset,.uasset,13572,ActionRPGStarterSystem,Unreal package (class unverified),format/extension only,added/custom content
Content/ActionRPGStarterSystem/OtherBlueprints/Guild/Images/T_UELogo3.uasset,.uasset,13217,ActionRPGStarterSystem,Unreal package (class unverified),format/extension only,added/custom content
Content/ActionRPGStarterSystem/OtherBlueprints/Guild/Images/T_UELogo4.uasset,.uasset,13032,ActionRPGStarterSystem,Unreal package (class unverified),format/extension only,added/custom content
Content/ActionRPGStarterSystem/OtherBlueprints/Guild/Images/T_UELogo5.uasset,.uasset,13195,ActionRPGStarterSystem,Unreal package (class unverified),format/extension only,added/custom content
Content/ActionRPGStarterSystem/OtherBlueprints/Guild/Images/T_UELogo6.uasset,.uasset,13160,ActionRPGStarterSystem,Unreal package (class unverified),format/extension only,added/custom content
Content/ActionRPGStarterSystem/OtherBlueprints/Guild/Widgets/BP_GuildCreatorLogo.uasset,.uasset,71325,ActionRPGStarterSystem,Unreal package (class unverified),format/extension only,added/custom content
Content/ActionRPGStarterSystem/OtherBlueprints/Guild/Widgets/BP_GuildCreatorWidget.uasset,.uasset,250592,ActionRPGStarterSystem,Unreal package (class unverified),format/extension only,added/custom content
Content/ActionRPGStarterSystem/OtherBlueprints/Guild/Widgets/BP_GuildMember.uasset,.uasset,216666,ActionRPGStarterSystem,Unreal package (class unverified),format/extension only,added/custom content
Content/ActionRPGStarterSystem/OtherBlueprints/Guild/Widgets/BP_GuildMembersWidget.uasset,.uasset,304468,ActionRPGStarterSystem,Unreal package (class unverified),format/extension only,added/custom content
Content/ActionRPGStarterSystem/OtherBlueprints/Guild/Widgets/BP_GuildWindow.uasset,.uasset,128161,ActionRPGStarterSystem,Unreal package (class unverified),format/extension only,added/custom content
Content/ActionRPGStarterSystem/OtherBlueprints/IT_InteractInterface.uasset,.uasset,78484,ActionRPGStarterSystem,Unreal package (class unverified),format/extension only,added/custom content
Content/ActionRPGStarterSystem/OtherBlueprints/LocationIndicator/BP_NextLocationIndicator.uasset,.uasset,30577,ActionRPGStarterSystem,Unreal package (class unverified),format/extension only,added/custom content
Content/ActionRPGStarterSystem/OtherBlueprints/RandomSpawner/BP_Child_InteractiveDoor.uasset,.uasset,288203,ActionRPGStarterSystem,Unreal package (class unverified),format/extension only,added/custom content
Content/ActionRPGStarterSystem/OtherBlueprints/RandomSpawner/BP_DoorUp.uasset,.uasset,34572,ActionRPGStarterSystem,Unreal package (class unverified),format/extension only,added/custom content
Content/ActionRPGStarterSystem/OtherBlueprints/RandomSpawner/BP_RandomSpawner.uasset,.uasset,822874,ActionRPGStarterSystem,Unreal package (class unverified),format/extension only,added/custom content
Content/ActionRPGStarterSystem/OtherBlueprints/RandomSpawner/BP_Respawner.uasset,.uasset,168821,ActionRPGStarterSystem,Unreal package (class unverified),format/extension only,added/custom content
Content/ActionRPGStarterSystem/OtherBlueprints/RandomSpawner/BPChild_HarvestObject.uasset,.uasset,413340,ActionRPGStarterSystem,Unreal package (class unverified),format/extension only,added/custom content
Content/ActionRPGStarterSystem/OtherBlueprints/RandomSpawner/BPChild_TeleportInteract.uasset,.uasset,287066,ActionRPGStarterSystem,Unreal package (class unverified),format/extension only,added/custom content
Content/ActionRPGStarterSystem/OtherBlueprints/RandomSpawner/RandomSpawnCondition.uasset,.uasset,5157,ActionRPGStarterSystem,Unreal package (class unverified),format/extension only,added/custom content
Content/ActionRPGStarterSystem/OtherBlueprints/RandomSpawner/Structs/JigSpawnInfo.uasset,.uasset,8229,ActionRPGStarterSystem,Unreal package (class unverified),format/extension only,added/custom content
Content/ActionRPGStarterSystem/Pickups/Armor/ArmorType1/BP_Armor.uasset,.uasset,42644,ActionRPGStarterSystem,Unreal package (class unverified),format/extension only,added/custom content
Content/ActionRPGStarterSystem/Pickups/Armor/ArmorType1/BP_Belt.uasset,.uasset,41552,ActionRPGStarterSystem,Unreal package (class unverified),format/extension only,added/custom content
Content/ActionRPGStarterSystem/Pickups/Armor/ArmorType1/BP_Boots.uasset,.uasset,42799,ActionRPGStarterSystem,Unreal package (class unverified),format/extension only,added/custom content
Content/ActionRPGStarterSystem/Pickups/Armor/ArmorType1/BP_Gloves.uasset,.uasset,42797,ActionRPGStarterSystem,Unreal package (class unverified),format/extension only,added/custom content
Content/ActionRPGStarterSystem/Pickups/Armor/ArmorType1/BP_Helmet.uasset,.uasset,42702,ActionRPGStarterSystem,Unreal package (class unverified),format/extension only,added/custom content
Content/ActionRPGStarterSystem/Pickups/Armor/ArmorType1/BP_Pants.uasset,.uasset,42018,ActionRPGStarterSystem,Unreal package (class unverified),format/extension only,added/custom content
Content/ActionRPGStarterSystem/Pickups/Armor/ArmorType1/BP_Shoulder.uasset,.uasset,41869,ActionRPGStarterSystem,Unreal package (class unverified),format/extension only,added/custom content
Content/ActionRPGStarterSystem/Pickups/Armor/BP_Cape.uasset,.uasset,41819,ActionRPGStarterSystem,Unreal package (class unverified),format/extension only,added/custom content
Content/ActionRPGStarterSystem/Pickups/CraftingResources/BP_Material1.uasset,.uasset,41655,ActionRPGStarterSystem,Unreal package (class unverified),format/extension only,added/custom content
Content/ActionRPGStarterSystem/Pickups/CraftingResources/BP_Material10.uasset,.uasset,41345,ActionRPGStarterSystem,Unreal package (class unverified),format/extension only,added/custom content
Content/ActionRPGStarterSystem/Pickups/CraftingResources/BP_Material2.uasset,.uasset,41650,ActionRPGStarterSystem,Unreal package (class unverified),format/extension only,added/custom content
Content/ActionRPGStarterSystem/Pickups/CraftingResources/BP_Material3.uasset,.uasset,41321,ActionRPGStarterSystem,Unreal package (class unverified),format/extension only,added/custom content
Content/ActionRPGStarterSystem/Pickups/CraftingResources/BP_Material4.uasset,.uasset,41321,ActionRPGStarterSystem,Unreal package (class unverified),format/extension only,added/custom content
Content/ActionRPGStarterSystem/Pickups/CraftingResources/BP_Material5.uasset,.uasset,41321,ActionRPGStarterSystem,Unreal package (class unverified),format/extension only,added/custom content
Content/ActionRPGStarterSystem/Pickups/CraftingResources/BP_Material6.uasset,.uasset,41321,ActionRPGStarterSystem,Unreal package (class unverified),format/extension only,added/custom content
Content/ActionRPGStarterSystem/Pickups/CraftingResources/BP_Material7.uasset,.uasset,41321,ActionRPGStarterSystem,Unreal package (class unverified),format/extension only,added/custom content
Content/ActionRPGStarterSystem/Pickups/CraftingResources/BP_Material8.uasset,.uasset,41321,ActionRPGStarterSystem,Unreal package (class unverified),format/extension only,added/custom content
Content/ActionRPGStarterSystem/Pickups/CraftingResources/BP_Material9.uasset,.uasset,41321,ActionRPGStarterSystem,Unreal package (class unverified),format/extension only,added/custom content
Content/ActionRPGStarterSystem/Pickups/Jewellery/BP_Earring.uasset,.uasset,40863,ActionRPGStarterSystem,Unreal package (class unverified),format/extension only,added/custom content
Content/ActionRPGStarterSystem/Pickups/Jewellery/BP_Necklace.uasset,.uasset,41594,ActionRPGStarterSystem,Unreal package (class unverified),format/extension only,added/custom content
Content/ActionRPGStarterSystem/Pickups/Jewellery/BP_Ring.uasset,.uasset,41248,ActionRPGStarterSystem,Unreal package (class unverified),format/extension only,added/custom content
Content/ActionRPGStarterSystem/Pickups/Other/BP_CBluePotion.uasset,.uasset,42501,ActionRPGStarterSystem,Unreal package (class unverified),format/extension only,added/custom content
Content/ActionRPGStarterSystem/Pickups/Other/BP_CRedPotion.uasset,.uasset,41873,ActionRPGStarterSystem,Unreal package (class unverified),format/extension only,added/custom content
Content/ActionRPGStarterSystem/Pickups/Other/BP_CurrencyCopper.uasset,.uasset,73093,ActionRPGStarterSystem,Unreal package (class unverified),format/extension only,added/custom content
Content/ActionRPGStarterSystem/Pickups/Other/BP_CurrencyGold.uasset,.uasset,72267,ActionRPGStarterSystem,Unreal package (class unverified),format/extension only,added/custom content
Content/ActionRPGStarterSystem/Pickups/Other/BP_CurrencySilver.uasset,.uasset,73293,ActionRPGStarterSystem,Unreal package (class unverified),format/extension only,added/custom content
Content/ActionRPGStarterSystem/Pickups/Other/BP_GreenGem.uasset,.uasset,44810,ActionRPGStarterSystem,Unreal package (class unverified),format/extension only,added/custom content
Content/ActionRPGStarterSystem/Pickups/Other/BP_HPBottle.uasset,.uasset,41704,ActionRPGStarterSystem,Unreal package (class unverified),format/extension only,added/custom content
Content/ActionRPGStarterSystem/Pickups/Other/BP_ManaBottle.uasset,.uasset,42249,ActionRPGStarterSystem,Unreal package (class unverified),format/extension only,added/custom content
Content/ActionRPGStarterSystem/Pickups/Other/BP_RedGEm.uasset,.uasset,43056,ActionRPGStarterSystem,Unreal package (class unverified),format/extension only,added/custom content
Content/ActionRPGStarterSystem/Pickups/Weapons/BP_OneHanded_Axe.uasset,.uasset,36261,ActionRPGStarterSystem,Unreal package (class unverified),format/extension only,added/custom content
Content/ActionRPGStarterSystem/Pickups/Weapons/BP_OneHanded_Axe2.uasset,.uasset,35824,ActionRPGStarterSystem,Unreal package (class unverified),format/extension only,added/custom content
Content/ActionRPGStarterSystem/Pickups/Weapons/BP_OneHanded_Dagger.uasset,.uasset,36227,ActionRPGStarterSystem,Unreal package (class unverified),format/extension only,added/custom content
Content/ActionRPGStarterSystem/Pickups/Weapons/BP_OneHanded_Shield.uasset,.uasset,36052,ActionRPGStarterSystem,Unreal package (class unverified),format/extension only,added/custom content
Content/ActionRPGStarterSystem/Pickups/Weapons/BP_OneHanded_Spear.uasset,.uasset,35846,ActionRPGStarterSystem,Unreal package (class unverified),format/extension only,added/custom content
Content/ActionRPGStarterSystem/Pickups/Weapons/BP_OneHanded_Sword.uasset,.uasset,36149,ActionRPGStarterSystem,Unreal package (class unverified),format/extension only,added/custom content
Content/ActionRPGStarterSystem/Pickups/Weapons/BP_TwoHanded_Bow.uasset,.uasset,24877,ActionRPGStarterSystem,Unreal package (class unverified),format/extension only,added/custom content
Content/ActionRPGStarterSystem/Pickups/Weapons/BP_TwoHanded_Hammer.uasset,.uasset,35933,ActionRPGStarterSystem,Unreal package (class unverified),format/extension only,added/custom content
Content/ActionRPGStarterSystem/Pickups/Weapons/BP_TwoHanded_Sword.uasset,.uasset,35967,ActionRPGStarterSystem,Unreal package (class unverified),format/extension only,added/custom content
Content/ActionRPGStarterSystem/Pickups/Weapons/BP_TwoHandedOmegaSword.uasset,.uasset,36435,ActionRPGStarterSystem,Unreal package (class unverified),format/extension only,added/custom content
Content/ActionRPGStarterSystem/QuestSystem/Audio/QuestDialogueAtt.uasset,.uasset,1413,ActionRPGStarterSystem,Unreal package (class unverified),format/extension only,added/custom content
Content/ActionRPGStarterSystem/QuestSystem/Audio/WAV/EndConvo.uasset,.uasset,50540,ActionRPGStarterSystem,Unreal package (class unverified),format/extension only,added/custom content
Content/ActionRPGStarterSystem/QuestSystem/Audio/WAV/EndConvo2.uasset,.uasset,78563,ActionRPGStarterSystem,Unreal package (class unverified),format/extension only,added/custom content
Content/ActionRPGStarterSystem/QuestSystem/Audio/WAV/NeedHelp.uasset,.uasset,104695,ActionRPGStarterSystem,Unreal package (class unverified),format/extension only,added/custom content
Content/ActionRPGStarterSystem/QuestSystem/Audio/WAV/ThankYou.uasset,.uasset,94351,ActionRPGStarterSystem,Unreal package (class unverified),format/extension only,added/custom content
Content/ActionRPGStarterSystem/QuestSystem/Audio/WAV/ThankYou2.uasset,.uasset,85997,ActionRPGStarterSystem,Unreal package (class unverified),format/extension only,added/custom content
Content/ActionRPGStarterSystem/QuestSystem/Audio/WAV/Welcome.uasset,.uasset,54017,ActionRPGStarterSystem,Unreal package (class unverified),format/extension only,added/custom content
Content/ActionRPGStarterSystem/QuestSystem/Audio/WAV/Welcome2.uasset,.uasset,65266,ActionRPGStarterSystem,Unreal package (class unverified),format/extension only,added/custom content
Content/ActionRPGStarterSystem/QuestSystem/Audio/WAV/Welcome3.uasset,.uasset,104177,ActionRPGStarterSystem,Unreal package (class unverified),format/extension only,added/custom content
Content/ActionRPGStarterSystem/QuestSystem/BP_PlayerQuestComponent.uasset,.uasset,1596951,ActionRPGStarterSystem,Unreal package (class unverified),format/extension only,added/custom content
Content/ActionRPGStarterSystem/QuestSystem/BP_QuestGiver.uasset,.uasset,420743,ActionRPGStarterSystem,Unreal package (class unverified),format/extension only,added/custom content
Content/ActionRPGStarterSystem/QuestSystem/BP_QuestGoToAreaOverlapBox.uasset,.uasset,51558,ActionRPGStarterSystem,Unreal package (class unverified),format/extension only,added/custom content
Content/ActionRPGStarterSystem/QuestSystem/BP_QuestInfoComponent.uasset,.uasset,128499,ActionRPGStarterSystem,Unreal package (class unverified),format/extension only,added/custom content
Content/ActionRPGStarterSystem/QuestSystem/ChildQuests/BP_FactionQuest.uasset,.uasset,126120,ActionRPGStarterSystem,Unreal package (class unverified),format/extension only,added/custom content
Content/ActionRPGStarterSystem/QuestSystem/ChildQuests/BP_HarvestQuest.uasset,.uasset,51104,ActionRPGStarterSystem,Unreal package (class unverified),format/extension only,added/custom content
Content/ActionRPGStarterSystem/QuestSystem/ChildQuests/BP_QuestAIFriendlyArcher.uasset,.uasset,98185,ActionRPGStarterSystem,Unreal package (class unverified),format/extension only,added/custom content
Content/ActionRPGStarterSystem/QuestSystem/ChildQuests/BP_RedBeastQuest.uasset,.uasset,51675,ActionRPGStarterSystem,Unreal package (class unverified),format/extension only,added/custom content
Content/ActionRPGStarterSystem/QuestSystem/ChildQuests/BP_SpiderKills.uasset,.uasset,50848,ActionRPGStarterSystem,Unreal package (class unverified),format/extension only,added/custom content
Content/ActionRPGStarterSystem/QuestSystem/ChildQuests/BP_TalkToQuest.uasset,.uasset,55840,ActionRPGStarterSystem,Unreal package (class unverified),format/extension only,added/custom content
Content/ActionRPGStarterSystem/QuestSystem/DT_Quests.uasset,.uasset,65754,ActionRPGStarterSystem,Unreal package (class unverified),format/extension only,added/custom content
Content/ActionRPGStarterSystem/QuestSystem/Materials/M_LineFade.uasset,.uasset,16919,ActionRPGStarterSystem,Unreal package (class unverified),format/extension only,added/custom content
Content/ActionRPGStarterSystem/QuestSystem/QuestCreator/BP_QuestCreator_CopyMe.uasset,.uasset,232767,ActionRPGStarterSystem,Unreal package (class unverified),format/extension only,added/custom content
Content/ActionRPGStarterSystem/QuestSystem/QuestCreator/BP_QuestEntry.uasset,.uasset,26977,ActionRPGStarterSystem,Unreal package (class unverified),format/extension only,added/custom content
Content/ActionRPGStarterSystem/QuestSystem/QuestCreator/Data/E_QuestDialogueType.uasset,.uasset,4466,ActionRPGStarterSystem,Unreal package (class unverified),format/extension only,added/custom content
Content/ActionRPGStarterSystem/QuestSystem/QuestCreator/Data/E_QuestObjectiveType.uasset,.uasset,3659,ActionRPGStarterSystem,Unreal package (class unverified),format/extension only,added/custom content
Content/ActionRPGStarterSystem/QuestSystem/QuestCreator/Data/E_QuestStatus.uasset,.uasset,2747,ActionRPGStarterSystem,Unreal package (class unverified),format/extension only,added/custom content
Content/ActionRPGStarterSystem/QuestSystem/QuestCreator/Data/S_PlayerQuestStatus.uasset,.uasset,7690,ActionRPGStarterSystem,Unreal package (class unverified),format/extension only,added/custom content
Content/ActionRPGStarterSystem/QuestSystem/QuestCreator/Data/S_QuestChain.uasset,.uasset,9958,ActionRPGStarterSystem,Unreal package (class unverified),format/extension only,added/custom content
Content/ActionRPGStarterSystem/QuestSystem/QuestCreator/Data/S_QuestInfo.uasset,.uasset,22728,ActionRPGStarterSystem,Unreal package (class unverified),format/extension only,added/custom content
Content/ActionRPGStarterSystem/QuestSystem/QuestCreator/Data/S_QuestObjective.uasset,.uasset,11317,ActionRPGStarterSystem,Unreal package (class unverified),format/extension only,added/custom content
Content/ActionRPGStarterSystem/QuestSystem/QuestCreator/Data/S_RepQuestObjective.uasset,.uasset,7381,ActionRPGStarterSystem,Unreal package (class unverified),format/extension only,added/custom content
Content/ActionRPGStarterSystem/QuestSystem/QuestCreator/Other/SB_DrawBox.uasset,.uasset,14212,ActionRPGStarterSystem,Unreal package (class unverified),format/extension only,added/custom content
Content/ActionRPGStarterSystem/QuestSystem/QuestCreator/Quests/BP_FarmerMessage.uasset,.uasset,220286,ActionRPGStarterSystem,Unreal package (class unverified),format/extension only,added/custom content
Content/ActionRPGStarterSystem/QuestSystem/QuestCreator/Quests/BP_HarvestSomething.uasset,.uasset,232217,ActionRPGStarterSystem,Unreal package (class unverified),format/extension only,added/custom content
Content/ActionRPGStarterSystem/QuestSystem/QuestCreator/Quests/BP_JoinFaction.uasset,.uasset,241161,ActionRPGStarterSystem,Unreal package (class unverified),format/extension only,added/custom content
Content/ActionRPGStarterSystem/QuestSystem/QuestCreator/Quests/BP_KillSpiders.uasset,.uasset,232531,ActionRPGStarterSystem,Unreal package (class unverified),format/extension only,added/custom content
Content/ActionRPGStarterSystem/QuestSystem/QuestCreator/Quests/BP_QuestFriendlyArcher.uasset,.uasset,230067,ActionRPGStarterSystem,Unreal package (class unverified),format/extension only,added/custom content
Content/ActionRPGStarterSystem/QuestSystem/QuestCreator/Quests/BP_RedBeastQuest.uasset,.uasset,233226,ActionRPGStarterSystem,Unreal package (class unverified),format/extension only,added/custom content
Content/ActionRPGStarterSystem/QuestSystem/QuestCreator/Quests/BP_TalkToKEK.uasset,.uasset,229314,ActionRPGStarterSystem,Unreal package (class unverified),format/extension only,added/custom content
Content/ActionRPGStarterSystem/QuestSystem/Widgets/BP_EarnedGold.uasset,.uasset,131209,ActionRPGStarterSystem,Unreal package (class unverified),format/extension only,added/custom content
Content/ActionRPGStarterSystem/QuestSystem/Widgets/BP_QuestButton.uasset,.uasset,49436,ActionRPGStarterSystem,Unreal package (class unverified),format/extension only,added/custom content
Content/ActionRPGStarterSystem/QuestSystem/Widgets/BP_QuestDisplay.uasset,.uasset,195439,ActionRPGStarterSystem,Unreal package (class unverified),format/extension only,added/custom content
Content/ActionRPGStarterSystem/QuestSystem/Widgets/BP_QuestDisplayEntry.uasset,.uasset,96522,ActionRPGStarterSystem,Unreal package (class unverified),format/extension only,added/custom content
Content/ActionRPGStarterSystem/QuestSystem/Widgets/BP_QuestInfo.uasset,.uasset,508557,ActionRPGStarterSystem,Unreal package (class unverified),format/extension only,added/custom content
Content/ActionRPGStarterSystem/QuestSystem/Widgets/BP_QuestWidget.uasset,.uasset,917186,ActionRPGStarterSystem,Unreal package (class unverified),format/extension only,added/custom content
Content/ActionRPGStarterSystem/QuestSystem/Widgets/BP_QuestWindow.uasset,.uasset,259911,ActionRPGStarterSystem,Unreal package (class unverified),format/extension only,added/custom content
Content/ActionRPGStarterSystem/Skills/Blueprint/Anim/AnimNotifyState_Cancel.uasset,.uasset,4255,ActionRPGStarterSystem,Unreal package (class unverified),format/extension only,added/custom content
Content/ActionRPGStarterSystem/Skills/Blueprint/BP_BlinkSkill.uasset,.uasset,346218,ActionRPGStarterSystem,Unreal package (class unverified),format/extension only,added/custom content
Content/ActionRPGStarterSystem/Skills/Blueprint/BP_MainSkill.uasset,.uasset,414179,ActionRPGStarterSystem,Unreal package (class unverified),format/extension only,added/custom content
Content/ActionRPGStarterSystem/Skills/Blueprint/BP_OrbAttack.uasset,.uasset,164236,ActionRPGStarterSystem,Unreal package (class unverified),format/extension only,added/custom content
Content/ActionRPGStarterSystem/Skills/Blueprint/BP_Skill_Arrow.uasset,.uasset,147782,ActionRPGStarterSystem,Unreal package (class unverified),format/extension only,added/custom content
Content/ActionRPGStarterSystem/Skills/Blueprint/BP_Skill_Beam.uasset,.uasset,125855,ActionRPGStarterSystem,Unreal package (class unverified),format/extension only,added/custom content
Content/ActionRPGStarterSystem/Skills/Blueprint/BP_Skill_BossSpinningAttack.uasset,.uasset,67032,ActionRPGStarterSystem,Unreal package (class unverified),format/extension only,added/custom content
Content/ActionRPGStarterSystem/Skills/Blueprint/BP_Skill_HealingAOE.uasset,.uasset,172311,ActionRPGStarterSystem,Unreal package (class unverified),format/extension only,added/custom content
Content/ActionRPGStarterSystem/Skills/Blueprint/BP_Skill_MeleeAttack.uasset,.uasset,118591,ActionRPGStarterSystem,Unreal package (class unverified),format/extension only,added/custom content
Content/ActionRPGStarterSystem/Skills/Blueprint/BP_Skill_SpinningAttack.uasset,.uasset,67175,ActionRPGStarterSystem,Unreal package (class unverified),format/extension only,added/custom content
Content/ActionRPGStarterSystem/Skills/Blueprint/BP_SmallOrbAttack.uasset,.uasset,182480,ActionRPGStarterSystem,Unreal package (class unverified),format/extension only,added/custom content
Content/ActionRPGStarterSystem/Skills/Blueprint/BP_SpiderSpawn.uasset,.uasset,68044,ActionRPGStarterSystem,Unreal package (class unverified),format/extension only,added/custom content
Content/ActionRPGStarterSystem/Skills/Blueprint/OtherBlueprints/BP_FireDamageZone.uasset,.uasset,95561,ActionRPGStarterSystem,Unreal package (class unverified),format/extension only,added/custom content
Content/ActionRPGStarterSystem/Skills/Blueprint/OtherBlueprints/BP_MoveSlowZone.uasset,.uasset,95560,ActionRPGStarterSystem,Unreal package (class unverified),format/extension only,added/custom content
Content/ActionRPGStarterSystem/Skills/Blueprint/SkillComponent/BP_SkillEffectsComponent.uasset,.uasset,999439,ActionRPGStarterSystem,Unreal package (class unverified),format/extension only,added/custom content
Content/ActionRPGStarterSystem/Skills/Blueprint/SkillComponent/ClassSkillTree/BP_ClassSkillTreeComp.uasset,.uasset,1060875,ActionRPGStarterSystem,Unreal package (class unverified),format/extension only,added/custom content
Content/ActionRPGStarterSystem/Skills/Blueprint/SkillComponent/ClassSkillTree/IT_SkillTree.uasset,.uasset,41053,ActionRPGStarterSystem,Unreal package (class unverified),format/extension only,added/custom content
Content/ActionRPGStarterSystem/Skills/Blueprint/SkillComponent/Enum_EffectTypes.uasset,.uasset,3997,ActionRPGStarterSystem,Unreal package (class unverified),format/extension only,added/custom content
Content/ActionRPGStarterSystem/Skills/Blueprint/SkillComponent/Enum_SkillEffectBehavior.uasset,.uasset,2465,ActionRPGStarterSystem,Unreal package (class unverified),format/extension only,added/custom content
Content/ActionRPGStarterSystem/Skills/Blueprint/SkillComponent/IT_ARPG_GameState.uasset,.uasset,24608,ActionRPGStarterSystem,Unreal package (class unverified),format/extension only,added/custom content
Content/ActionRPGStarterSystem/Skills/Blueprint/SkillComponent/IT_SkillEffects.uasset,.uasset,96293,ActionRPGStarterSystem,Unreal package (class unverified),format/extension only,added/custom content
Content/ActionRPGStarterSystem/Skills/Blueprint/SkillComponent/S_SkillEffect_Tracker.uasset,.uasset,7219,ActionRPGStarterSystem,Unreal package (class unverified),format/extension only,added/custom content
Content/ActionRPGStarterSystem/Skills/Blueprint/SkillComponent/S_SkillEffects.uasset,.uasset,24442,ActionRPGStarterSystem,Unreal package (class unverified),format/extension only,added/custom content
Content/ActionRPGStarterSystem/Skills/Blueprint/SkillDecals/BP_BaseSkillDecal.uasset,.uasset,226228,ActionRPGStarterSystem,Unreal package (class unverified),format/extension only,added/custom content
Content/ActionRPGStarterSystem/Skills/Blueprint/SkillDecals/BP_BaseSkillDecal_AoeHeal.uasset,.uasset,35170,ActionRPGStarterSystem,Unreal package (class unverified),format/extension only,added/custom content
Content/ActionRPGStarterSystem/Skills/Blueprint/SkillDecals/Materials/M_Skill_Decal.uasset,.uasset,96176,ActionRPGStarterSystem,Unreal package (class unverified),format/extension only,added/custom content
Content/ActionRPGStarterSystem/Skills/Blueprint/UtilitySkills/BP_SpawnFriendly.uasset,.uasset,95469,ActionRPGStarterSystem,Unreal package (class unverified),format/extension only,added/custom content
Content/ActionRPGStarterSystem/Skills/Blueprint/UtilitySkills/BP_SpawnFriendlySpider.uasset,.uasset,102705,ActionRPGStarterSystem,Unreal package (class unverified),format/extension only,added/custom content
Content/ActionRPGStarterSystem/Skills/Blueprint/UtilitySkills/BP_SpawnMount.uasset,.uasset,76392,ActionRPGStarterSystem,Unreal package (class unverified),format/extension only,added/custom content
Content/ActionRPGStarterSystem/Skills/Blueprint/VFX/Meshes/M_Vortext.uasset,.uasset,82407,ActionRPGStarterSystem,Unreal package (class unverified),format/extension only,added/custom content
Content/ActionRPGStarterSystem/Skills/Blueprint/VFX/Meshes/SM_VortextMesh.uasset,.uasset,150491,ActionRPGStarterSystem,Unreal package (class unverified),format/extension only,added/custom content
Content/ActionRPGStarterSystem/Skills/Blueprint/VFX/Meshes/T_Noise01.uasset,.uasset,1246630,ActionRPGStarterSystem,Unreal package (class unverified),format/extension only,added/custom content
Content/ActionRPGStarterSystem/Skills/Blueprint/VFX/NS_HealingAOE.uasset,.uasset,536628,ActionRPGStarterSystem,Unreal package (class unverified),format/extension only,added/custom content
Content/ActionRPGStarterSystem/Skills/BP_RandomStatsManager.uasset,.uasset,331689,ActionRPGStarterSystem,Unreal package (class unverified),format/extension only,added/custom content
Content/ActionRPGStarterSystem/Skills/DamageTypes/BP_BleedDamage.uasset,.uasset,4250,ActionRPGStarterSystem,Unreal package (class unverified),format/extension only,added/custom content
Content/ActionRPGStarterSystem/Skills/DamageTypes/BP_ColdDamage.uasset,.uasset,4238,ActionRPGStarterSystem,Unreal package (class unverified),format/extension only,added/custom content
Content/ActionRPGStarterSystem/Skills/DamageTypes/BP_DarkDamage.uasset,.uasset,4238,ActionRPGStarterSystem,Unreal package (class unverified),format/extension only,added/custom content
Content/ActionRPGStarterSystem/Skills/DamageTypes/BP_FireDamage.uasset,.uasset,4238,ActionRPGStarterSystem,Unreal package (class unverified),format/extension only,added/custom content
Content/ActionRPGStarterSystem/Skills/DamageTypes/BP_LightningDamage.uasset,.uasset,4298,ActionRPGStarterSystem,Unreal package (class unverified),format/extension only,added/custom content
Content/ActionRPGStarterSystem/Skills/DamageTypes/BP_MagicalDamage.uasset,.uasset,4274,ActionRPGStarterSystem,Unreal package (class unverified),format/extension only,added/custom content
Content/ActionRPGStarterSystem/Skills/DamageTypes/BP_PhysicalDamage.uasset,.uasset,4310,ActionRPGStarterSystem,Unreal package (class unverified),format/extension only,added/custom content
Content/ActionRPGStarterSystem/Skills/DamageTypes/BP_PoisonDamage.uasset,.uasset,4262,ActionRPGStarterSystem,Unreal package (class unverified),format/extension only,added/custom content
Content/ActionRPGStarterSystem/Skills/Data/DA_Skills.uasset,.uasset,51821,ActionRPGStarterSystem,Unreal package (class unverified),format/extension only,added/custom content
Content/ActionRPGStarterSystem/Skills/Data/SkillPrimaryDataAsset.uasset,.uasset,10294,ActionRPGStarterSystem,Unreal package (class unverified),format/extension only,added/custom content
Content/ActionRPGStarterSystem/Skills/Images/T_AddedDex.uasset,.uasset,35834,ActionRPGStarterSystem,Unreal package (class unverified),format/extension only,added/custom content
Content/ActionRPGStarterSystem/Skills/Images/T_AddedInt.uasset,.uasset,35399,ActionRPGStarterSystem,Unreal package (class unverified),format/extension only,added/custom content
Content/ActionRPGStarterSystem/Skills/Images/T_AddedStr.uasset,.uasset,37309,ActionRPGStarterSystem,Unreal package (class unverified),format/extension only,added/custom content
Content/ActionRPGStarterSystem/Skills/Images/T_ArrowAttack.uasset,.uasset,26758,ActionRPGStarterSystem,Unreal package (class unverified),format/extension only,added/custom content
Content/ActionRPGStarterSystem/Skills/Images/T_ArrowUp.uasset,.uasset,8746,ActionRPGStarterSystem,Unreal package (class unverified),format/extension only,added/custom content
Content/ActionRPGStarterSystem/Skills/Images/T_BasicAttack.uasset,.uasset,47540,ActionRPGStarterSystem,Unreal package (class unverified),format/extension only,added/custom content
Content/ActionRPGStarterSystem/Skills/Images/T_BasicAttackLv2.uasset,.uasset,39508,ActionRPGStarterSystem,Unreal package (class unverified),format/extension only,added/custom content
Content/ActionRPGStarterSystem/Skills/Images/T_BasicAttackLv3.uasset,.uasset,40505,ActionRPGStarterSystem,Unreal package (class unverified),format/extension only,added/custom content
Content/ActionRPGStarterSystem/Skills/Images/T_Beam.uasset,.uasset,173350,ActionRPGStarterSystem,Unreal package (class unverified),format/extension only,added/custom content
Content/ActionRPGStarterSystem/Skills/Images/T_BleedEffect.uasset,.uasset,64461,ActionRPGStarterSystem,Unreal package (class unverified),format/extension only,added/custom content
Content/ActionRPGStarterSystem/Skills/Images/T_BleedResistance.uasset,.uasset,40812,ActionRPGStarterSystem,Unreal package (class unverified),format/extension only,added/custom content
Content/ActionRPGStarterSystem/Skills/Images/T_Blink.uasset,.uasset,25836,ActionRPGStarterSystem,Unreal package (class unverified),format/extension only,added/custom content
Content/ActionRPGStarterSystem/Skills/Images/T_Checkmark.uasset,.uasset,42252,ActionRPGStarterSystem,Unreal package (class unverified),format/extension only,added/custom content
Content/ActionRPGStarterSystem/Skills/Images/T_CritBuff.uasset,.uasset,88943,ActionRPGStarterSystem,Unreal package (class unverified),format/extension only,added/custom content
Content/ActionRPGStarterSystem/Skills/Images/T_DamageBoost.uasset,.uasset,74117,ActionRPGStarterSystem,Unreal package (class unverified),format/extension only,added/custom content
Content/ActionRPGStarterSystem/Skills/Images/T_DIcon.uasset,.uasset,11625,ActionRPGStarterSystem,Unreal package (class unverified),format/extension only,added/custom content
Content/ActionRPGStarterSystem/Skills/Images/T_DurationIncrease.uasset,.uasset,45225,ActionRPGStarterSystem,Unreal package (class unverified),format/extension only,added/custom content
Content/ActionRPGStarterSystem/Skills/Images/T_EndIcon.uasset,.uasset,10911,ActionRPGStarterSystem,Unreal package (class unverified),format/extension only,added/custom content
Content/ActionRPGStarterSystem/Skills/Images/T_FireIcon.uasset,.uasset,44881,ActionRPGStarterSystem,Unreal package (class unverified),format/extension only,added/custom content
Content/ActionRPGStarterSystem/Skills/Images/T_FireIconPlus.uasset,.uasset,39400,ActionRPGStarterSystem,Unreal package (class unverified),format/extension only,added/custom content
Content/ActionRPGStarterSystem/Skills/Images/T_FireResistance.uasset,.uasset,27765,ActionRPGStarterSystem,Unreal package (class unverified),format/extension only,added/custom content
Content/ActionRPGStarterSystem/Skills/Images/T_HealingSpell.uasset,.uasset,13472,ActionRPGStarterSystem,Unreal package (class unverified),format/extension only,added/custom content
Content/ActionRPGStarterSystem/Skills/Images/T_HealingSpell2.uasset,.uasset,16275,ActionRPGStarterSystem,Unreal package (class unverified),format/extension only,added/custom content
Content/ActionRPGStarterSystem/Skills/Images/T_HPManaBoost.uasset,.uasset,56072,ActionRPGStarterSystem,Unreal package (class unverified),format/extension only,added/custom content
Content/ActionRPGStarterSystem/Skills/Images/T_IntIcon.uasset,.uasset,7975,ActionRPGStarterSystem,Unreal package (class unverified),format/extension only,added/custom content
Content/ActionRPGStarterSystem/Skills/Images/T_LeaderImage.uasset,.uasset,19135,ActionRPGStarterSystem,Unreal package (class unverified),format/extension only,added/custom content
Content/ActionRPGStarterSystem/Skills/Images/T_MoveSpeed.uasset,.uasset,42024,ActionRPGStarterSystem,Unreal package (class unverified),format/extension only,added/custom content
Content/ActionRPGStarterSystem/Skills/Images/T_MoveSpeedSlow.uasset,.uasset,55766,ActionRPGStarterSystem,Unreal package (class unverified),format/extension only,added/custom content
Content/ActionRPGStarterSystem/Skills/Images/T_OrbAttack.uasset,.uasset,184405,ActionRPGStarterSystem,Unreal package (class unverified),format/extension only,added/custom content
Content/ActionRPGStarterSystem/Skills/Images/T_PoisonBoost.uasset,.uasset,88550,ActionRPGStarterSystem,Unreal package (class unverified),format/extension only,added/custom content
Content/ActionRPGStarterSystem/Skills/Images/T_PoisonImage.uasset,.uasset,163618,ActionRPGStarterSystem,Unreal package (class unverified),format/extension only,added/custom content
Content/ActionRPGStarterSystem/Skills/Images/T_PoisonResistance.uasset,.uasset,49664,ActionRPGStarterSystem,Unreal package (class unverified),format/extension only,added/custom content
Content/ActionRPGStarterSystem/Skills/Images/T_QuestIcon.uasset,.uasset,13363,ActionRPGStarterSystem,Unreal package (class unverified),format/extension only,added/custom content
Content/ActionRPGStarterSystem/Skills/Images/T_RageSkillImg.uasset,.uasset,253207,ActionRPGStarterSystem,Unreal package (class unverified),format/extension only,added/custom content
Content/ActionRPGStarterSystem/Skills/Images/T_SacrificeSpell.uasset,.uasset,67304,ActionRPGStarterSystem,Unreal package (class unverified),format/extension only,added/custom content
Content/ActionRPGStarterSystem/Skills/Images/T_Scroll1.uasset,.uasset,85288,ActionRPGStarterSystem,Unreal package (class unverified),format/extension only,added/custom content
Content/ActionRPGStarterSystem/Skills/Images/T_Scroll2.uasset,.uasset,94551,ActionRPGStarterSystem,Unreal package (class unverified),format/extension only,added/custom content
Content/ActionRPGStarterSystem/Skills/Images/T_Scroll3.uasset,.uasset,94495,ActionRPGStarterSystem,Unreal package (class unverified),format/extension only,added/custom content
Content/ActionRPGStarterSystem/Skills/Images/T_Scroll4.uasset,.uasset,96723,ActionRPGStarterSystem,Unreal package (class unverified),format/extension only,added/custom content
Content/ActionRPGStarterSystem/Skills/Images/T_Shield.uasset,.uasset,43023,ActionRPGStarterSystem,Unreal package (class unverified),format/extension only,added/custom content
Content/ActionRPGStarterSystem/Skills/Images/T_SIcon.uasset,.uasset,12176,ActionRPGStarterSystem,Unreal package (class unverified),format/extension only,added/custom content
Content/ActionRPGStarterSystem/Skills/Images/T_SkillTreeFrame.uasset,.uasset,8720,ActionRPGStarterSystem,Unreal package (class unverified),format/extension only,added/custom content
Content/ActionRPGStarterSystem/Skills/Images/T_SmallOrb.uasset,.uasset,407478,ActionRPGStarterSystem,Unreal package (class unverified),format/extension only,added/custom content
Content/ActionRPGStarterSystem/Skills/Images/T_Spinattack.uasset,.uasset,39142,ActionRPGStarterSystem,Unreal package (class unverified),format/extension only,added/custom content
Content/ActionRPGStarterSystem/Skills/Images/T_StunEffect.uasset,.uasset,45871,ActionRPGStarterSystem,Unreal package (class unverified),format/extension only,added/custom content
Content/ActionRPGStarterSystem/Skills/Images/T_TinyDot.uasset,.uasset,8234,ActionRPGStarterSystem,Unreal package (class unverified),format/extension only,added/custom content
Content/ActionRPGStarterSystem/Skills/S_ActionbarItem.uasset,.uasset,5211,ActionRPGStarterSystem,Unreal package (class unverified),format/extension only,added/custom content
Content/ActionRPGStarterSystem/Skills/S_ContinuousSkill.uasset,.uasset,8575,ActionRPGStarterSystem,Unreal package (class unverified),format/extension only,added/custom content
Content/ActionRPGStarterSystem/Skills/S_ExtraSkillLevels.uasset,.uasset,12865,ActionRPGStarterSystem,Unreal package (class unverified),format/extension only,added/custom content
Content/ActionRPGStarterSystem/Skills/S_JigItemRandomStats.uasset,.uasset,6291,ActionRPGStarterSystem,Unreal package (class unverified),format/extension only,added/custom content
Content/ActionRPGStarterSystem/Skills/S_MontageByMesh.uasset,.uasset,5196,ActionRPGStarterSystem,Unreal package (class unverified),format/extension only,added/custom content
Content/ActionRPGStarterSystem/Skills/S_PassiveSkillSettings.uasset,.uasset,19608,ActionRPGStarterSystem,Unreal package (class unverified),format/extension only,added/custom content
Content/ActionRPGStarterSystem/Skills/S_PassiveSkillSettings_ExtraLevels.uasset,.uasset,18490,ActionRPGStarterSystem,Unreal package (class unverified),format/extension only,added/custom content
Content/ActionRPGStarterSystem/Skills/S_PlayerActionbarSkills.uasset,.uasset,4262,ActionRPGStarterSystem,Unreal package (class unverified),format/extension only,added/custom content
Content/ActionRPGStarterSystem/Skills/S_PlayerStats.uasset,.uasset,7342,ActionRPGStarterSystem,Unreal package (class unverified),format/extension only,added/custom content
Content/ActionRPGStarterSystem/Skills/S_RandomStat.uasset,.uasset,9260,ActionRPGStarterSystem,Unreal package (class unverified),format/extension only,added/custom content
Content/ActionRPGStarterSystem/Skills/S_SimulatedRepStats.uasset,.uasset,8798,ActionRPGStarterSystem,Unreal package (class unverified),format/extension only,added/custom content
Content/ActionRPGStarterSystem/Skills/S_SingleMontageByMesh.uasset,.uasset,5165,ActionRPGStarterSystem,Unreal package (class unverified),format/extension only,added/custom content
Content/ActionRPGStarterSystem/Skills/S_SkillChannelling.uasset,.uasset,8426,ActionRPGStarterSystem,Unreal package (class unverified),format/extension only,added/custom content
Content/ActionRPGStarterSystem/Skills/S_SkillInfo.uasset,.uasset,40989,ActionRPGStarterSystem,Unreal package (class unverified),format/extension only,added/custom content
Content/ActionRPGStarterSystem/Skills/S_SkillMontage.uasset,.uasset,8703,ActionRPGStarterSystem,Unreal package (class unverified),format/extension only,added/custom content
Content/ActionRPGStarterSystem/Skills/S_SkillTreesConfig.uasset,.uasset,9284,ActionRPGStarterSystem,Unreal package (class unverified),format/extension only,added/custom content
Content/ActionRPGStarterSystem/Skills/S_SkillTreeServerConfig.uasset,.uasset,15549,ActionRPGStarterSystem,Unreal package (class unverified),format/extension only,added/custom content
Content/ActionRPGStarterSystem/Skills/S_Stat.uasset,.uasset,7180,ActionRPGStarterSystem,Unreal package (class unverified),format/extension only,added/custom content
Content/ActionRPGStarterSystem/Skills/S_StatsAllocationTracker.uasset,.uasset,5846,ActionRPGStarterSystem,Unreal package (class unverified),format/extension only,added/custom content
Content/ActionRPGStarterSystem/Skills/Widgets/BP_EffectIcon.uasset,.uasset,96904,ActionRPGStarterSystem,Unreal package (class unverified),format/extension only,added/custom content
Content/ActionRPGStarterSystem/Skills/Widgets/BP_SkillContainer.uasset,.uasset,2315045,ActionRPGStarterSystem,Unreal package (class unverified),format/extension only,added/custom content
Content/ActionRPGStarterSystem/Skills/Widgets/BP_SkillTooltip.uasset,.uasset,429651,ActionRPGStarterSystem,Unreal package (class unverified),format/extension only,added/custom content
Content/ActionRPGStarterSystem/Skills/Widgets/DragOperation/BP_SkillDrakOp.uasset,.uasset,9466,ActionRPGStarterSystem,Unreal package (class unverified),format/extension only,added/custom content
Content/ActionRPGStarterSystem/Skills/Widgets/SkillTree/BP_SkillTree_Window_Class.uasset,.uasset,1062374,ActionRPGStarterSystem,Unreal package (class unverified),format/extension only,added/custom content
Content/ActionRPGStarterSystem/Skills/Widgets/SkillTree/BP_SkillTreeBackground.uasset,.uasset,310183,ActionRPGStarterSystem,Unreal package (class unverified),format/extension only,added/custom content
Content/ActionRPGStarterSystem/Skills/Widgets/SkillTree/BP_SkillTreeUIInterface.uasset,.uasset,15797,ActionRPGStarterSystem,Unreal package (class unverified),format/extension only,added/custom content
Content/ActionRPGStarterSystem/Skills/Widgets/SkillTree/CreatedTrees/BP_SkillTree_Class1.uasset,.uasset,950089,ActionRPGStarterSystem,Unreal package (class unverified),format/extension only,added/custom content
Content/ActionRPGStarterSystem/Skills/Widgets/SkillTree/CreatedTrees/BP_SkillTree_Class2.uasset,.uasset,932940,ActionRPGStarterSystem,Unreal package (class unverified),format/extension only,added/custom content
Content/ActionRPGStarterSystem/Skills/Widgets/SkillTree/CreatedTrees/BP_SkillTree_Class3.uasset,.uasset,931529,ActionRPGStarterSystem,Unreal package (class unverified),format/extension only,added/custom content
Content/ActionRPGStarterSystem/Skills/Widgets/SkillTree/DA/DA_SkillTreeData.uasset,.uasset,202621,ActionRPGStarterSystem,Unreal package (class unverified),format/extension only,added/custom content
Content/ActionRPGStarterSystem/Skills/Widgets/SkillTree/DA/PrimaryDA_SkillTreeData.uasset,.uasset,51559,ActionRPGStarterSystem,Unreal package (class unverified),format/extension only,added/custom content
Content/ActionRPGStarterSystem/Skills/Widgets/SkillTreeAutoDetectDirection.uasset,.uasset,3699,ActionRPGStarterSystem,Unreal package (class unverified),format/extension only,added/custom content
Content/ActionRPGStarterSystem/Skills/Widgets/SkillWidgetType.uasset,.uasset,2076,ActionRPGStarterSystem,Unreal package (class unverified),format/extension only,added/custom content
Content/ActionRPGStarterSystem/Skills/Widgets/Utility/BP_UtilitySkills.uasset,.uasset,355905,ActionRPGStarterSystem,Unreal package (class unverified),format/extension only,added/custom content
Content/ActionRPGStarterSystem/VFX/NS_LocationEffect.uasset,.uasset,692981,ActionRPGStarterSystem,Unreal package (class unverified),format/extension only,added/custom content
Content/ActionRPGStarterSystem/VFX/Sounds/Cue_Melee.uasset,.uasset,8036,ActionRPGStarterSystem,Unreal package (class unverified),format/extension only,added/custom content
Content/ActionRPGStarterSystem/VFX/Sounds/Cue_Whoosh.uasset,.uasset,9128,ActionRPGStarterSystem,Unreal package (class unverified),format/extension only,added/custom content
Content/ActionRPGStarterSystem/VFX/Sounds/WAV_FootStep1.uasset,.uasset,62133,ActionRPGStarterSystem,Unreal package (class unverified),format/extension only,added/custom content
Content/ActionRPGStarterSystem/VFX/Sounds/WAV_FootStep2.uasset,.uasset,57293,ActionRPGStarterSystem,Unreal package (class unverified),format/extension only,added/custom content
Content/ActionRPGStarterSystem/VFX/Sounds/WAV_FootStep3.uasset,.uasset,50598,ActionRPGStarterSystem,Unreal package (class unverified),format/extension only,added/custom content
Content/ActionRPGStarterSystem/VFX/Sounds/WAV_FootStep_Cue.uasset,.uasset,8009,ActionRPGStarterSystem,Unreal package (class unverified),format/extension only,added/custom content
Content/ActionRPGStarterSystem/VFX/Sounds/WAV_Hit.uasset,.uasset,83313,ActionRPGStarterSystem,Unreal package (class unverified),format/extension only,added/custom content
Content/ActionRPGStarterSystem/VFX/Sounds/WAV_Hit2.uasset,.uasset,77293,ActionRPGStarterSystem,Unreal package (class unverified),format/extension only,added/custom content
Content/ActionRPGStarterSystem/VFX/Sounds/WAV_Hit3.uasset,.uasset,66829,ActionRPGStarterSystem,Unreal package (class unverified),format/extension only,added/custom content
Content/ActionRPGStarterSystem/VFX/Sounds/WAV_Orb.uasset,.uasset,180504,ActionRPGStarterSystem,Unreal package (class unverified),format/extension only,added/custom content
Content/ActionRPGStarterSystem/VFX/Sounds/WAV_Orb_Cue.uasset,.uasset,4388,ActionRPGStarterSystem,Unreal package (class unverified),format/extension only,added/custom content
Content/ActionRPGStarterSystem/VFX/Sounds/WAV_OrbImpact.uasset,.uasset,110918,ActionRPGStarterSystem,Unreal package (class unverified),format/extension only,added/custom content
Content/ActionRPGStarterSystem/VFX/Sounds/WAV_OrbImpact_Cue.uasset,.uasset,4424,ActionRPGStarterSystem,Unreal package (class unverified),format/extension only,added/custom content
Content/ActionRPGStarterSystem/VFX/Sounds/WAV_Whoosh.uasset,.uasset,68800,ActionRPGStarterSystem,Unreal package (class unverified),format/extension only,added/custom content
Content/ActionRPGStarterSystem/VFX/Sounds/WAV_Whoosh2.uasset,.uasset,67668,ActionRPGStarterSystem,Unreal package (class unverified),format/extension only,added/custom content
Content/ActionRPGStarterSystem/VFX/Sounds/WAV_Whoosh3.uasset,.uasset,73313,ActionRPGStarterSystem,Unreal package (class unverified),format/extension only,added/custom content
Content/ActionRPGStarterSystem/VFX/Sounds/WAV_Whoosh4.uasset,.uasset,69132,ActionRPGStarterSystem,Unreal package (class unverified),format/extension only,added/custom content
Content/ActionRPGStarterSystem/VFX/Weapons/NS_Electric.uasset,.uasset,515379,ActionRPGStarterSystem,Unreal package (class unverified),format/extension only,added/custom content
Content/ActionRPGStarterSystem/VFX/Weapons/NS_Electric2.uasset,.uasset,304728,ActionRPGStarterSystem,Unreal package (class unverified),format/extension only,added/custom content
Content/ActionRPGStarterSystem/VFX/Weapons/NS_LaserBeam.uasset,.uasset,207444,ActionRPGStarterSystem,Unreal package (class unverified),format/extension only,added/custom content
Content/ActionRPGStarterSystem/VFX/Weapons/NS_ShieldEffect.uasset,.uasset,684177,ActionRPGStarterSystem,Unreal package (class unverified),format/extension only,added/custom content
Content/ActionRPGStarterSystem/VFX/Weapons/WeaponTrail/M_WeaponTRail.uasset,.uasset,103378,ActionRPGStarterSystem,Unreal package (class unverified),format/extension only,added/custom content
Content/ActionRPGStarterSystem/VFX/Weapons/WeaponTrail/NS_WeaponTrail.uasset,.uasset,236417,ActionRPGStarterSystem,Unreal package (class unverified),format/extension only,added/custom content
Content/ActionRPGStarterSystem/Widgets/BP_InGameW.uasset,.uasset,1644097,ActionRPGStarterSystem,Unreal package (class unverified),format/extension only,added/custom content
Content/ActionRPGStarterSystem/Widgets/BP_MainInventory.uasset,.uasset,705207,ActionRPGStarterSystem,Unreal package (class unverified),format/extension only,added/custom content
Content/ActionRPGStarterSystem/Widgets/BP_MPContainer_Widget.uasset,.uasset,296491,ActionRPGStarterSystem,Unreal package (class unverified),format/extension only,added/custom content
Content/ActionRPGStarterSystem/Widgets/Chat/BP_ChatMessage.uasset,.uasset,68830,ActionRPGStarterSystem,Unreal package (class unverified),format/extension only,added/custom content
Content/ActionRPGStarterSystem/Widgets/Chat/BP_ChatSection.uasset,.uasset,123601,ActionRPGStarterSystem,Unreal package (class unverified),format/extension only,added/custom content
Content/ActionRPGStarterSystem/Widgets/Chat/BP_ChatWidget.uasset,.uasset,535632,ActionRPGStarterSystem,Unreal package (class unverified),format/extension only,added/custom content
Content/ActionRPGStarterSystem/Widgets/Chat/E_ChatSectionType.uasset,.uasset,2680,ActionRPGStarterSystem,Unreal package (class unverified),format/extension only,added/custom content
Content/ActionRPGStarterSystem/Widgets/Images/ItemImages/T_ArmorImage.uasset,.uasset,125836,ActionRPGStarterSystem,Unreal package (class unverified),format/extension only,added/custom content
Content/ActionRPGStarterSystem/Widgets/Images/ItemImages/T_Axe2Image.uasset,.uasset,48466,ActionRPGStarterSystem,Unreal package (class unverified),format/extension only,added/custom content
Content/ActionRPGStarterSystem/Widgets/Images/ItemImages/T_BeltImage.uasset,.uasset,105275,ActionRPGStarterSystem,Unreal package (class unverified),format/extension only,added/custom content
Content/ActionRPGStarterSystem/Widgets/Images/ItemImages/T_BluePotion.uasset,.uasset,42639,ActionRPGStarterSystem,Unreal package (class unverified),format/extension only,added/custom content
Content/ActionRPGStarterSystem/Widgets/Images/ItemImages/T_BootsImage.uasset,.uasset,99300,ActionRPGStarterSystem,Unreal package (class unverified),format/extension only,added/custom content
Content/ActionRPGStarterSystem/Widgets/Images/ItemImages/T_BowImage.uasset,.uasset,55505,ActionRPGStarterSystem,Unreal package (class unverified),format/extension only,added/custom content
Content/ActionRPGStarterSystem/Widgets/Images/ItemImages/T_CapeImage.uasset,.uasset,49720,ActionRPGStarterSystem,Unreal package (class unverified),format/extension only,added/custom content
Content/ActionRPGStarterSystem/Widgets/Images/ItemImages/T_DaggerImage.uasset,.uasset,46645,ActionRPGStarterSystem,Unreal package (class unverified),format/extension only,added/custom content
Content/ActionRPGStarterSystem/Widgets/Images/ItemImages/T_EarringImage.uasset,.uasset,15804,ActionRPGStarterSystem,Unreal package (class unverified),format/extension only,added/custom content
Content/ActionRPGStarterSystem/Widgets/Images/ItemImages/T_GlovesImage.uasset,.uasset,63833,ActionRPGStarterSystem,Unreal package (class unverified),format/extension only,added/custom content
Content/ActionRPGStarterSystem/Widgets/Images/ItemImages/T_GreenGem.uasset,.uasset,79408,ActionRPGStarterSystem,Unreal package (class unverified),format/extension only,added/custom content
Content/ActionRPGStarterSystem/Widgets/Images/ItemImages/T_HammerImage.uasset,.uasset,55834,ActionRPGStarterSystem,Unreal package (class unverified),format/extension only,added/custom content
Content/ActionRPGStarterSystem/Widgets/Images/ItemImages/T_HelmetImage.uasset,.uasset,49412,ActionRPGStarterSystem,Unreal package (class unverified),format/extension only,added/custom content
Content/ActionRPGStarterSystem/Widgets/Images/ItemImages/T_HPBottle.uasset,.uasset,46345,ActionRPGStarterSystem,Unreal package (class unverified),format/extension only,added/custom content
Content/ActionRPGStarterSystem/Widgets/Images/ItemImages/T_ManaBottle.uasset,.uasset,45901,ActionRPGStarterSystem,Unreal package (class unverified),format/extension only,added/custom content
Content/ActionRPGStarterSystem/Widgets/Images/ItemImages/T_Mat1Image.uasset,.uasset,60483,ActionRPGStarterSystem,Unreal package (class unverified),format/extension only,added/custom content
Content/ActionRPGStarterSystem/Widgets/Images/ItemImages/T_Mat2Image.uasset,.uasset,52356,ActionRPGStarterSystem,Unreal package (class unverified),format/extension only,added/custom content
Content/ActionRPGStarterSystem/Widgets/Images/ItemImages/T_Mat3Image.uasset,.uasset,57242,ActionRPGStarterSystem,Unreal package (class unverified),format/extension only,added/custom content
Content/ActionRPGStarterSystem/Widgets/Images/ItemImages/T_NecklaceImage.uasset,.uasset,21530,ActionRPGStarterSystem,Unreal package (class unverified),format/extension only,added/custom content
Content/ActionRPGStarterSystem/Widgets/Images/ItemImages/T_OmegaSword.uasset,.uasset,38043,ActionRPGStarterSystem,Unreal package (class unverified),format/extension only,added/custom content
Content/ActionRPGStarterSystem/Widgets/Images/ItemImages/T_OneHAxeImage.uasset,.uasset,61654,ActionRPGStarterSystem,Unreal package (class unverified),format/extension only,added/custom content
Content/ActionRPGStarterSystem/Widgets/Images/ItemImages/T_PantsImage.uasset,.uasset,106371,ActionRPGStarterSystem,Unreal package (class unverified),format/extension only,added/custom content
Content/ActionRPGStarterSystem/Widgets/Images/ItemImages/T_RedGem.uasset,.uasset,68514,ActionRPGStarterSystem,Unreal package (class unverified),format/extension only,added/custom content
Content/ActionRPGStarterSystem/Widgets/Images/ItemImages/T_RedPotion.uasset,.uasset,44216,ActionRPGStarterSystem,Unreal package (class unverified),format/extension only,added/custom content
Content/ActionRPGStarterSystem/Widgets/Images/ItemImages/T_RingImage.uasset,.uasset,19002,ActionRPGStarterSystem,Unreal package (class unverified),format/extension only,added/custom content
Content/ActionRPGStarterSystem/Widgets/Images/ItemImages/T_ShieldImage.uasset,.uasset,131388,ActionRPGStarterSystem,Unreal package (class unverified),format/extension only,added/custom content
Content/ActionRPGStarterSystem/Widgets/Images/ItemImages/T_ShiledEquipped.uasset,.uasset,52284,ActionRPGStarterSystem,Unreal package (class unverified),format/extension only,added/custom content
Content/ActionRPGStarterSystem/Widgets/Images/ItemImages/T_Shoulder.uasset,.uasset,65268,ActionRPGStarterSystem,Unreal package (class unverified),format/extension only,added/custom content
Content/ActionRPGStarterSystem/Widgets/Images/ItemImages/T_SpearImage.uasset,.uasset,24906,ActionRPGStarterSystem,Unreal package (class unverified),format/extension only,added/custom content
Content/ActionRPGStarterSystem/Widgets/Images/ItemImages/T_SwordImage.uasset,.uasset,30816,ActionRPGStarterSystem,Unreal package (class unverified),format/extension only,added/custom content
Content/ActionRPGStarterSystem/Widgets/Images/T_ArmorSlot.uasset,.uasset,18638,ActionRPGStarterSystem,Unreal package (class unverified),format/extension only,added/custom content
Content/ActionRPGStarterSystem/Widgets/Images/T_BeltSlot.uasset,.uasset,16644,ActionRPGStarterSystem,Unreal package (class unverified),format/extension only,added/custom content
Content/ActionRPGStarterSystem/Widgets/Images/T_BootsSlot.uasset,.uasset,20421,ActionRPGStarterSystem,Unreal package (class unverified),format/extension only,added/custom content
Content/ActionRPGStarterSystem/Widgets/Images/T_CapeSlot.uasset,.uasset,32163,ActionRPGStarterSystem,Unreal package (class unverified),format/extension only,added/custom content
Content/ActionRPGStarterSystem/Widgets/Images/T_CloseBtn.uasset,.uasset,15947,ActionRPGStarterSystem,Unreal package (class unverified),format/extension only,added/custom content
Content/ActionRPGStarterSystem/Widgets/Images/T_CopperImage.uasset,.uasset,36505,ActionRPGStarterSystem,Unreal package (class unverified),format/extension only,added/custom content
Content/ActionRPGStarterSystem/Widgets/Images/T_EarringImageSlot.uasset,.uasset,20769,ActionRPGStarterSystem,Unreal package (class unverified),format/extension only,added/custom content
Content/ActionRPGStarterSystem/Widgets/Images/T_GlovesSlot.uasset,.uasset,21377,ActionRPGStarterSystem,Unreal package (class unverified),format/extension only,added/custom content
Content/ActionRPGStarterSystem/Widgets/Images/T_GoldImage.uasset,.uasset,45516,ActionRPGStarterSystem,Unreal package (class unverified),format/extension only,added/custom content
Content/ActionRPGStarterSystem/Widgets/Images/T_HelmetSlot.uasset,.uasset,19398,ActionRPGStarterSystem,Unreal package (class unverified),format/extension only,added/custom content
Content/ActionRPGStarterSystem/Widgets/Images/T_MainInventoryBackground.uasset,.uasset,460910,ActionRPGStarterSystem,Unreal package (class unverified),format/extension only,added/custom content
Content/ActionRPGStarterSystem/Widgets/Images/T_NecklaceSlot.uasset,.uasset,22880,ActionRPGStarterSystem,Unreal package (class unverified),format/extension only,added/custom content
Content/ActionRPGStarterSystem/Widgets/Images/T_PantsSlot.uasset,.uasset,18731,ActionRPGStarterSystem,Unreal package (class unverified),format/extension only,added/custom content
Content/ActionRPGStarterSystem/Widgets/Images/T_RingSlot.uasset,.uasset,20962,ActionRPGStarterSystem,Unreal package (class unverified),format/extension only,added/custom content
Content/ActionRPGStarterSystem/Widgets/Images/T_SholderSlot.uasset,.uasset,16085,ActionRPGStarterSystem,Unreal package (class unverified),format/extension only,added/custom content
Content/ActionRPGStarterSystem/Widgets/Images/T_SilverImage.uasset,.uasset,33911,ActionRPGStarterSystem,Unreal package (class unverified),format/extension only,added/custom content
Content/ActionRPGStarterSystem/Widgets/Images/T_WeaponSlot.uasset,.uasset,16017,ActionRPGStarterSystem,Unreal package (class unverified),format/extension only,added/custom content
Content/ActionRPGStarterSystem/Widgets/Lobby/BP_CharEntry.uasset,.uasset,152534,ActionRPGStarterSystem,Unreal package (class unverified),format/extension only,added/custom content
Content/ActionRPGStarterSystem/Widgets/Lobby/BP_ClassSelectionWidget.uasset,.uasset,825500,ActionRPGStarterSystem,Unreal package (class unverified),format/extension only,added/custom content
Content/ActionRPGStarterSystem/Widgets/Lobby/BP_LobbyCharacterSelection.uasset,.uasset,531126,ActionRPGStarterSystem,Unreal package (class unverified),format/extension only,added/custom content
Content/ActionRPGStarterSystem/Widgets/Lobby/BP_LobbyStartGameWidget.uasset,.uasset,271212,ActionRPGStarterSystem,Unreal package (class unverified),format/extension only,added/custom content
Content/ActionRPGStarterSystem/Widgets/Lobby/BP_MainLobbyWidget.uasset,.uasset,166353,ActionRPGStarterSystem,Unreal package (class unverified),format/extension only,added/custom content
Content/ActionRPGStarterSystem/Widgets/Lobby/BP_MenuOptionWidget.uasset,.uasset,187513,ActionRPGStarterSystem,Unreal package (class unverified),format/extension only,added/custom content
Content/ActionRPGStarterSystem/Widgets/Other/BP_ARPGUtilEditor.uasset,.uasset,96354,ActionRPGStarterSystem,Unreal package (class unverified),format/extension only,added/custom content
Content/ActionRPGStarterSystem/Widgets/OtherWidgets/BP_ContainerSwitchBtn.uasset,.uasset,98774,ActionRPGStarterSystem,Unreal package (class unverified),format/extension only,added/custom content
Content/ActionRPGStarterSystem/Widgets/OtherWidgets/BP_CrosshairWidget.uasset,.uasset,54071,ActionRPGStarterSystem,Unreal package (class unverified),format/extension only,added/custom content
Content/ActionRPGStarterSystem/Widgets/OtherWidgets/BP_DamageTaken.uasset,.uasset,163656,ActionRPGStarterSystem,Unreal package (class unverified),format/extension only,added/custom content
Content/ActionRPGStarterSystem/Widgets/OtherWidgets/BP_InGameMenu.uasset,.uasset,119306,ActionRPGStarterSystem,Unreal package (class unverified),format/extension only,added/custom content
Content/ActionRPGStarterSystem/Widgets/OtherWidgets/BP_OnDeathW.uasset,.uasset,75622,ActionRPGStarterSystem,Unreal package (class unverified),format/extension only,added/custom content
Content/ActionRPGStarterSystem/Widgets/OtherWidgets/BP_PlayerStatsW.uasset,.uasset,627008,ActionRPGStarterSystem,Unreal package (class unverified),format/extension only,added/custom content
Content/ActionRPGStarterSystem/Widgets/OtherWidgets/BP_statEntry.uasset,.uasset,404955,ActionRPGStarterSystem,Unreal package (class unverified),format/extension only,added/custom content
Content/ActionRPGStarterSystem/Widgets/OtherWidgets/Settings/BP_Settings_Audio.uasset,.uasset,187861,ActionRPGStarterSystem,Unreal package (class unverified),format/extension only,added/custom content
Content/ActionRPGStarterSystem/Widgets/OtherWidgets/Settings/BP_Settings_General.uasset,.uasset,28000,ActionRPGStarterSystem,Unreal package (class unverified),format/extension only,added/custom content
Content/ActionRPGStarterSystem/Widgets/OtherWidgets/Settings/BP_Settings_Keybinds.uasset,.uasset,734391,ActionRPGStarterSystem,Unreal package (class unverified),format/extension only,added/custom content
Content/ActionRPGStarterSystem/Widgets/OtherWidgets/Settings/BP_Settings_Video.uasset,.uasset,503155,ActionRPGStarterSystem,Unreal package (class unverified),format/extension only,added/custom content
Content/ActionRPGStarterSystem/Widgets/OtherWidgets/Settings/BP_SettingsWidget.uasset,.uasset,178280,ActionRPGStarterSystem,Unreal package (class unverified),format/extension only,added/custom content
Content/ActionRPGStarterSystem/Widgets/OtherWidgets/Settings/Save/BP_GameSettings.uasset,.uasset,13517,ActionRPGStarterSystem,Unreal package (class unverified),format/extension only,added/custom content
Content/ActionRPGStarterSystem/Widgets/Party/BP_PartyMemberW.uasset,.uasset,167358,ActionRPGStarterSystem,Unreal package (class unverified),format/extension only,added/custom content
Content/ActionRPGStarterSystem/Widgets/SpecialJigContainers/BP_WeaponMod.uasset,.uasset,137043,ActionRPGStarterSystem,Unreal package (class unverified),format/extension only,added/custom content
Content/ArrowTrail/Demo/BP_Demo.uasset,.uasset,124364,ArrowTrail,Unreal package (class unverified),format/extension only,added/custom content
Content/ArrowTrail/Demo/Material/M_PrototypeGrid.uasset,.uasset,45787,ArrowTrail,Unreal package (class unverified),format/extension only,added/custom content
Content/ArrowTrail/Demo/Material/MF_ProcGrid.uasset,.uasset,51150,ArrowTrail,Unreal package (class unverified),format/extension only,added/custom content
Content/ArrowTrail/Demo/Material/MI_PrototypeGrid.uasset,.uasset,11142,ArrowTrail,Unreal package (class unverified),format/extension only,added/custom content
Content/ArrowTrail/Demo/Texture/T_GridChecker_A.uasset,.uasset,9858,ArrowTrail,Unreal package (class unverified),format/extension only,added/custom content
Content/ArrowTrail/Demo/Texture/TC_StudioReflection-01-Cool.uasset,.uasset,9398418,ArrowTrail,Unreal package (class unverified),format/extension only,added/custom content
Content/ArrowTrail/FX/NS_ArrowTrail_Basic.uasset,.uasset,440122,ArrowTrail,Unreal package (class unverified),format/extension only,added/custom content
Content/ArrowTrail/FX/NS_ArrowTrail_Basic_02.uasset,.uasset,444616,ArrowTrail,Unreal package (class unverified),format/extension only,added/custom content
Content/ArrowTrail/FX/NS_ArrowTrail_Fire.uasset,.uasset,947812,ArrowTrail,Unreal package (class unverified),format/extension only,added/custom content
Content/ArrowTrail/FX/NS_ArrowTrail_Fire_02.uasset,.uasset,1603309,ArrowTrail,Unreal package (class unverified),format/extension only,added/custom content
Content/ArrowTrail/FX/NS_ArrowTrail_Holy.uasset,.uasset,1479638,ArrowTrail,Unreal package (class unverified),format/extension only,added/custom content
Content/ArrowTrail/FX/NS_ArrowTrail_Ice.uasset,.uasset,1586220,ArrowTrail,Unreal package (class unverified),format/extension only,added/custom content
Content/ArrowTrail/FX/NS_ArrowTrail_Magic.uasset,.uasset,1016065,ArrowTrail,Unreal package (class unverified),format/extension only,added/custom content
Content/ArrowTrail/FX/NS_ArrowTrail_Magic_2.uasset,.uasset,1135290,ArrowTrail,Unreal package (class unverified),format/extension only,added/custom content
Content/ArrowTrail/FX/NS_ArrowTrail_Nature.uasset,.uasset,1608466,ArrowTrail,Unreal package (class unverified),format/extension only,added/custom content
Content/ArrowTrail/FX/NS_ArrowTrail_Water.uasset,.uasset,1638385,ArrowTrail,Unreal package (class unverified),format/extension only,added/custom content
Content/ArrowTrail/Map/Overview.umap,.umap,82586,ArrowTrail,Unreal map (class unverified),format/extension only,added/custom content
Content/ArrowTrail/Map/Overview_BuiltData.uasset,.uasset,162048,ArrowTrail,Unreal package (class unverified),format/extension only,added/custom content
Content/ArrowTrail/Material/M_Master/M_SimpleParticle.uasset,.uasset,34059,ArrowTrail,Unreal package (class unverified),format/extension only,added/custom content
Content/ArrowTrail/Material/M_Master/M_SimpleTrail.uasset,.uasset,47357,ArrowTrail,Unreal package (class unverified),format/extension only,added/custom content
Content/ArrowTrail/Material/MF_Function/MF_Texcoord.uasset,.uasset,85051,ArrowTrail,Unreal package (class unverified),format/extension only,added/custom content
Content/ArrowTrail/Material/MI_Instance/MI_ArrowRibbon_01.uasset,.uasset,13542,ArrowTrail,Unreal package (class unverified),format/extension only,added/custom content
Content/ArrowTrail/Material/MI_Instance/MI_ArrowRibbon_02.uasset,.uasset,12495,ArrowTrail,Unreal package (class unverified),format/extension only,added/custom content
Content/ArrowTrail/Material/MI_Instance/MI_Distortion.uasset,.uasset,10707,ArrowTrail,Unreal package (class unverified),format/extension only,added/custom content
Content/ArrowTrail/Material/MI_Instance/MI_HolyRibbon.uasset,.uasset,14635,ArrowTrail,Unreal package (class unverified),format/extension only,added/custom content
Content/ArrowTrail/Material/MI_Instance/MI_IceParticle.uasset,.uasset,12405,ArrowTrail,Unreal package (class unverified),format/extension only,added/custom content
Content/ArrowTrail/Material/MI_Instance/MI_IceParticle1.uasset,.uasset,13040,ArrowTrail,Unreal package (class unverified),format/extension only,added/custom content
Content/ArrowTrail/Material/MI_Instance/MI_IceRibbon.uasset,.uasset,13517,ArrowTrail,Unreal package (class unverified),format/extension only,added/custom content
Content/ArrowTrail/Material/MI_Instance/MI_Leaf.uasset,.uasset,12561,ArrowTrail,Unreal package (class unverified),format/extension only,added/custom content
Content/ArrowTrail/Material/MI_Instance/MI_NatureRibbon.uasset,.uasset,14417,ArrowTrail,Unreal package (class unverified),format/extension only,added/custom content
Content/ArrowTrail/Material/MI_Instance/MI_Smoke.uasset,.uasset,13713,ArrowTrail,Unreal package (class unverified),format/extension only,added/custom content
Content/ArrowTrail/Material/MI_Instance/MI_WaterParticle.uasset,.uasset,10471,ArrowTrail,Unreal package (class unverified),format/extension only,added/custom content
Content/ArrowTrail/Material/MI_Instance/MI_WaterRibbon.uasset,.uasset,14377,ArrowTrail,Unreal package (class unverified),format/extension only,added/custom content
Content/ArrowTrail/Texture/T_Aura.uasset,.uasset,2113106,ArrowTrail,Unreal package (class unverified),format/extension only,added/custom content
Content/ArrowTrail/Texture/T_FireBall.uasset,.uasset,2271699,ArrowTrail,Unreal package (class unverified),format/extension only,added/custom content
Content/ArrowTrail/Texture/T_FlowLoop.uasset,.uasset,26764294,ArrowTrail,Unreal package (class unverified),format/extension only,added/custom content
Content/ArrowTrail/Texture/T_Glow.uasset,.uasset,11701,ArrowTrail,Unreal package (class unverified),format/extension only,added/custom content
Content/ArrowTrail/Texture/T_Ice.uasset,.uasset,647065,ArrowTrail,Unreal package (class unverified),format/extension only,added/custom content
Content/ArrowTrail/Texture/T_Leaf.uasset,.uasset,2829383,ArrowTrail,Unreal package (class unverified),format/extension only,added/custom content
Content/ArrowTrail/Texture/T_Noise_01.uasset,.uasset,6001373,ArrowTrail,Unreal package (class unverified),format/extension only,added/custom content
Content/ArrowTrail/Texture/T_Noise_02.uasset,.uasset,8209500,ArrowTrail,Unreal package (class unverified),format/extension only,added/custom content
Content/ArrowTrail/Texture/T_Noise_03.uasset,.uasset,257718,ArrowTrail,Unreal package (class unverified),format/extension only,added/custom content
Content/ArrowTrail/Texture/T_Noise_04.uasset,.uasset,439002,ArrowTrail,Unreal package (class unverified),format/extension only,added/custom content
Content/ArrowTrail/Texture/T_Noise_05.uasset,.uasset,172549,ArrowTrail,Unreal package (class unverified),format/extension only,added/custom content
Content/ArrowTrail/Texture/T_Normal_Noise.uasset,.uasset,431242,ArrowTrail,Unreal package (class unverified),format/extension only,added/custom content
Content/ArrowTrail/Texture/T_Rocks.uasset,.uasset,33753,ArrowTrail,Unreal package (class unverified),format/extension only,added/custom content
Content/ArrowTrail/Texture/T_Trail.uasset,.uasset,81630,ArrowTrail,Unreal package (class unverified),format/extension only,added/custom content
Content/ArrowTrail/Texture/T_Trail_Dust.uasset,.uasset,88582,ArrowTrail,Unreal package (class unverified),format/extension only,added/custom content
Content/ArrowTrail/Texture/T_Water_Splash.uasset,.uasset,45202,ArrowTrail,Unreal package (class unverified),format/extension only,added/custom content
Content/ArrowTrail/Texture/T_WaterSpark.uasset,.uasset,685475,ArrowTrail,Unreal package (class unverified),format/extension only,added/custom content
Content/ArrowTrail/Texture/T_White.uasset,.uasset,4606,ArrowTrail,Unreal package (class unverified),format/extension only,added/custom content
Content/BigNiagaraBundle/NiagaraAbstractSpace/Blueprints/BP_Cube.uasset,.uasset,19616,BigNiagaraBundle,Unreal package (class unverified),format/extension only,added/custom content
Content/BigNiagaraBundle/NiagaraAbstractSpace/Blueprints/BP_Jet.uasset,.uasset,52804,BigNiagaraBundle,Unreal package (class unverified),format/extension only,added/custom content
Content/BigNiagaraBundle/NiagaraAbstractSpace/Blueprints/BP_Kaleidoscope.uasset,.uasset,39043,BigNiagaraBundle,Unreal package (class unverified),format/extension only,added/custom content
Content/BigNiagaraBundle/NiagaraAbstractSpace/Blueprints/BP_Moving_Warp_Tunnel.uasset,.uasset,58705,BigNiagaraBundle,Unreal package (class unverified),format/extension only,added/custom content
Content/BigNiagaraBundle/NiagaraAbstractSpace/Blueprints/BP_Portals.uasset,.uasset,22880,BigNiagaraBundle,Unreal package (class unverified),format/extension only,added/custom content
Content/BigNiagaraBundle/NiagaraAbstractSpace/Blueprints/BP_rotatingPortal.uasset,.uasset,36010,BigNiagaraBundle,Unreal package (class unverified),format/extension only,added/custom content
Content/BigNiagaraBundle/NiagaraAbstractSpace/Blueprints/BP_SpaceMirror.uasset,.uasset,81526,BigNiagaraBundle,Unreal package (class unverified),format/extension only,added/custom content
Content/BigNiagaraBundle/NiagaraAbstractSpace/Blueprints/BP_Wandering.uasset,.uasset,52902,BigNiagaraBundle,Unreal package (class unverified),format/extension only,added/custom content
Content/BigNiagaraBundle/NiagaraAbstractSpace/Blueprints/BP_WqanderingParticles.uasset,.uasset,58643,BigNiagaraBundle,Unreal package (class unverified),format/extension only,added/custom content
Content/BigNiagaraBundle/NiagaraAbstractSpace/Effects/NS_Cloud_of_Stars.uasset,.uasset,1005199,BigNiagaraBundle,Unreal package (class unverified),format/extension only,added/custom content
Content/BigNiagaraBundle/NiagaraAbstractSpace/Effects/NS_Diffusion.uasset,.uasset,1233072,BigNiagaraBundle,Unreal package (class unverified),format/extension only,added/custom content
Content/BigNiagaraBundle/NiagaraAbstractSpace/Effects/NS_Dimension.uasset,.uasset,1186359,BigNiagaraBundle,Unreal package (class unverified),format/extension only,added/custom content
Content/BigNiagaraBundle/NiagaraAbstractSpace/Effects/NS_Globular_Cluster.uasset,.uasset,874172,BigNiagaraBundle,Unreal package (class unverified),format/extension only,added/custom content
Content/BigNiagaraBundle/NiagaraAbstractSpace/Effects/NS_Hyper_Jump.uasset,.uasset,913658,BigNiagaraBundle,Unreal package (class unverified),format/extension only,added/custom content
Content/BigNiagaraBundle/NiagaraAbstractSpace/Effects/NS_Hyperspace.uasset,.uasset,1145413,BigNiagaraBundle,Unreal package (class unverified),format/extension only,added/custom content
Content/BigNiagaraBundle/NiagaraAbstractSpace/Effects/NS_Jet.uasset,.uasset,538852,BigNiagaraBundle,Unreal package (class unverified),format/extension only,added/custom content
Content/BigNiagaraBundle/NiagaraAbstractSpace/Effects/NS_Nutron_Star.uasset,.uasset,1407943,BigNiagaraBundle,Unreal package (class unverified),format/extension only,added/custom content
Content/BigNiagaraBundle/NiagaraAbstractSpace/Effects/NS_OldPortal.uasset,.uasset,1153833,BigNiagaraBundle,Unreal package (class unverified),format/extension only,added/custom content
Content/BigNiagaraBundle/NiagaraAbstractSpace/Effects/NS_Oort_Cloud.uasset,.uasset,1018909,BigNiagaraBundle,Unreal package (class unverified),format/extension only,added/custom content
Content/BigNiagaraBundle/NiagaraAbstractSpace/Effects/NS_Portal.uasset,.uasset,1062283,BigNiagaraBundle,Unreal package (class unverified),format/extension only,added/custom content
Content/BigNiagaraBundle/NiagaraAbstractSpace/Effects/NS_Portal_2.uasset,.uasset,694330,BigNiagaraBundle,Unreal package (class unverified),format/extension only,added/custom content
Content/BigNiagaraBundle/NiagaraAbstractSpace/Effects/NS_Relativistic_Jet.uasset,.uasset,1956430,BigNiagaraBundle,Unreal package (class unverified),format/extension only,added/custom content
Content/BigNiagaraBundle/NiagaraAbstractSpace/Effects/NS_Space.uasset,.uasset,1428179,BigNiagaraBundle,Unreal package (class unverified),format/extension only,added/custom content
Content/BigNiagaraBundle/NiagaraAbstractSpace/Effects/NS_Space_Geometry.uasset,.uasset,665638,BigNiagaraBundle,Unreal package (class unverified),format/extension only,added/custom content
Content/BigNiagaraBundle/NiagaraAbstractSpace/Effects/NS_Star_Dimension.uasset,.uasset,812205,BigNiagaraBundle,Unreal package (class unverified),format/extension only,added/custom content
Content/BigNiagaraBundle/NiagaraAbstractSpace/Effects/NS_Supernova.uasset,.uasset,1208841,BigNiagaraBundle,Unreal package (class unverified),format/extension only,added/custom content
Content/BigNiagaraBundle/NiagaraAbstractSpace/Effects/NS_Warp_Tunnel.uasset,.uasset,1473290,BigNiagaraBundle,Unreal package (class unverified),format/extension only,added/custom content
Content/BigNiagaraBundle/NiagaraAbstractSpace/Maps/Demo.umap,.umap,29646,BigNiagaraBundle,Unreal map (class unverified),format/extension only,added/custom content
Content/BigNiagaraBundle/NiagaraAbstractSpace/Maps/Demo2.umap,.umap,25856,BigNiagaraBundle,Unreal map (class unverified),format/extension only,added/custom content
Content/BigNiagaraBundle/NiagaraAbstractSpace/Maps/DemoBP.umap,.umap,41633,BigNiagaraBundle,Unreal map (class unverified),format/extension only,added/custom content
Content/BigNiagaraBundle/NiagaraAbstractSpace2/Blueprints/BP_FirePortalMovement.uasset,.uasset,52579,BigNiagaraBundle,Unreal package (class unverified),format/extension only,added/custom content
Content/BigNiagaraBundle/NiagaraAbstractSpace2/Blueprints/BP_RingOfOmnipotenceMove.uasset,.uasset,52728,BigNiagaraBundle,Unreal package (class unverified),format/extension only,added/custom content
Content/BigNiagaraBundle/NiagaraAbstractSpace2/Blueprints/BP_ShinigMovement.uasset,.uasset,52388,BigNiagaraBundle,Unreal package (class unverified),format/extension only,added/custom content
Content/BigNiagaraBundle/NiagaraAbstractSpace2/Blueprints/BP_SpeedFlowerMovement.uasset,.uasset,52763,BigNiagaraBundle,Unreal package (class unverified),format/extension only,added/custom content
Content/BigNiagaraBundle/NiagaraAbstractSpace2/Blueprints/BP_SpiralGalaxyMovement.uasset,.uasset,52546,BigNiagaraBundle,Unreal package (class unverified),format/extension only,added/custom content
Content/BigNiagaraBundle/NiagaraAbstractSpace2/Blueprints/BP_VaseMovement.uasset,.uasset,52300,BigNiagaraBundle,Unreal package (class unverified),format/extension only,added/custom content
Content/BigNiagaraBundle/NiagaraAbstractSpace2/Effects/NS_BowlOfTheUniverse.uasset,.uasset,1230271,BigNiagaraBundle,Unreal package (class unverified),format/extension only,added/custom content
Content/BigNiagaraBundle/NiagaraAbstractSpace2/Effects/NS_BowlOfTheUniverse2.uasset,.uasset,1340578,BigNiagaraBundle,Unreal package (class unverified),format/extension only,added/custom content
Content/BigNiagaraBundle/NiagaraAbstractSpace2/Effects/NS_BowlOfTheUniverse3.uasset,.uasset,1358019,BigNiagaraBundle,Unreal package (class unverified),format/extension only,added/custom content
Content/BigNiagaraBundle/NiagaraAbstractSpace2/Effects/NS_Cinquefoil.uasset,.uasset,726264,BigNiagaraBundle,Unreal package (class unverified),format/extension only,added/custom content
Content/BigNiagaraBundle/NiagaraAbstractSpace2/Effects/NS_ColorNebula.uasset,.uasset,1083083,BigNiagaraBundle,Unreal package (class unverified),format/extension only,added/custom content
Content/BigNiagaraBundle/NiagaraAbstractSpace2/Effects/NS_DoubleGalaxy.uasset,.uasset,1313377,BigNiagaraBundle,Unreal package (class unverified),format/extension only,added/custom content
Content/BigNiagaraBundle/NiagaraAbstractSpace2/Effects/NS_FirePortal.uasset,.uasset,1072781,BigNiagaraBundle,Unreal package (class unverified),format/extension only,added/custom content
Content/BigNiagaraBundle/NiagaraAbstractSpace2/Effects/NS_Funnel.uasset,.uasset,721773,BigNiagaraBundle,Unreal package (class unverified),format/extension only,added/custom content
Content/BigNiagaraBundle/NiagaraAbstractSpace2/Effects/NS_FunnelOfWorlds.uasset,.uasset,1001526,BigNiagaraBundle,Unreal package (class unverified),format/extension only,added/custom content
Content/BigNiagaraBundle/NiagaraAbstractSpace2/Effects/NS_MagicStar.uasset,.uasset,836169,BigNiagaraBundle,Unreal package (class unverified),format/extension only,added/custom content
Content/BigNiagaraBundle/NiagaraAbstractSpace2/Effects/NS_NoisyBurst.uasset,.uasset,814866,BigNiagaraBundle,Unreal package (class unverified),format/extension only,added/custom content
Content/BigNiagaraBundle/NiagaraAbstractSpace2/Effects/NS_NoisyTurus.uasset,.uasset,1059906,BigNiagaraBundle,Unreal package (class unverified),format/extension only,added/custom content
Content/BigNiagaraBundle/NiagaraAbstractSpace2/Effects/NS_ReverseBurst.uasset,.uasset,495556,BigNiagaraBundle,Unreal package (class unverified),format/extension only,added/custom content
Content/BigNiagaraBundle/NiagaraAbstractSpace2/Effects/NS_RingOfOmnipotence.uasset,.uasset,1328501,BigNiagaraBundle,Unreal package (class unverified),format/extension only,added/custom content
Content/BigNiagaraBundle/NiagaraAbstractSpace2/Effects/NS_Shining.uasset,.uasset,963345,BigNiagaraBundle,Unreal package (class unverified),format/extension only,added/custom content
Content/BigNiagaraBundle/NiagaraAbstractSpace2/Effects/NS_SpaceOFUniverse.uasset,.uasset,812493,BigNiagaraBundle,Unreal package (class unverified),format/extension only,added/custom content
Content/BigNiagaraBundle/NiagaraAbstractSpace2/Effects/NS_Speed_Flower.uasset,.uasset,781682,BigNiagaraBundle,Unreal package (class unverified),format/extension only,added/custom content
Content/BigNiagaraBundle/NiagaraAbstractSpace2/Effects/NS_SpiralGalaxy.uasset,.uasset,884545,BigNiagaraBundle,Unreal package (class unverified),format/extension only,added/custom content
Content/BigNiagaraBundle/NiagaraAbstractSpace2/Effects/NS_SpiralGalaxy2.uasset,.uasset,1128286,BigNiagaraBundle,Unreal package (class unverified),format/extension only,added/custom content
Content/BigNiagaraBundle/NiagaraAbstractSpace2/Effects/NS_Vase.uasset,.uasset,979412,BigNiagaraBundle,Unreal package (class unverified),format/extension only,added/custom content
Content/BigNiagaraBundle/NiagaraAbstractSpace2/Maps/Demo.umap,.umap,49834,BigNiagaraBundle,Unreal map (class unverified),format/extension only,added/custom content
Content/BigNiagaraBundle/NiagaraAbstractSpace2/Maps/DemoBlueprints.umap,.umap,27785,BigNiagaraBundle,Unreal map (class unverified),format/extension only,added/custom content
Content/BigNiagaraBundle/NiagaraAbstractSpace3/Blueprints/BP_FireworksSphereMovement.uasset,.uasset,53388,BigNiagaraBundle,Unreal package (class unverified),format/extension only,added/custom content
Content/BigNiagaraBundle/NiagaraAbstractSpace3/Blueprints/BP_FireworksSphereMovement2.uasset,.uasset,53283,BigNiagaraBundle,Unreal package (class unverified),format/extension only,added/custom content
Content/BigNiagaraBundle/NiagaraAbstractSpace3/Blueprints/BP_Jets_Movement.uasset,.uasset,82322,BigNiagaraBundle,Unreal package (class unverified),format/extension only,added/custom content
Content/BigNiagaraBundle/NiagaraAbstractSpace3/Blueprints/BP_Little_Tornado_Red.uasset,.uasset,53364,BigNiagaraBundle,Unreal package (class unverified),format/extension only,added/custom content
Content/BigNiagaraBundle/NiagaraAbstractSpace3/Blueprints/BP_LittleTornado_Green.uasset,.uasset,52939,BigNiagaraBundle,Unreal package (class unverified),format/extension only,added/custom content
Content/BigNiagaraBundle/NiagaraAbstractSpace3/Blueprints/BP_SingularityMovement.uasset,.uasset,53025,BigNiagaraBundle,Unreal package (class unverified),format/extension only,added/custom content
Content/BigNiagaraBundle/NiagaraAbstractSpace3/Blueprints/BP_SpriteEngineMovement.uasset,.uasset,53288,BigNiagaraBundle,Unreal package (class unverified),format/extension only,added/custom content
Content/BigNiagaraBundle/NiagaraAbstractSpace3/Blueprints/BP_Sprouts_of_the_Universe_Movement.uasset,.uasset,53358,BigNiagaraBundle,Unreal package (class unverified),format/extension only,added/custom content
Content/BigNiagaraBundle/NiagaraAbstractSpace3/Blueprints/BP_Sprouts_of_the_UniverseUP_Movement.uasset,.uasset,53612,BigNiagaraBundle,Unreal package (class unverified),format/extension only,added/custom content
Content/BigNiagaraBundle/NiagaraAbstractSpace3/Blueprints/BP_Worm-Hole_Movement.uasset,.uasset,53289,BigNiagaraBundle,Unreal package (class unverified),format/extension only,added/custom content
Content/BigNiagaraBundle/NiagaraAbstractSpace3/Effects/NS_Comet.uasset,.uasset,572823,BigNiagaraBundle,Unreal package (class unverified),format/extension only,added/custom content
Content/BigNiagaraBundle/NiagaraAbstractSpace3/Effects/NS_Cylinder.uasset,.uasset,968183,BigNiagaraBundle,Unreal package (class unverified),format/extension only,added/custom content
Content/BigNiagaraBundle/NiagaraAbstractSpace3/Effects/NS_DoubleElements.uasset,.uasset,979143,BigNiagaraBundle,Unreal package (class unverified),format/extension only,added/custom content
Content/BigNiagaraBundle/NiagaraAbstractSpace3/Effects/NS_Ecumenical_Fountain.uasset,.uasset,1309942,BigNiagaraBundle,Unreal package (class unverified),format/extension only,added/custom content
Content/BigNiagaraBundle/NiagaraAbstractSpace3/Effects/NS_Ecumenical_Fountain_Down.uasset,.uasset,1132379,BigNiagaraBundle,Unreal package (class unverified),format/extension only,added/custom content
Content/BigNiagaraBundle/NiagaraAbstractSpace3/Effects/NS_Ecumenical_Fountain_Up.uasset,.uasset,945690,BigNiagaraBundle,Unreal package (class unverified),format/extension only,added/custom content
Content/BigNiagaraBundle/NiagaraAbstractSpace3/Effects/NS_Four_Jets.uasset,.uasset,1142879,BigNiagaraBundle,Unreal package (class unverified),format/extension only,added/custom content
Content/BigNiagaraBundle/NiagaraAbstractSpace3/Effects/NS_Green_Portal.uasset,.uasset,925266,BigNiagaraBundle,Unreal package (class unverified),format/extension only,added/custom content
Content/BigNiagaraBundle/NiagaraAbstractSpace3/Effects/NS_HalfElementDown.uasset,.uasset,588766,BigNiagaraBundle,Unreal package (class unverified),format/extension only,added/custom content
Content/BigNiagaraBundle/NiagaraAbstractSpace3/Effects/NS_HalfElementUp.uasset,.uasset,566781,BigNiagaraBundle,Unreal package (class unverified),format/extension only,added/custom content
Content/BigNiagaraBundle/NiagaraAbstractSpace3/Effects/NS_Matrix_Rain.uasset,.uasset,1098280,BigNiagaraBundle,Unreal package (class unverified),format/extension only,added/custom content
Content/BigNiagaraBundle/NiagaraAbstractSpace3/Effects/NS_Otherworldly_Mirror.uasset,.uasset,742600,BigNiagaraBundle,Unreal package (class unverified),format/extension only,added/custom content
Content/BigNiagaraBundle/NiagaraAbstractSpace3/Effects/NS_Ribbon_Spiral.uasset,.uasset,489336,BigNiagaraBundle,Unreal package (class unverified),format/extension only,added/custom content
Content/BigNiagaraBundle/NiagaraAbstractSpace3/Effects/NS_Ribbon_Spiral2.uasset,.uasset,473363,BigNiagaraBundle,Unreal package (class unverified),format/extension only,added/custom content
Content/BigNiagaraBundle/NiagaraAbstractSpace3/Effects/NS_Singularity.uasset,.uasset,2295699,BigNiagaraBundle,Unreal package (class unverified),format/extension only,added/custom content
Content/BigNiagaraBundle/NiagaraAbstractSpace3/Effects/NS_Space_Funnel.uasset,.uasset,1284706,BigNiagaraBundle,Unreal package (class unverified),format/extension only,added/custom content
Content/BigNiagaraBundle/NiagaraAbstractSpace3/Effects/NS_Sphere_of_Fireworks.uasset,.uasset,819010,BigNiagaraBundle,Unreal package (class unverified),format/extension only,added/custom content
Content/BigNiagaraBundle/NiagaraAbstractSpace3/Effects/NS_Sphere_of_Fireworks2.uasset,.uasset,762026,BigNiagaraBundle,Unreal package (class unverified),format/extension only,added/custom content
Content/BigNiagaraBundle/NiagaraAbstractSpace3/Effects/NS_Sphere_of_Fireworks3.uasset,.uasset,724176,BigNiagaraBundle,Unreal package (class unverified),format/extension only,added/custom content
Content/BigNiagaraBundle/NiagaraAbstractSpace3/Effects/NS_Spiral_Box.uasset,.uasset,890777,BigNiagaraBundle,Unreal package (class unverified),format/extension only,added/custom content
Content/BigNiagaraBundle/NiagaraAbstractSpace3/Effects/NS_Spiral_Grid.uasset,.uasset,871160,BigNiagaraBundle,Unreal package (class unverified),format/extension only,added/custom content
Content/BigNiagaraBundle/NiagaraAbstractSpace3/Effects/NS_Sprite_Engine.uasset,.uasset,1000158,BigNiagaraBundle,Unreal package (class unverified),format/extension only,added/custom content
Content/BigNiagaraBundle/NiagaraAbstractSpace3/Effects/NS_Sprite_Engine_with_Jet.uasset,.uasset,875610,BigNiagaraBundle,Unreal package (class unverified),format/extension only,added/custom content
Content/BigNiagaraBundle/NiagaraAbstractSpace3/Effects/NS_Sprouts_of_the_Universe.uasset,.uasset,1485245,BigNiagaraBundle,Unreal package (class unverified),format/extension only,added/custom content
Content/BigNiagaraBundle/NiagaraAbstractSpace3/Effects/NS_Sprouts_of_the_Universe_Up.uasset,.uasset,731602,BigNiagaraBundle,Unreal package (class unverified),format/extension only,added/custom content
Content/BigNiagaraBundle/NiagaraAbstractSpace3/Effects/NS_The_Birth_Of_Photons.uasset,.uasset,1547256,BigNiagaraBundle,Unreal package (class unverified),format/extension only,added/custom content
Content/BigNiagaraBundle/NiagaraAbstractSpace3/Effects/NS_Worm-Hole.uasset,.uasset,1473861,BigNiagaraBundle,Unreal package (class unverified),format/extension only,added/custom content
Content/BigNiagaraBundle/NiagaraAbstractSpace3/Effects/NS_Worm-Hole_Half.uasset,.uasset,1065352,BigNiagaraBundle,Unreal package (class unverified),format/extension only,added/custom content
Content/BigNiagaraBundle/NiagaraAbstractSpace3/Maps/Demo.umap,.umap,30003,BigNiagaraBundle,Unreal map (class unverified),format/extension only,added/custom content
Content/BigNiagaraBundle/NiagaraAbstractSpace3/Maps/Demo2.umap,.umap,50086,BigNiagaraBundle,Unreal map (class unverified),format/extension only,added/custom content
Content/BigNiagaraBundle/NiagaraAbstractSpace3/Maps/DemoBlueprints.umap,.umap,47551,BigNiagaraBundle,Unreal map (class unverified),format/extension only,added/custom content
Content/BigNiagaraBundle/NiagaraAbstractSpace4/Blueprints/BP_ActiveWormhole.uasset,.uasset,53749,BigNiagaraBundle,Unreal package (class unverified),format/extension only,added/custom content
Content/BigNiagaraBundle/NiagaraAbstractSpace4/Blueprints/BP_CenterOfMass.uasset,.uasset,54920,BigNiagaraBundle,Unreal package (class unverified),format/extension only,added/custom content
Content/BigNiagaraBundle/NiagaraAbstractSpace4/Blueprints/BP_DoubleOrion.uasset,.uasset,17538,BigNiagaraBundle,Unreal package (class unverified),format/extension only,added/custom content
Content/BigNiagaraBundle/NiagaraAbstractSpace4/Blueprints/BP_DoubleOrionReverse.uasset,.uasset,17670,BigNiagaraBundle,Unreal package (class unverified),format/extension only,added/custom content
Content/BigNiagaraBundle/NiagaraAbstractSpace4/Blueprints/BP_InfinityClockAxisMovement.uasset,.uasset,53975,BigNiagaraBundle,Unreal package (class unverified),format/extension only,added/custom content
Content/BigNiagaraBundle/NiagaraAbstractSpace4/Blueprints/BP_InfinityClockHorizontalMovement.uasset,.uasset,53913,BigNiagaraBundle,Unreal package (class unverified),format/extension only,added/custom content
Content/BigNiagaraBundle/NiagaraAbstractSpace4/Blueprints/BP_InfinityClockVerticalMovement.uasset,.uasset,53994,BigNiagaraBundle,Unreal package (class unverified),format/extension only,added/custom content
Content/BigNiagaraBundle/NiagaraAbstractSpace4/Blueprints/BP_ModiusStrip.uasset,.uasset,28987,BigNiagaraBundle,Unreal package (class unverified),format/extension only,added/custom content
Content/BigNiagaraBundle/NiagaraAbstractSpace4/Blueprints/BP_ModiusStrip2.uasset,.uasset,27026,BigNiagaraBundle,Unreal package (class unverified),format/extension only,added/custom content
Content/BigNiagaraBundle/NiagaraAbstractSpace4/Blueprints/BP_NS_StreamsOfEnergy.uasset,.uasset,29144,BigNiagaraBundle,Unreal package (class unverified),format/extension only,added/custom content
Content/BigNiagaraBundle/NiagaraAbstractSpace4/Blueprints/BP_OrionMovement.uasset,.uasset,53358,BigNiagaraBundle,Unreal package (class unverified),format/extension only,added/custom content
Content/BigNiagaraBundle/NiagaraAbstractSpace4/Effects/NS_ActiveWormhole.uasset,.uasset,2053422,BigNiagaraBundle,Unreal package (class unverified),format/extension only,added/custom content
Content/BigNiagaraBundle/NiagaraAbstractSpace4/Effects/NS_CenterOfMass.uasset,.uasset,865604,BigNiagaraBundle,Unreal package (class unverified),format/extension only,added/custom content
Content/BigNiagaraBundle/NiagaraAbstractSpace4/Effects/NS_CenterOfMass2.uasset,.uasset,1310404,BigNiagaraBundle,Unreal package (class unverified),format/extension only,added/custom content
Content/BigNiagaraBundle/NiagaraAbstractSpace4/Effects/NS_CenterOfMass3.uasset,.uasset,839202,BigNiagaraBundle,Unreal package (class unverified),format/extension only,added/custom content
Content/BigNiagaraBundle/NiagaraAbstractSpace4/Effects/NS_Comet.uasset,.uasset,498277,BigNiagaraBundle,Unreal package (class unverified),format/extension only,added/custom content
Content/BigNiagaraBundle/NiagaraAbstractSpace4/Effects/NS_GoldenFigure.uasset,.uasset,1149365,BigNiagaraBundle,Unreal package (class unverified),format/extension only,added/custom content
Content/BigNiagaraBundle/NiagaraAbstractSpace4/Effects/NS_GoldenRibbon.uasset,.uasset,823357,BigNiagaraBundle,Unreal package (class unverified),format/extension only,added/custom content
Content/BigNiagaraBundle/NiagaraAbstractSpace4/Effects/NS_ImpulseFromWithin.uasset,.uasset,942446,BigNiagaraBundle,Unreal package (class unverified),format/extension only,added/custom content
Content/BigNiagaraBundle/NiagaraAbstractSpace4/Effects/NS_Infinity_Clock.uasset,.uasset,1850160,BigNiagaraBundle,Unreal package (class unverified),format/extension only,added/custom content
Content/BigNiagaraBundle/NiagaraAbstractSpace4/Effects/NS_InfinityClock2.uasset,.uasset,1720602,BigNiagaraBundle,Unreal package (class unverified),format/extension only,added/custom content
Content/BigNiagaraBundle/NiagaraAbstractSpace4/Effects/NS_InfinityClock3.uasset,.uasset,2168931,BigNiagaraBundle,Unreal package (class unverified),format/extension only,added/custom content
Content/BigNiagaraBundle/NiagaraAbstractSpace4/Effects/NS_InfinityClock4.uasset,.uasset,1989104,BigNiagaraBundle,Unreal package (class unverified),format/extension only,added/custom content
Content/BigNiagaraBundle/NiagaraAbstractSpace4/Effects/NS_InfinityClock5.uasset,.uasset,2472858,BigNiagaraBundle,Unreal package (class unverified),format/extension only,added/custom content
Content/BigNiagaraBundle/NiagaraAbstractSpace4/Effects/NS_MobiusStrip.uasset,.uasset,628762,BigNiagaraBundle,Unreal package (class unverified),format/extension only,added/custom content
Content/BigNiagaraBundle/NiagaraAbstractSpace4/Effects/NS_MobiusStrip2.uasset,.uasset,1003606,BigNiagaraBundle,Unreal package (class unverified),format/extension only,added/custom content
Content/BigNiagaraBundle/NiagaraAbstractSpace4/Effects/NS_Orion.uasset,.uasset,1347260,BigNiagaraBundle,Unreal package (class unverified),format/extension only,added/custom content
Content/BigNiagaraBundle/NiagaraAbstractSpace4/Effects/NS_Orion2.uasset,.uasset,1248868,BigNiagaraBundle,Unreal package (class unverified),format/extension only,added/custom content
Content/BigNiagaraBundle/NiagaraAbstractSpace4/Effects/NS_ParticlesVortex.uasset,.uasset,1025938,BigNiagaraBundle,Unreal package (class unverified),format/extension only,added/custom content
Content/BigNiagaraBundle/NiagaraAbstractSpace4/Effects/NS_ParticlesVortex2.uasset,.uasset,1207471,BigNiagaraBundle,Unreal package (class unverified),format/extension only,added/custom content
Content/BigNiagaraBundle/NiagaraAbstractSpace4/Effects/NS_ParticlesVortex3.uasset,.uasset,910054,BigNiagaraBundle,Unreal package (class unverified),format/extension only,added/custom content
Content/BigNiagaraBundle/NiagaraAbstractSpace4/Effects/NS_StreamsOfEnergy.uasset,.uasset,1665478,BigNiagaraBundle,Unreal package (class unverified),format/extension only,added/custom content
Content/BigNiagaraBundle/NiagaraAbstractSpace4/Effects/NS_StreamsOfEnergy2.uasset,.uasset,3072950,BigNiagaraBundle,Unreal package (class unverified),format/extension only,added/custom content
Content/BigNiagaraBundle/NiagaraAbstractSpace4/Effects/NS_WellOfEternity.uasset,.uasset,1258592,BigNiagaraBundle,Unreal package (class unverified),format/extension only,added/custom content
Content/BigNiagaraBundle/NiagaraAbstractSpace4/Effects/NS_WellOfEternity2.uasset,.uasset,1409814,BigNiagaraBundle,Unreal package (class unverified),format/extension only,added/custom content
Content/BigNiagaraBundle/NiagaraAbstractSpace4/Effects/NS_Wormhole.uasset,.uasset,1040083,BigNiagaraBundle,Unreal package (class unverified),format/extension only,added/custom content
Content/BigNiagaraBundle/NiagaraAbstractSpace4/Map/DemoBlueprints.umap,.umap,43750,BigNiagaraBundle,Unreal map (class unverified),format/extension only,added/custom content
Content/BigNiagaraBundle/NiagaraAbstractSpace4/Map/DemoParticles.umap,.umap,60572,BigNiagaraBundle,Unreal map (class unverified),format/extension only,added/custom content
Content/BigNiagaraBundle/NiagaraBlackAndWhite/Blueprints/BP_CirclesOnTheWaterBlack.uasset,.uasset,55676,BigNiagaraBundle,Unreal package (class unverified),format/extension only,added/custom content
Content/BigNiagaraBundle/NiagaraBlackAndWhite/Blueprints/BP_CirclesOnTheWaterCombo.uasset,.uasset,55875,BigNiagaraBundle,Unreal package (class unverified),format/extension only,added/custom content
Content/BigNiagaraBundle/NiagaraBlackAndWhite/Blueprints/BP_CirclesOnTheWaterWhite.uasset,.uasset,55864,BigNiagaraBundle,Unreal package (class unverified),format/extension only,added/custom content
Content/BigNiagaraBundle/NiagaraBlackAndWhite/Blueprints/BP_DoubleWhirlpoolWhite.uasset,.uasset,26713,BigNiagaraBundle,Unreal package (class unverified),format/extension only,added/custom content
Content/BigNiagaraBundle/NiagaraBlackAndWhite/Blueprints/BP_DoubleWhirpoolBlack.uasset,.uasset,27016,BigNiagaraBundle,Unreal package (class unverified),format/extension only,added/custom content
Content/BigNiagaraBundle/NiagaraBlackAndWhite/Blueprints/BP_DreamStreamWhite.uasset,.uasset,26765,BigNiagaraBundle,Unreal package (class unverified),format/extension only,added/custom content
Content/BigNiagaraBundle/NiagaraBlackAndWhite/Maps/DemoBlack.umap,.umap,57199,BigNiagaraBundle,Unreal map (class unverified),format/extension only,added/custom content
Content/BigNiagaraBundle/NiagaraBlackAndWhite/Maps/DemoBlack2.umap,.umap,64549,BigNiagaraBundle,Unreal map (class unverified),format/extension only,added/custom content
Content/BigNiagaraBundle/NiagaraBlackAndWhite/Maps/DemoBlack2_BuiltData.uasset,.uasset,1616520,BigNiagaraBundle,Unreal package (class unverified),format/extension only,added/custom content
Content/BigNiagaraBundle/NiagaraBlackAndWhite/Maps/DemoBlack_BuiltData.uasset,.uasset,1616516,BigNiagaraBundle,Unreal package (class unverified),format/extension only,added/custom content
Content/BigNiagaraBundle/NiagaraBlackAndWhite/Maps/DemoBlackAndWhite.umap,.umap,62116,BigNiagaraBundle,Unreal map (class unverified),format/extension only,added/custom content
Content/BigNiagaraBundle/NiagaraBlackAndWhite/Maps/DemoBlackAndWhite_BuiltData.uasset,.uasset,1651419,BigNiagaraBundle,Unreal package (class unverified),format/extension only,added/custom content
Content/BigNiagaraBundle/NiagaraBlackAndWhite/Maps/DemoBP.umap,.umap,62296,BigNiagaraBundle,Unreal map (class unverified),format/extension only,added/custom content
Content/BigNiagaraBundle/NiagaraBlackAndWhite/Maps/DemoBP_BuiltData.uasset,.uasset,1651375,BigNiagaraBundle,Unreal package (class unverified),format/extension only,added/custom content
Content/BigNiagaraBundle/NiagaraBlackAndWhite/Maps/DemoColor.umap,.umap,40442,BigNiagaraBundle,Unreal map (class unverified),format/extension only,added/custom content
Content/BigNiagaraBundle/NiagaraBlackAndWhite/Maps/DemoWhite.umap,.umap,40444,BigNiagaraBundle,Unreal map (class unverified),format/extension only,added/custom content
Content/BigNiagaraBundle/NiagaraBlackAndWhite/Materials/M_DefaultSpriteMaterialBlack.uasset,.uasset,89309,BigNiagaraBundle,Unreal package (class unverified),format/extension only,added/custom content
Content/BigNiagaraBundle/NiagaraBlackAndWhite/NiagaraSystems/Black/NS_BlowingGridBlack.uasset,.uasset,632796,BigNiagaraBundle,Unreal package (class unverified),format/extension only,added/custom content
Content/BigNiagaraBundle/NiagaraBlackAndWhite/NiagaraSystems/Black/NS_ChimeraBlack.uasset,.uasset,651552,BigNiagaraBundle,Unreal package (class unverified),format/extension only,added/custom content
Content/BigNiagaraBundle/NiagaraBlackAndWhite/NiagaraSystems/Black/NS_DreamStreamBlack.uasset,.uasset,950405,BigNiagaraBundle,Unreal package (class unverified),format/extension only,added/custom content
Content/BigNiagaraBundle/NiagaraBlackAndWhite/NiagaraSystems/Black/NS_DreamStreamSingleBlack.uasset,.uasset,803366,BigNiagaraBundle,Unreal package (class unverified),format/extension only,added/custom content
Content/BigNiagaraBundle/NiagaraBlackAndWhite/NiagaraSystems/Black/NS_EyeBlack.uasset,.uasset,774772,BigNiagaraBundle,Unreal package (class unverified),format/extension only,added/custom content
Content/BigNiagaraBundle/NiagaraBlackAndWhite/NiagaraSystems/Black/NS_FantasyRingsBlack.uasset,.uasset,864781,BigNiagaraBundle,Unreal package (class unverified),format/extension only,added/custom content
Content/BigNiagaraBundle/NiagaraBlackAndWhite/NiagaraSystems/Black/NS_GenesisBlack.uasset,.uasset,681384,BigNiagaraBundle,Unreal package (class unverified),format/extension only,added/custom content
Content/BigNiagaraBundle/NiagaraBlackAndWhite/NiagaraSystems/Black/NS_GenesisBlack2.uasset,.uasset,727580,BigNiagaraBundle,Unreal package (class unverified),format/extension only,added/custom content
Content/BigNiagaraBundle/NiagaraBlackAndWhite/NiagaraSystems/Black/NS_MagicFlowerBlack.uasset,.uasset,733672,BigNiagaraBundle,Unreal package (class unverified),format/extension only,added/custom content
Content/BigNiagaraBundle/NiagaraBlackAndWhite/NiagaraSystems/Black/NS_SandClockBlack.uasset,.uasset,786710,BigNiagaraBundle,Unreal package (class unverified),format/extension only,added/custom content
Content/BigNiagaraBundle/NiagaraBlackAndWhite/NiagaraSystems/Black/NS_ShiningBlack.uasset,.uasset,683064,BigNiagaraBundle,Unreal package (class unverified),format/extension only,added/custom content
Content/BigNiagaraBundle/NiagaraBlackAndWhite/NiagaraSystems/Black/NS_SpiralBlack.uasset,.uasset,700465,BigNiagaraBundle,Unreal package (class unverified),format/extension only,added/custom content
Content/BigNiagaraBundle/NiagaraBlackAndWhite/NiagaraSystems/Black/NS_SplashBlack.uasset,.uasset,550450,BigNiagaraBundle,Unreal package (class unverified),format/extension only,added/custom content
Content/BigNiagaraBundle/NiagaraBlackAndWhite/NiagaraSystems/Black/NS_SynapsBlack.uasset,.uasset,497765,BigNiagaraBundle,Unreal package (class unverified),format/extension only,added/custom content
Content/BigNiagaraBundle/NiagaraBlackAndWhite/NiagaraSystems/Black/NS_WhirpoolBlack.uasset,.uasset,798189,BigNiagaraBundle,Unreal package (class unverified),format/extension only,added/custom content
Content/BigNiagaraBundle/NiagaraBlackAndWhite/NiagaraSystems/BlackAndWhite/NS_ChimeraCombo.uasset,.uasset,872068,BigNiagaraBundle,Unreal package (class unverified),format/extension only,added/custom content
Content/BigNiagaraBundle/NiagaraBlackAndWhite/NiagaraSystems/BlackAndWhite/NS_DreamStreamCombo.uasset,.uasset,983438,BigNiagaraBundle,Unreal package (class unverified),format/extension only,added/custom content
Content/BigNiagaraBundle/NiagaraBlackAndWhite/NiagaraSystems/BlackAndWhite/NS_DreamStreamSingleCombo.uasset,.uasset,1009187,BigNiagaraBundle,Unreal package (class unverified),format/extension only,added/custom content
Content/BigNiagaraBundle/NiagaraBlackAndWhite/NiagaraSystems/BlackAndWhite/NS_FantasyRingsCombo.uasset,.uasset,947751,BigNiagaraBundle,Unreal package (class unverified),format/extension only,added/custom content
Content/BigNiagaraBundle/NiagaraBlackAndWhite/NiagaraSystems/BlackAndWhite/NS_GenesisCombo.uasset,.uasset,948994,BigNiagaraBundle,Unreal package (class unverified),format/extension only,added/custom content
Content/BigNiagaraBundle/NiagaraBlackAndWhite/NiagaraSystems/BlackAndWhite/NS_SandClockCombo.uasset,.uasset,814740,BigNiagaraBundle,Unreal package (class unverified),format/extension only,added/custom content
Content/BigNiagaraBundle/NiagaraBlackAndWhite/NiagaraSystems/BlackAndWhite/NS_SynapsCombo.uasset,.uasset,1170872,BigNiagaraBundle,Unreal package (class unverified),format/extension only,added/custom content
Content/BigNiagaraBundle/NiagaraBlackAndWhite/NiagaraSystems/BlackAndWhite/NS_WhirpoolCombo.uasset,.uasset,807167,BigNiagaraBundle,Unreal package (class unverified),format/extension only,added/custom content
Content/BigNiagaraBundle/NiagaraBlackAndWhite/NiagaraSystems/Color/NS_BlowingGridColor.uasset,.uasset,1148075,BigNiagaraBundle,Unreal package (class unverified),format/extension only,added/custom content
Content/BigNiagaraBundle/NiagaraBlackAndWhite/NiagaraSystems/Color/NS_ChimeraColor.uasset,.uasset,1032435,BigNiagaraBundle,Unreal package (class unverified),format/extension only,added/custom content
Content/BigNiagaraBundle/NiagaraBlackAndWhite/NiagaraSystems/Color/NS_DreamStreamColor.uasset,.uasset,1301064,BigNiagaraBundle,Unreal package (class unverified),format/extension only,added/custom content
Content/BigNiagaraBundle/NiagaraBlackAndWhite/NiagaraSystems/Color/NS_DreamStreamSingleColor.uasset,.uasset,1042625,BigNiagaraBundle,Unreal package (class unverified),format/extension only,added/custom content
Content/BigNiagaraBundle/NiagaraBlackAndWhite/NiagaraSystems/Color/NS_EyeColor.uasset,.uasset,1053134,BigNiagaraBundle,Unreal package (class unverified),format/extension only,added/custom content
Content/BigNiagaraBundle/NiagaraBlackAndWhite/NiagaraSystems/Color/NS_FantasyRingsColor.uasset,.uasset,1013510,BigNiagaraBundle,Unreal package (class unverified),format/extension only,added/custom content
Content/BigNiagaraBundle/NiagaraBlackAndWhite/NiagaraSystems/Color/NS_GenesisColor.uasset,.uasset,955312,BigNiagaraBundle,Unreal package (class unverified),format/extension only,added/custom content
Content/BigNiagaraBundle/NiagaraBlackAndWhite/NiagaraSystems/Color/NS_GenesisColor2.uasset,.uasset,645529,BigNiagaraBundle,Unreal package (class unverified),format/extension only,added/custom content
Content/BigNiagaraBundle/NiagaraBlackAndWhite/NiagaraSystems/Color/NS_MagicFlowerColor.uasset,.uasset,790515,BigNiagaraBundle,Unreal package (class unverified),format/extension only,added/custom content
Content/BigNiagaraBundle/NiagaraBlackAndWhite/NiagaraSystems/Color/NS_SandClockColor.uasset,.uasset,888406,BigNiagaraBundle,Unreal package (class unverified),format/extension only,added/custom content
Content/BigNiagaraBundle/NiagaraBlackAndWhite/NiagaraSystems/Color/NS_ShiningColor.uasset,.uasset,704362,BigNiagaraBundle,Unreal package (class unverified),format/extension only,added/custom content
Content/BigNiagaraBundle/NiagaraBlackAndWhite/NiagaraSystems/Color/NS_SpiralColor.uasset,.uasset,869169,BigNiagaraBundle,Unreal package (class unverified),format/extension only,added/custom content
Content/BigNiagaraBundle/NiagaraBlackAndWhite/NiagaraSystems/Color/NS_SplashColor.uasset,.uasset,499232,BigNiagaraBundle,Unreal package (class unverified),format/extension only,added/custom content
Content/BigNiagaraBundle/NiagaraBlackAndWhite/NiagaraSystems/Color/NS_SynapseColor.uasset,.uasset,1316384,BigNiagaraBundle,Unreal package (class unverified),format/extension only,added/custom content
Content/BigNiagaraBundle/NiagaraBlackAndWhite/NiagaraSystems/Color/NS_WhirlpoolWhite.uasset,.uasset,872821,BigNiagaraBundle,Unreal package (class unverified),format/extension only,added/custom content
Content/BigNiagaraBundle/NiagaraBlackAndWhite/NiagaraSystems/White/NS_BlowingGridWhite.uasset,.uasset,919840,BigNiagaraBundle,Unreal package (class unverified),format/extension only,added/custom content
Content/BigNiagaraBundle/NiagaraBlackAndWhite/NiagaraSystems/White/NS_ChimeraWhite.uasset,.uasset,756737,BigNiagaraBundle,Unreal package (class unverified),format/extension only,added/custom content
Content/BigNiagaraBundle/NiagaraBlackAndWhite/NiagaraSystems/White/NS_DreamStreamSingleWhite.uasset,.uasset,721280,BigNiagaraBundle,Unreal package (class unverified),format/extension only,added/custom content
Content/BigNiagaraBundle/NiagaraBlackAndWhite/NiagaraSystems/White/NS_DreamStreamWhite.uasset,.uasset,1087152,BigNiagaraBundle,Unreal package (class unverified),format/extension only,added/custom content
Content/BigNiagaraBundle/NiagaraBlackAndWhite/NiagaraSystems/White/NS_EyeWhite.uasset,.uasset,707215,BigNiagaraBundle,Unreal package (class unverified),format/extension only,added/custom content
Content/BigNiagaraBundle/NiagaraBlackAndWhite/NiagaraSystems/White/NS_FantasyRingsWhite.uasset,.uasset,981100,BigNiagaraBundle,Unreal package (class unverified),format/extension only,added/custom content
Content/BigNiagaraBundle/NiagaraBlackAndWhite/NiagaraSystems/White/NS_GenesisWhite.uasset,.uasset,731190,BigNiagaraBundle,Unreal package (class unverified),format/extension only,added/custom content
Content/BigNiagaraBundle/NiagaraBlackAndWhite/NiagaraSystems/White/NS_GenesisWhite2.uasset,.uasset,709591,BigNiagaraBundle,Unreal package (class unverified),format/extension only,added/custom content
Content/BigNiagaraBundle/NiagaraBlackAndWhite/NiagaraSystems/White/NS_MagicFlowerWhite.uasset,.uasset,761307,BigNiagaraBundle,Unreal package (class unverified),format/extension only,added/custom content
Content/BigNiagaraBundle/NiagaraBlackAndWhite/NiagaraSystems/White/NS_SandClockWhite.uasset,.uasset,895890,BigNiagaraBundle,Unreal package (class unverified),format/extension only,added/custom content
Content/BigNiagaraBundle/NiagaraBlackAndWhite/NiagaraSystems/White/NS_ShiningWhite.uasset,.uasset,810230,BigNiagaraBundle,Unreal package (class unverified),format/extension only,added/custom content
Content/BigNiagaraBundle/NiagaraBlackAndWhite/NiagaraSystems/White/NS_SpiralWhite.uasset,.uasset,883927,BigNiagaraBundle,Unreal package (class unverified),format/extension only,added/custom content
Content/BigNiagaraBundle/NiagaraBlackAndWhite/NiagaraSystems/White/NS_SplashWhite.uasset,.uasset,519459,BigNiagaraBundle,Unreal package (class unverified),format/extension only,added/custom content
Content/BigNiagaraBundle/NiagaraBlackAndWhite/NiagaraSystems/White/NS_SynapseWhite.uasset,.uasset,1225896,BigNiagaraBundle,Unreal package (class unverified),format/extension only,added/custom content
Content/BigNiagaraBundle/NiagaraBlackAndWhite/NiagaraSystems/White/NS_WhirlpoolWhite.uasset,.uasset,803792,BigNiagaraBundle,Unreal package (class unverified),format/extension only,added/custom content
Content/BigNiagaraBundle/NiagaraConstellations/Effects/NS_Aquarius.uasset,.uasset,331365,BigNiagaraBundle,Unreal package (class unverified),format/extension only,added/custom content
Content/BigNiagaraBundle/NiagaraConstellations/Effects/NS_Aries.uasset,.uasset,313369,BigNiagaraBundle,Unreal package (class unverified),format/extension only,added/custom content
Content/BigNiagaraBundle/NiagaraConstellations/Effects/NS_Big_Dipper.uasset,.uasset,333767,BigNiagaraBundle,Unreal package (class unverified),format/extension only,added/custom content
Content/BigNiagaraBundle/NiagaraConstellations/Effects/NS_BigBang.uasset,.uasset,2673935,BigNiagaraBundle,Unreal package (class unverified),format/extension only,added/custom content
Content/BigNiagaraBundle/NiagaraConstellations/Effects/NS_BlackHoleMiniature.uasset,.uasset,3053322,BigNiagaraBundle,Unreal package (class unverified),format/extension only,added/custom content
Content/BigNiagaraBundle/NiagaraConstellations/Effects/NS_Cancer.uasset,.uasset,311767,BigNiagaraBundle,Unreal package (class unverified),format/extension only,added/custom content
Content/BigNiagaraBundle/NiagaraConstellations/Effects/NS_Capricorn.uasset,.uasset,317124,BigNiagaraBundle,Unreal package (class unverified),format/extension only,added/custom content
Content/BigNiagaraBundle/NiagaraConstellations/Effects/NS_Cluster_of_Constellations_Big.uasset,.uasset,4261604,BigNiagaraBundle,Unreal package (class unverified),format/extension only,added/custom content
Content/BigNiagaraBundle/NiagaraConstellations/Effects/NS_Cluster_of_Constellations_Var1.uasset,.uasset,1475757,BigNiagaraBundle,Unreal package (class unverified),format/extension only,added/custom content
Content/BigNiagaraBundle/NiagaraConstellations/Effects/NS_Cluster_of_Constellations_Var2.uasset,.uasset,1375889,BigNiagaraBundle,Unreal package (class unverified),format/extension only,added/custom content
Content/BigNiagaraBundle/NiagaraConstellations/Effects/NS_Cluster_of_ConstellationsMovement.uasset,.uasset,1699545,BigNiagaraBundle,Unreal package (class unverified),format/extension only,added/custom content
Content/BigNiagaraBundle/NiagaraConstellations/Effects/NS_Cluster_of_ConstellationsMovement2.uasset,.uasset,1676352,BigNiagaraBundle,Unreal package (class unverified),format/extension only,added/custom content
Content/BigNiagaraBundle/NiagaraConstellations/Effects/NS_Cluster_of_ConstellationsVar3.uasset,.uasset,1341482,BigNiagaraBundle,Unreal package (class unverified),format/extension only,added/custom content
Content/BigNiagaraBundle/NiagaraConstellations/Effects/NS_Cluster_of_ConstellationsVar4.uasset,.uasset,1322378,BigNiagaraBundle,Unreal package (class unverified),format/extension only,added/custom content
Content/BigNiagaraBundle/NiagaraConstellations/Effects/NS_Cluster_of_ConstellationsVar5.uasset,.uasset,1306152,BigNiagaraBundle,Unreal package (class unverified),format/extension only,added/custom content
Content/BigNiagaraBundle/NiagaraConstellations/Effects/NS_Cluster_of_ConstellationsVortex.uasset,.uasset,1391737,BigNiagaraBundle,Unreal package (class unverified),format/extension only,added/custom content
Content/BigNiagaraBundle/NiagaraConstellations/Effects/NS_Constelation_Ring.uasset,.uasset,1498116,BigNiagaraBundle,Unreal package (class unverified),format/extension only,added/custom content
Content/BigNiagaraBundle/NiagaraConstellations/Effects/NS_Constelation_Ring1.uasset,.uasset,1554916,BigNiagaraBundle,Unreal package (class unverified),format/extension only,added/custom content
Content/BigNiagaraBundle/NiagaraConstellations/Effects/NS_Galaxy.uasset,.uasset,565634,BigNiagaraBundle,Unreal package (class unverified),format/extension only,added/custom content
Content/BigNiagaraBundle/NiagaraConstellations/Effects/NS_Gemini.uasset,.uasset,362357,BigNiagaraBundle,Unreal package (class unverified),format/extension only,added/custom content
Content/BigNiagaraBundle/NiagaraConstellations/Effects/NS_Globular_Cluster.uasset,.uasset,1818832,BigNiagaraBundle,Unreal package (class unverified),format/extension only,added/custom content
Content/BigNiagaraBundle/NiagaraConstellations/Effects/NS_Libra.uasset,.uasset,325243,BigNiagaraBundle,Unreal package (class unverified),format/extension only,added/custom content
Content/BigNiagaraBundle/NiagaraConstellations/Effects/NS_Lion.uasset,.uasset,330580,BigNiagaraBundle,Unreal package (class unverified),format/extension only,added/custom content
Content/BigNiagaraBundle/NiagaraConstellations/Effects/NS_MeteorRain.uasset,.uasset,391203,BigNiagaraBundle,Unreal package (class unverified),format/extension only,added/custom content
Content/BigNiagaraBundle/NiagaraConstellations/Effects/NS_MeteorRainHeavy.uasset,.uasset,476060,BigNiagaraBundle,Unreal package (class unverified),format/extension only,added/custom content
Content/BigNiagaraBundle/NiagaraConstellations/Effects/NS_Nebula.uasset,.uasset,553570,BigNiagaraBundle,Unreal package (class unverified),format/extension only,added/custom content
Content/BigNiagaraBundle/NiagaraConstellations/Effects/NS_Nebula1.uasset,.uasset,660197,BigNiagaraBundle,Unreal package (class unverified),format/extension only,added/custom content
Content/BigNiagaraBundle/NiagaraConstellations/Effects/NS_Orion.uasset,.uasset,336154,BigNiagaraBundle,Unreal package (class unverified),format/extension only,added/custom content
Content/BigNiagaraBundle/NiagaraConstellations/Effects/NS_Pisces.uasset,.uasset,366103,BigNiagaraBundle,Unreal package (class unverified),format/extension only,added/custom content
Content/BigNiagaraBundle/NiagaraConstellations/Effects/NS_Planet.uasset,.uasset,416822,BigNiagaraBundle,Unreal package (class unverified),format/extension only,added/custom content
Content/BigNiagaraBundle/NiagaraConstellations/Effects/NS_Planet1.uasset,.uasset,395955,BigNiagaraBundle,Unreal package (class unverified),format/extension only,added/custom content
Content/BigNiagaraBundle/NiagaraConstellations/Effects/NS_Sagittarius.uasset,.uasset,353982,BigNiagaraBundle,Unreal package (class unverified),format/extension only,added/custom content
Content/BigNiagaraBundle/NiagaraConstellations/Effects/NS_Scorpio.uasset,.uasset,354826,BigNiagaraBundle,Unreal package (class unverified),format/extension only,added/custom content
Content/BigNiagaraBundle/NiagaraConstellations/Effects/NS_StarTrack_Medium.uasset,.uasset,1126874,BigNiagaraBundle,Unreal package (class unverified),format/extension only,added/custom content
Content/BigNiagaraBundle/NiagaraConstellations/Effects/NS_StarTrack_Slow.uasset,.uasset,921395,BigNiagaraBundle,Unreal package (class unverified),format/extension only,added/custom content
Content/BigNiagaraBundle/NiagaraConstellations/Effects/NS_StarTrackFast.uasset,.uasset,1221301,BigNiagaraBundle,Unreal package (class unverified),format/extension only,added/custom content
Content/BigNiagaraBundle/NiagaraConstellations/Effects/NS_Sun.uasset,.uasset,520349,BigNiagaraBundle,Unreal package (class unverified),format/extension only,added/custom content
Content/BigNiagaraBundle/NiagaraConstellations/Effects/NS_Taurus.uasset,.uasset,337200,BigNiagaraBundle,Unreal package (class unverified),format/extension only,added/custom content
Content/BigNiagaraBundle/NiagaraConstellations/Effects/NS_Universe.uasset,.uasset,4239787,BigNiagaraBundle,Unreal package (class unverified),format/extension only,added/custom content
Content/BigNiagaraBundle/NiagaraConstellations/Effects/NS_Universe_Movement.uasset,.uasset,4295129,BigNiagaraBundle,Unreal package (class unverified),format/extension only,added/custom content
Content/BigNiagaraBundle/NiagaraConstellations/Effects/NS_Universe_Movement2.uasset,.uasset,4239971,BigNiagaraBundle,Unreal package (class unverified),format/extension only,added/custom content
Content/BigNiagaraBundle/NiagaraConstellations/Map/Demo.umap,.umap,96663,BigNiagaraBundle,Unreal map (class unverified),format/extension only,added/custom content
Content/BigNiagaraBundle/NiagaraConstellations/Materials/M_Aquarius.uasset,.uasset,76393,BigNiagaraBundle,Unreal package (class unverified),format/extension only,added/custom content
Content/BigNiagaraBundle/NiagaraConstellations/Materials/M_Aries.uasset,.uasset,75720,BigNiagaraBundle,Unreal package (class unverified),format/extension only,added/custom content
Content/BigNiagaraBundle/NiagaraConstellations/Materials/M_BigDipper.uasset,.uasset,76614,BigNiagaraBundle,Unreal package (class unverified),format/extension only,added/custom content
Content/BigNiagaraBundle/NiagaraConstellations/Materials/M_Cancer.uasset,.uasset,75670,BigNiagaraBundle,Unreal package (class unverified),format/extension only,added/custom content
Content/BigNiagaraBundle/NiagaraConstellations/Materials/M_Capricorn.uasset,.uasset,76199,BigNiagaraBundle,Unreal package (class unverified),format/extension only,added/custom content
Content/BigNiagaraBundle/NiagaraConstellations/Materials/M_Galaxy.uasset,.uasset,81054,BigNiagaraBundle,Unreal package (class unverified),format/extension only,added/custom content
Content/BigNiagaraBundle/NiagaraConstellations/Materials/M_Gemini.uasset,.uasset,76382,BigNiagaraBundle,Unreal package (class unverified),format/extension only,added/custom content
Content/BigNiagaraBundle/NiagaraConstellations/Materials/M_Libra.uasset,.uasset,75746,BigNiagaraBundle,Unreal package (class unverified),format/extension only,added/custom content
Content/BigNiagaraBundle/NiagaraConstellations/Materials/M_Lion.uasset,.uasset,76072,BigNiagaraBundle,Unreal package (class unverified),format/extension only,added/custom content
Content/BigNiagaraBundle/NiagaraConstellations/Materials/M_Nebula.uasset,.uasset,76162,BigNiagaraBundle,Unreal package (class unverified),format/extension only,added/custom content
Content/BigNiagaraBundle/NiagaraConstellations/Materials/M_Nebula1.uasset,.uasset,81809,BigNiagaraBundle,Unreal package (class unverified),format/extension only,added/custom content
Content/BigNiagaraBundle/NiagaraConstellations/Materials/M_Orion.uasset,.uasset,77341,BigNiagaraBundle,Unreal package (class unverified),format/extension only,added/custom content
Content/BigNiagaraBundle/NiagaraConstellations/Materials/M_Pisces.uasset,.uasset,76576,BigNiagaraBundle,Unreal package (class unverified),format/extension only,added/custom content
Content/BigNiagaraBundle/NiagaraConstellations/Materials/M_Planet.uasset,.uasset,80565,BigNiagaraBundle,Unreal package (class unverified),format/extension only,added/custom content
Content/BigNiagaraBundle/NiagaraConstellations/Materials/M_Planet1.uasset,.uasset,79634,BigNiagaraBundle,Unreal package (class unverified),format/extension only,added/custom content
Content/BigNiagaraBundle/NiagaraConstellations/Materials/M_Sagittarius.uasset,.uasset,76369,BigNiagaraBundle,Unreal package (class unverified),format/extension only,added/custom content
Content/BigNiagaraBundle/NiagaraConstellations/Materials/M_Scorpio.uasset,.uasset,76577,BigNiagaraBundle,Unreal package (class unverified),format/extension only,added/custom content
Content/BigNiagaraBundle/NiagaraConstellations/Materials/M_SpriteBlack.uasset,.uasset,89221,BigNiagaraBundle,Unreal package (class unverified),format/extension only,added/custom content
Content/BigNiagaraBundle/NiagaraConstellations/Materials/M_Sun.uasset,.uasset,81817,BigNiagaraBundle,Unreal package (class unverified),format/extension only,added/custom content
Content/BigNiagaraBundle/NiagaraConstellations/Materials/M_Taurus.uasset,.uasset,76123,BigNiagaraBundle,Unreal package (class unverified),format/extension only,added/custom content
Content/BigNiagaraBundle/NiagaraConstellations/Textures/T_Aquarius.uasset,.uasset,86856,BigNiagaraBundle,Unreal package (class unverified),format/extension only,added/custom content
Content/BigNiagaraBundle/NiagaraConstellations/Textures/T_Aries.uasset,.uasset,62562,BigNiagaraBundle,Unreal package (class unverified),format/extension only,added/custom content
Content/BigNiagaraBundle/NiagaraConstellations/Textures/T_BigDipper.uasset,.uasset,50484,BigNiagaraBundle,Unreal package (class unverified),format/extension only,added/custom content
Content/BigNiagaraBundle/NiagaraConstellations/Textures/T_Cancer.uasset,.uasset,50389,BigNiagaraBundle,Unreal package (class unverified),format/extension only,added/custom content
Content/BigNiagaraBundle/NiagaraConstellations/Textures/T_Capricorn.uasset,.uasset,87515,BigNiagaraBundle,Unreal package (class unverified),format/extension only,added/custom content
Content/BigNiagaraBundle/NiagaraConstellations/Textures/T_Galaxy.uasset,.uasset,1505244,BigNiagaraBundle,Unreal package (class unverified),format/extension only,added/custom content
Content/BigNiagaraBundle/NiagaraConstellations/Textures/T_Gemini.uasset,.uasset,106368,BigNiagaraBundle,Unreal package (class unverified),format/extension only,added/custom content
Content/BigNiagaraBundle/NiagaraConstellations/Textures/T_Libra.uasset,.uasset,60689,BigNiagaraBundle,Unreal package (class unverified),format/extension only,added/custom content
Content/BigNiagaraBundle/NiagaraConstellations/Textures/T_Lion.uasset,.uasset,93422,BigNiagaraBundle,Unreal package (class unverified),format/extension only,added/custom content
Content/BigNiagaraBundle/NiagaraConstellations/Textures/T_Nebula.uasset,.uasset,459580,BigNiagaraBundle,Unreal package (class unverified),format/extension only,added/custom content
Content/BigNiagaraBundle/NiagaraConstellations/Textures/T_Nebula2.uasset,.uasset,1191310,BigNiagaraBundle,Unreal package (class unverified),format/extension only,added/custom content
Content/BigNiagaraBundle/NiagaraConstellations/Textures/T_Orion.uasset,.uasset,101727,BigNiagaraBundle,Unreal package (class unverified),format/extension only,added/custom content
Content/BigNiagaraBundle/NiagaraConstellations/Textures/T_Pisces.uasset,.uasset,103098,BigNiagaraBundle,Unreal package (class unverified),format/extension only,added/custom content
Content/BigNiagaraBundle/NiagaraConstellations/Textures/T_Planet.uasset,.uasset,393040,BigNiagaraBundle,Unreal package (class unverified),format/extension only,added/custom content
Content/BigNiagaraBundle/NiagaraConstellations/Textures/T_Planet2.uasset,.uasset,418416,BigNiagaraBundle,Unreal package (class unverified),format/extension only,added/custom content
Content/BigNiagaraBundle/NiagaraConstellations/Textures/T_Sagittarius.uasset,.uasset,92205,BigNiagaraBundle,Unreal package (class unverified),format/extension only,added/custom content
Content/BigNiagaraBundle/NiagaraConstellations/Textures/T_Scorpio.uasset,.uasset,85187,BigNiagaraBundle,Unreal package (class unverified),format/extension only,added/custom content
Content/BigNiagaraBundle/NiagaraConstellations/Textures/T_Sun.uasset,.uasset,1062701,BigNiagaraBundle,Unreal package (class unverified),format/extension only,added/custom content
Content/BigNiagaraBundle/NiagaraConstellations/Textures/T_Taurus.uasset,.uasset,74590,BigNiagaraBundle,Unreal package (class unverified),format/extension only,added/custom content
Content/BigNiagaraBundle/NiagaraEffectMix2/Effects/NS_Circular_Throbber.uasset,.uasset,308940,BigNiagaraBundle,Unreal package (class unverified),format/extension only,added/custom content
Content/BigNiagaraBundle/NiagaraEffectMix2/Effects/NS_Circular_Throbber2.uasset,.uasset,381020,BigNiagaraBundle,Unreal package (class unverified),format/extension only,added/custom content
Content/BigNiagaraBundle/NiagaraEffectMix2/Effects/NS_Circular_Throbber3.uasset,.uasset,393395,BigNiagaraBundle,Unreal package (class unverified),format/extension only,added/custom content
Content/BigNiagaraBundle/NiagaraEffectMix2/Effects/NS_Flame_Painter.uasset,.uasset,654530,BigNiagaraBundle,Unreal package (class unverified),format/extension only,added/custom content
Content/BigNiagaraBundle/NiagaraEffectMix2/Effects/NS_Flower_Geometry.uasset,.uasset,889575,BigNiagaraBundle,Unreal package (class unverified),format/extension only,added/custom content
Content/BigNiagaraBundle/NiagaraEffectMix2/Effects/NS_Flying_Trails.uasset,.uasset,979139,BigNiagaraBundle,Unreal package (class unverified),format/extension only,added/custom content
Content/BigNiagaraBundle/NiagaraEffectMix2/Effects/NS_GoldenCreature.uasset,.uasset,781468,BigNiagaraBundle,Unreal package (class unverified),format/extension only,added/custom content
Content/BigNiagaraBundle/NiagaraEffectMix2/Effects/NS_Impermanence.uasset,.uasset,957185,BigNiagaraBundle,Unreal package (class unverified),format/extension only,added/custom content
Content/BigNiagaraBundle/NiagaraEffectMix2/Effects/NS_NS_Spirits_of_Colors_Large.uasset,.uasset,943168,BigNiagaraBundle,Unreal package (class unverified),format/extension only,added/custom content
Content/BigNiagaraBundle/NiagaraEffectMix2/Effects/NS_Orb_and_Trails.uasset,.uasset,1317271,BigNiagaraBundle,Unreal package (class unverified),format/extension only,added/custom content
Content/BigNiagaraBundle/NiagaraEffectMix2/Effects/NS_ShockWave.uasset,.uasset,764391,BigNiagaraBundle,Unreal package (class unverified),format/extension only,added/custom content
Content/BigNiagaraBundle/NiagaraEffectMix2/Effects/NS_Spirits_of_Colors.uasset,.uasset,925058,BigNiagaraBundle,Unreal package (class unverified),format/extension only,added/custom content
Content/BigNiagaraBundle/NiagaraEffectMix2/Map/Demo.umap,.umap,35818,BigNiagaraBundle,Unreal map (class unverified),format/extension only,added/custom content
Content/BigNiagaraBundle/NiagaraEffectMix2/Materials/M_Fresnel.uasset,.uasset,77049,BigNiagaraBundle,Unreal package (class unverified),format/extension only,added/custom content
Content/BigNiagaraBundle/NiagaraEffectMix3/Effects/BlackEffects/NS_BlackRings.uasset,.uasset,1448487,BigNiagaraBundle,Unreal package (class unverified),format/extension only,added/custom content
Content/BigNiagaraBundle/NiagaraEffectMix3/Effects/BlackEffects/NS_DustActiveBlack.uasset,.uasset,440745,BigNiagaraBundle,Unreal package (class unverified),format/extension only,added/custom content
Content/BigNiagaraBundle/NiagaraEffectMix3/Effects/BlackEffects/NS_Old_Cartoon_Black.uasset,.uasset,621889,BigNiagaraBundle,Unreal package (class unverified),format/extension only,added/custom content
Content/BigNiagaraBundle/NiagaraEffectMix3/Effects/BlackEffects/NS_ParticleFlame_Black.uasset,.uasset,629694,BigNiagaraBundle,Unreal package (class unverified),format/extension only,added/custom content
Content/BigNiagaraBundle/NiagaraEffectMix3/Effects/BlackEffects/NS_PlasmaPshere_Black.uasset,.uasset,633277,BigNiagaraBundle,Unreal package (class unverified),format/extension only,added/custom content
Content/BigNiagaraBundle/NiagaraEffectMix3/Effects/BlackEffects/NS_PlasmaStructure_Black.uasset,.uasset,623695,BigNiagaraBundle,Unreal package (class unverified),format/extension only,added/custom content
Content/BigNiagaraBundle/NiagaraEffectMix3/Effects/BlackEffects/NS_RaySpiralBlack.uasset,.uasset,825984,BigNiagaraBundle,Unreal package (class unverified),format/extension only,added/custom content
Content/BigNiagaraBundle/NiagaraEffectMix3/Effects/BlackEffects/NS_RibbonBlack.uasset,.uasset,478307,BigNiagaraBundle,Unreal package (class unverified),format/extension only,added/custom content
Content/BigNiagaraBundle/NiagaraEffectMix3/Effects/BlackEffects/NS_RibbonSplash.uasset,.uasset,599833,BigNiagaraBundle,Unreal package (class unverified),format/extension only,added/custom content
Content/BigNiagaraBundle/NiagaraEffectMix3/Effects/BlackEffects/NS_RingGrowingBlack.uasset,.uasset,653768,BigNiagaraBundle,Unreal package (class unverified),format/extension only,added/custom content
Content/BigNiagaraBundle/NiagaraEffectMix3/Effects/NS_Dust.uasset,.uasset,283052,BigNiagaraBundle,Unreal package (class unverified),format/extension only,added/custom content
Content/BigNiagaraBundle/NiagaraEffectMix3/Effects/NS_Dust_Low.uasset,.uasset,283404,BigNiagaraBundle,Unreal package (class unverified),format/extension only,added/custom content
Content/BigNiagaraBundle/NiagaraEffectMix3/Effects/NS_DustActive.uasset,.uasset,285841,BigNiagaraBundle,Unreal package (class unverified),format/extension only,added/custom content
Content/BigNiagaraBundle/NiagaraEffectMix3/Effects/NS_DustLow_Active.uasset,.uasset,286110,BigNiagaraBundle,Unreal package (class unverified),format/extension only,added/custom content
Content/BigNiagaraBundle/NiagaraEffectMix3/Effects/NS_Number.uasset,.uasset,231255,BigNiagaraBundle,Unreal package (class unverified),format/extension only,added/custom content
Content/BigNiagaraBundle/NiagaraEffectMix3/Effects/NS_Numbers.uasset,.uasset,308596,BigNiagaraBundle,Unreal package (class unverified),format/extension only,added/custom content
Content/BigNiagaraBundle/NiagaraEffectMix3/Effects/NS_Numbers_Large.uasset,.uasset,774578,BigNiagaraBundle,Unreal package (class unverified),format/extension only,added/custom content
Content/BigNiagaraBundle/NiagaraEffectMix3/Effects/NS_Numbers_Sphere.uasset,.uasset,531979,BigNiagaraBundle,Unreal package (class unverified),format/extension only,added/custom content
Content/BigNiagaraBundle/NiagaraEffectMix3/Effects/NS_Numbers_Ticker.uasset,.uasset,409819,BigNiagaraBundle,Unreal package (class unverified),format/extension only,added/custom content
Content/BigNiagaraBundle/NiagaraEffectMix3/Effects/NS_NumbersAttack.uasset,.uasset,712522,BigNiagaraBundle,Unreal package (class unverified),format/extension only,added/custom content
Content/BigNiagaraBundle/NiagaraEffectMix3/Effects/NS_Old_Cartoon.uasset,.uasset,659146,BigNiagaraBundle,Unreal package (class unverified),format/extension only,added/custom content
Content/BigNiagaraBundle/NiagaraEffectMix3/Effects/NS_ParticleFlame.uasset,.uasset,986279,BigNiagaraBundle,Unreal package (class unverified),format/extension only,added/custom content
Content/BigNiagaraBundle/NiagaraEffectMix3/Effects/NS_PlasmaBlueWithRing.uasset,.uasset,778547,BigNiagaraBundle,Unreal package (class unverified),format/extension only,added/custom content
Content/BigNiagaraBundle/NiagaraEffectMix3/Effects/NS_PlasmaSphere.uasset,.uasset,892156,BigNiagaraBundle,Unreal package (class unverified),format/extension only,added/custom content
Content/BigNiagaraBundle/NiagaraEffectMix3/Effects/NS_PlasmaStructure.uasset,.uasset,1016691,BigNiagaraBundle,Unreal package (class unverified),format/extension only,added/custom content
Content/BigNiagaraBundle/NiagaraEffectMix3/Effects/NS_RaysSpiral.uasset,.uasset,823528,BigNiagaraBundle,Unreal package (class unverified),format/extension only,added/custom content
Content/BigNiagaraBundle/NiagaraEffectMix3/Effects/NS_RibbonBlue.uasset,.uasset,421377,BigNiagaraBundle,Unreal package (class unverified),format/extension only,added/custom content
Content/BigNiagaraBundle/NiagaraEffectMix3/Effects/NS_RibbonGreen.uasset,.uasset,427238,BigNiagaraBundle,Unreal package (class unverified),format/extension only,added/custom content
Content/BigNiagaraBundle/NiagaraEffectMix3/Effects/NS_RibbonSplash.uasset,.uasset,635450,BigNiagaraBundle,Unreal package (class unverified),format/extension only,added/custom content
Content/BigNiagaraBundle/NiagaraEffectMix3/Effects/NS_RibbonWhite.uasset,.uasset,415757,BigNiagaraBundle,Unreal package (class unverified),format/extension only,added/custom content
Content/BigNiagaraBundle/NiagaraEffectMix3/Effects/NS_Sun.uasset,.uasset,987458,BigNiagaraBundle,Unreal package (class unverified),format/extension only,added/custom content
Content/BigNiagaraBundle/NiagaraEffectMix3/Effects/NS_SunCrown.uasset,.uasset,823019,BigNiagaraBundle,Unreal package (class unverified),format/extension only,added/custom content
Content/BigNiagaraBundle/NiagaraEffectMix3/ExampleContent/SM_MaterialSphere.uasset,.uasset,122157,BigNiagaraBundle,Unreal package (class unverified),format/extension only,added/custom content
Content/BigNiagaraBundle/NiagaraEffectMix3/Map/Demo.umap,.umap,55592,BigNiagaraBundle,Unreal map (class unverified),format/extension only,added/custom content
Content/BigNiagaraBundle/NiagaraEffectMix3/Map/DemoBlack.umap,.umap,70130,BigNiagaraBundle,Unreal map (class unverified),format/extension only,added/custom content
Content/BigNiagaraBundle/NiagaraEffectMix3/Map/DemoBlack_BuiltData.uasset,.uasset,1651379,BigNiagaraBundle,Unreal package (class unverified),format/extension only,added/custom content
Content/BigNiagaraBundle/NiagaraEffectMix3/Materials/M_BlackHoleInnert.uasset,.uasset,78031,BigNiagaraBundle,Unreal package (class unverified),format/extension only,added/custom content
Content/BigNiagaraBundle/NiagaraEffectMix3/Materials/M_Noise.uasset,.uasset,133074,BigNiagaraBundle,Unreal package (class unverified),format/extension only,added/custom content
Content/BigNiagaraBundle/NiagaraEffectMix3/Materials/M_Numbers.uasset,.uasset,83866,BigNiagaraBundle,Unreal package (class unverified),format/extension only,added/custom content
Content/BigNiagaraBundle/NiagaraEffectMix3/Materials/M_Rays.uasset,.uasset,69361,BigNiagaraBundle,Unreal package (class unverified),format/extension only,added/custom content
Content/BigNiagaraBundle/NiagaraEffectMix3/Materials/MaterialInstances/MI_Noise.uasset,.uasset,127611,BigNiagaraBundle,Unreal package (class unverified),format/extension only,added/custom content
Content/BigNiagaraBundle/NiagaraEffectMix3/Materials/MaterialInstances/MI_Numbers.uasset,.uasset,78519,BigNiagaraBundle,Unreal package (class unverified),format/extension only,added/custom content
Content/BigNiagaraBundle/NiagaraEffectMix3/Textures/T_Numbers.uasset,.uasset,107571,BigNiagaraBundle,Unreal package (class unverified),format/extension only,added/custom content
Content/BigNiagaraBundle/NiagaraEffectMix4/Blueprints/BP_AbstractFigure.uasset,.uasset,26889,BigNiagaraBundle,Unreal package (class unverified),format/extension only,added/custom content
Content/BigNiagaraBundle/NiagaraEffectMix4/Blueprints/BP_ActiveAtom.uasset,.uasset,53319,BigNiagaraBundle,Unreal package (class unverified),format/extension only,added/custom content
Content/BigNiagaraBundle/NiagaraEffectMix4/Blueprints/BP_Jets.uasset,.uasset,52960,BigNiagaraBundle,Unreal package (class unverified),format/extension only,added/custom content
Content/BigNiagaraBundle/NiagaraEffectMix4/Blueprints/BP_NiagaraSplash.uasset,.uasset,53407,BigNiagaraBundle,Unreal package (class unverified),format/extension only,added/custom content
Content/BigNiagaraBundle/NiagaraEffectMix4/Blueprints/BP_RelativisticJet.uasset,.uasset,53438,BigNiagaraBundle,Unreal package (class unverified),format/extension only,added/custom content
Content/BigNiagaraBundle/NiagaraEffectMix4/Blueprints/BP_Rings.uasset,.uasset,53178,BigNiagaraBundle,Unreal package (class unverified),format/extension only,added/custom content
Content/BigNiagaraBundle/NiagaraEffectMix4/Blueprints/BP_VortexDoubleTorus.uasset,.uasset,53531,BigNiagaraBundle,Unreal package (class unverified),format/extension only,added/custom content
Content/BigNiagaraBundle/NiagaraEffectMix4/Effects/NS_AbstractFigure.uasset,.uasset,1993297,BigNiagaraBundle,Unreal package (class unverified),format/extension only,added/custom content
Content/BigNiagaraBundle/NiagaraEffectMix4/Effects/NS_ActiveAtom.uasset,.uasset,1629915,BigNiagaraBundle,Unreal package (class unverified),format/extension only,added/custom content
Content/BigNiagaraBundle/NiagaraEffectMix4/Effects/NS_ActiveCube.uasset,.uasset,678132,BigNiagaraBundle,Unreal package (class unverified),format/extension only,added/custom content
Content/BigNiagaraBundle/NiagaraEffectMix4/Effects/NS_Atom.uasset,.uasset,1365439,BigNiagaraBundle,Unreal package (class unverified),format/extension only,added/custom content
Content/BigNiagaraBundle/NiagaraEffectMix4/Effects/NS_Brama.uasset,.uasset,1066535,BigNiagaraBundle,Unreal package (class unverified),format/extension only,added/custom content
Content/BigNiagaraBundle/NiagaraEffectMix4/Effects/NS_Colors.uasset,.uasset,1401282,BigNiagaraBundle,Unreal package (class unverified),format/extension only,added/custom content
Content/BigNiagaraBundle/NiagaraEffectMix4/Effects/NS_ColorSemiSphere.uasset,.uasset,1538134,BigNiagaraBundle,Unreal package (class unverified),format/extension only,added/custom content
Content/BigNiagaraBundle/NiagaraEffectMix4/Effects/NS_ColorSphere.uasset,.uasset,2847823,BigNiagaraBundle,Unreal package (class unverified),format/extension only,added/custom content
Content/BigNiagaraBundle/NiagaraEffectMix4/Effects/NS_CylindricalImpulse.uasset,.uasset,566369,BigNiagaraBundle,Unreal package (class unverified),format/extension only,added/custom content
Content/BigNiagaraBundle/NiagaraEffectMix4/Effects/NS_GoldenCube.uasset,.uasset,813732,BigNiagaraBundle,Unreal package (class unverified),format/extension only,added/custom content
Content/BigNiagaraBundle/NiagaraEffectMix4/Effects/NS_GridCube.uasset,.uasset,892535,BigNiagaraBundle,Unreal package (class unverified),format/extension only,added/custom content
Content/BigNiagaraBundle/NiagaraEffectMix4/Effects/NS_GridFigure.uasset,.uasset,995081,BigNiagaraBundle,Unreal package (class unverified),format/extension only,added/custom content
Content/BigNiagaraBundle/NiagaraEffectMix4/Effects/NS_GridFigureVortex.uasset,.uasset,1163952,BigNiagaraBundle,Unreal package (class unverified),format/extension only,added/custom content
Content/BigNiagaraBundle/NiagaraEffectMix4/Effects/NS_Jets.uasset,.uasset,1126767,BigNiagaraBundle,Unreal package (class unverified),format/extension only,added/custom content
Content/BigNiagaraBundle/NiagaraEffectMix4/Effects/NS_LightDust.uasset,.uasset,478373,BigNiagaraBundle,Unreal package (class unverified),format/extension only,added/custom content
Content/BigNiagaraBundle/NiagaraEffectMix4/Effects/NS_NiagaraSplash.uasset,.uasset,1891543,BigNiagaraBundle,Unreal package (class unverified),format/extension only,added/custom content
Content/BigNiagaraBundle/NiagaraEffectMix4/Effects/NS_RelativisticJet.uasset,.uasset,1529700,BigNiagaraBundle,Unreal package (class unverified),format/extension only,added/custom content
Content/BigNiagaraBundle/NiagaraEffectMix4/Effects/NS_Rings.uasset,.uasset,1681017,BigNiagaraBundle,Unreal package (class unverified),format/extension only,added/custom content
Content/BigNiagaraBundle/NiagaraEffectMix4/Effects/NS_RotatingSphere.uasset,.uasset,883542,BigNiagaraBundle,Unreal package (class unverified),format/extension only,added/custom content
Content/BigNiagaraBundle/NiagaraEffectMix4/Effects/NS_RotatingSphereWithRings.uasset,.uasset,1090479,BigNiagaraBundle,Unreal package (class unverified),format/extension only,added/custom content
Content/BigNiagaraBundle/NiagaraEffectMix4/Effects/NS_SpaceAction.uasset,.uasset,1629255,BigNiagaraBundle,Unreal package (class unverified),format/extension only,added/custom content
Content/BigNiagaraBundle/NiagaraEffectMix4/Effects/NS_SparksSwarm.uasset,.uasset,465573,BigNiagaraBundle,Unreal package (class unverified),format/extension only,added/custom content
Content/BigNiagaraBundle/NiagaraEffectMix4/Effects/NS_SparksSwarmColor.uasset,.uasset,500924,BigNiagaraBundle,Unreal package (class unverified),format/extension only,added/custom content
Content/BigNiagaraBundle/NiagaraEffectMix4/Effects/NS_Vortex.uasset,.uasset,1108441,BigNiagaraBundle,Unreal package (class unverified),format/extension only,added/custom content
Content/BigNiagaraBundle/NiagaraEffectMix4/Effects/NS_VortexDoubleTorus.uasset,.uasset,1548413,BigNiagaraBundle,Unreal package (class unverified),format/extension only,added/custom content
Content/BigNiagaraBundle/NiagaraEffectMix4/Effects/NS_Whirlwinds.uasset,.uasset,1231489,BigNiagaraBundle,Unreal package (class unverified),format/extension only,added/custom content
Content/BigNiagaraBundle/NiagaraEffectMix4/Map/Demonstration.umap,.umap,62091,BigNiagaraBundle,Unreal map (class unverified),format/extension only,added/custom content
Content/BigNiagaraBundle/NiagaraEffectMix4/Map/DemonstrationBlueprints.umap,.umap,32884,BigNiagaraBundle,Unreal map (class unverified),format/extension only,added/custom content
Content/BigNiagaraBundle/NiagaraEffectsMix/Effects/NS_Chaos.uasset,.uasset,728768,BigNiagaraBundle,Unreal package (class unverified),format/extension only,added/custom content
Content/BigNiagaraBundle/NiagaraEffectsMix/Effects/NS_CosmicExplossive.uasset,.uasset,831729,BigNiagaraBundle,Unreal package (class unverified),format/extension only,added/custom content
Content/BigNiagaraBundle/NiagaraEffectsMix/Effects/NS_CreatureElegancy.uasset,.uasset,570693,BigNiagaraBundle,Unreal package (class unverified),format/extension only,added/custom content
Content/BigNiagaraBundle/NiagaraEffectsMix/Effects/NS_CreatureElegancy2.uasset,.uasset,649921,BigNiagaraBundle,Unreal package (class unverified),format/extension only,added/custom content
Content/BigNiagaraBundle/NiagaraEffectsMix/Effects/NS_Cubs.uasset,.uasset,601480,BigNiagaraBundle,Unreal package (class unverified),format/extension only,added/custom content
Content/BigNiagaraBundle/NiagaraEffectsMix/Effects/NS_CubsHeart.uasset,.uasset,418923,BigNiagaraBundle,Unreal package (class unverified),format/extension only,added/custom content
Content/BigNiagaraBundle/NiagaraEffectsMix/Effects/NS_EnergyLife.uasset,.uasset,596812,BigNiagaraBundle,Unreal package (class unverified),format/extension only,added/custom content
Content/BigNiagaraBundle/NiagaraEffectsMix/Effects/NS_Flux.uasset,.uasset,845784,BigNiagaraBundle,Unreal package (class unverified),format/extension only,added/custom content
Content/BigNiagaraBundle/NiagaraEffectsMix/ExampleContent/StarterContent/Materials/M_Basic_Wall.uasset,.uasset,73372,BigNiagaraBundle,Unreal package (class unverified),format/extension only,added/custom content
Content/BigNiagaraBundle/NiagaraEffectsMix/ExampleContent/StarterContent/Materials/M_Metal_Burnished_Steel.uasset,.uasset,89130,BigNiagaraBundle,Unreal package (class unverified),format/extension only,added/custom content
Content/BigNiagaraBundle/NiagaraEffectsMix/ExampleContent/StarterContent/Shapes/SM_Shape_Cube.uasset,.uasset,89405,BigNiagaraBundle,Unreal package (class unverified),format/extension only,added/custom content
Content/BigNiagaraBundle/NiagaraEffectsMix/ExampleContent/StarterContent/Textures/T_MacroVariation.uasset,.uasset,10124687,BigNiagaraBundle,Unreal package (class unverified),format/extension only,added/custom content
Content/BigNiagaraBundle/NiagaraEffectsMix/ExampleContent/StarterContent/Textures/T_Metal_Aluminum_D.uasset,.uasset,9760333,BigNiagaraBundle,Unreal package (class unverified),format/extension only,added/custom content
Content/BigNiagaraBundle/NiagaraEffectsMix/ExampleContent/StarterContent/Textures/T_Metal_Gold_N.uasset,.uasset,3023600,BigNiagaraBundle,Unreal package (class unverified),format/extension only,added/custom content
Content/BigNiagaraBundle/NiagaraEffectsMix/Map/Demo.umap,.umap,32171,BigNiagaraBundle,Unreal map (class unverified),format/extension only,added/custom content
Content/BigNiagaraBundle/NiagaraEffectsMix/Material/M_ParticleColor.uasset,.uasset,67731,BigNiagaraBundle,Unreal package (class unverified),format/extension only,added/custom content
Content/BigNiagaraBundle/NiagaraHologramPack/Blueprints/BP_City.uasset,.uasset,54341,BigNiagaraBundle,Unreal package (class unverified),format/extension only,added/custom content
Content/BigNiagaraBundle/NiagaraHologramPack/Blueprints/BP_DNA.uasset,.uasset,36438,BigNiagaraBundle,Unreal package (class unverified),format/extension only,added/custom content
Content/BigNiagaraBundle/NiagaraHologramPack/Blueprints/BP_Earch.uasset,.uasset,64224,BigNiagaraBundle,Unreal package (class unverified),format/extension only,added/custom content
Content/BigNiagaraBundle/NiagaraHologramPack/Blueprints/BP_HologramCombine.uasset,.uasset,45132,BigNiagaraBundle,Unreal package (class unverified),format/extension only,added/custom content
Content/BigNiagaraBundle/NiagaraHologramPack/Blueprints/BP_HologramCombine1.uasset,.uasset,44908,BigNiagaraBundle,Unreal package (class unverified),format/extension only,added/custom content
Content/BigNiagaraBundle/NiagaraHologramPack/Blueprints/BP_HologramCombine2.uasset,.uasset,45932,BigNiagaraBundle,Unreal package (class unverified),format/extension only,added/custom content
Content/BigNiagaraBundle/NiagaraHologramPack/Blueprints/BP_Lanscape.uasset,.uasset,36701,BigNiagaraBundle,Unreal package (class unverified),format/extension only,added/custom content
Content/BigNiagaraBundle/NiagaraHologramPack/Blueprints/BP_SolarSystem.uasset,.uasset,37935,BigNiagaraBundle,Unreal package (class unverified),format/extension only,added/custom content
Content/BigNiagaraBundle/NiagaraHologramPack/Blueprints/BP_SolarSystem2.uasset,.uasset,37448,BigNiagaraBundle,Unreal package (class unverified),format/extension only,added/custom content
Content/BigNiagaraBundle/NiagaraHologramPack/Effects/NS_Atom.uasset,.uasset,441647,BigNiagaraBundle,Unreal package (class unverified),format/extension only,added/custom content
Content/BigNiagaraBundle/NiagaraHologramPack/Effects/NS_Brain.uasset,.uasset,624583,BigNiagaraBundle,Unreal package (class unverified),format/extension only,added/custom content
Content/BigNiagaraBundle/NiagaraHologramPack/Effects/NS_CityHologramm.uasset,.uasset,628351,BigNiagaraBundle,Unreal package (class unverified),format/extension only,added/custom content
Content/BigNiagaraBundle/NiagaraHologramPack/Effects/NS_CityHologrammCombine.uasset,.uasset,1119934,BigNiagaraBundle,Unreal package (class unverified),format/extension only,added/custom content
Content/BigNiagaraBundle/NiagaraHologramPack/Effects/NS_CylindrDecor.uasset,.uasset,1324689,BigNiagaraBundle,Unreal package (class unverified),format/extension only,added/custom content
Content/BigNiagaraBundle/NiagaraHologramPack/Effects/NS_DNA.uasset,.uasset,453928,BigNiagaraBundle,Unreal package (class unverified),format/extension only,added/custom content
Content/BigNiagaraBundle/NiagaraHologramPack/Effects/NS_Dodecahedron.uasset,.uasset,543254,BigNiagaraBundle,Unreal package (class unverified),format/extension only,added/custom content
Content/BigNiagaraBundle/NiagaraHologramPack/Effects/NS_Earth.uasset,.uasset,613932,BigNiagaraBundle,Unreal package (class unverified),format/extension only,added/custom content
Content/BigNiagaraBundle/NiagaraHologramPack/Effects/NS_HologramCylinder.uasset,.uasset,960007,BigNiagaraBundle,Unreal package (class unverified),format/extension only,added/custom content
Content/BigNiagaraBundle/NiagaraHologramPack/Effects/NS_HologramCylindrBig.uasset,.uasset,870027,BigNiagaraBundle,Unreal package (class unverified),format/extension only,added/custom content
Content/BigNiagaraBundle/NiagaraHologramPack/Effects/NS_Landcape.uasset,.uasset,936069,BigNiagaraBundle,Unreal package (class unverified),format/extension only,added/custom content
Content/BigNiagaraBundle/NiagaraHologramPack/Effects/NS_Landscape2.uasset,.uasset,841933,BigNiagaraBundle,Unreal package (class unverified),format/extension only,added/custom content
Content/BigNiagaraBundle/NiagaraHologramPack/Effects/NS_Noise.uasset,.uasset,344804,BigNiagaraBundle,Unreal package (class unverified),format/extension only,added/custom content
Content/BigNiagaraBundle/NiagaraHologramPack/Effects/NS_Octagon.uasset,.uasset,465421,BigNiagaraBundle,Unreal package (class unverified),format/extension only,added/custom content
Content/BigNiagaraBundle/NiagaraHologramPack/Effects/NS_ParticlesCloud.uasset,.uasset,687389,BigNiagaraBundle,Unreal package (class unverified),format/extension only,added/custom content
Content/BigNiagaraBundle/NiagaraHologramPack/Effects/NS_Ring.uasset,.uasset,328741,BigNiagaraBundle,Unreal package (class unverified),format/extension only,added/custom content
Content/BigNiagaraBundle/NiagaraHologramPack/Effects/NS_SolarSystem.uasset,.uasset,452874,BigNiagaraBundle,Unreal package (class unverified),format/extension only,added/custom content
Content/BigNiagaraBundle/NiagaraHologramPack/Effects/NS_SolarSystemPattern.uasset,.uasset,837944,BigNiagaraBundle,Unreal package (class unverified),format/extension only,added/custom content
Content/BigNiagaraBundle/NiagaraHologramPack/Effects/NS_SolarSystemPattern2.uasset,.uasset,629664,BigNiagaraBundle,Unreal package (class unverified),format/extension only,added/custom content
Content/BigNiagaraBundle/NiagaraHologramPack/Effects/NS_SolarSystemWithOrbits.uasset,.uasset,531533,BigNiagaraBundle,Unreal package (class unverified),format/extension only,added/custom content
Content/BigNiagaraBundle/NiagaraHologramPack/Maps/DemoBlueprints.umap,.umap,39809,BigNiagaraBundle,Unreal map (class unverified),format/extension only,added/custom content
Content/BigNiagaraBundle/NiagaraHologramPack/Maps/DemoEffects.umap,.umap,53377,BigNiagaraBundle,Unreal map (class unverified),format/extension only,added/custom content
Content/BigNiagaraBundle/NiagaraHologramPack/Meshes/SM_Atom.uasset,.uasset,382687,BigNiagaraBundle,Unreal package (class unverified),format/extension only,added/custom content
Content/BigNiagaraBundle/NiagaraHologramPack/Meshes/SM_Brain.uasset,.uasset,393027,BigNiagaraBundle,Unreal package (class unverified),format/extension only,added/custom content
Content/BigNiagaraBundle/NiagaraHologramPack/Meshes/SM_City.uasset,.uasset,145732,BigNiagaraBundle,Unreal package (class unverified),format/extension only,added/custom content
Content/BigNiagaraBundle/NiagaraHologramPack/Meshes/SM_City2.uasset,.uasset,159395,BigNiagaraBundle,Unreal package (class unverified),format/extension only,added/custom content
Content/BigNiagaraBundle/NiagaraHologramPack/Meshes/SM_DNA.uasset,.uasset,773012,BigNiagaraBundle,Unreal package (class unverified),format/extension only,added/custom content
Content/BigNiagaraBundle/NiagaraHologramPack/Meshes/SM_Dodecahedron.uasset,.uasset,99967,BigNiagaraBundle,Unreal package (class unverified),format/extension only,added/custom content
Content/BigNiagaraBundle/NiagaraHologramPack/Meshes/SM_Earth.uasset,.uasset,940372,BigNiagaraBundle,Unreal package (class unverified),format/extension only,added/custom content
Content/BigNiagaraBundle/NiagaraHologramPack/Meshes/SM_Landscape.uasset,.uasset,7600640,BigNiagaraBundle,Unreal package (class unverified),format/extension only,added/custom content
Content/BigNiagaraBundle/NiagaraHologramPack/Meshes/SM_Landscape2.uasset,.uasset,7826507,BigNiagaraBundle,Unreal package (class unverified),format/extension only,added/custom content
Content/BigNiagaraBundle/NiagaraHologramPack/Meshes/SM_Octagon.uasset,.uasset,97397,BigNiagaraBundle,Unreal package (class unverified),format/extension only,added/custom content
Content/BigNiagaraBundle/NiagaraHologramPack/Meshes/SM_SolarSystem.uasset,.uasset,451171,BigNiagaraBundle,Unreal package (class unverified),format/extension only,added/custom content
Content/BigNiagaraBundle/NiagaraHologramPack/Meshes/SM_SolarSystem2.uasset,.uasset,257918,BigNiagaraBundle,Unreal package (class unverified),format/extension only,added/custom content
Content/BigNiagaraBundle/NiagaraSymbols/Effects/Alphabet/NS_A.uasset,.uasset,793007,BigNiagaraBundle,Unreal package (class unverified),format/extension only,added/custom content
Content/BigNiagaraBundle/NiagaraSymbols/Effects/Alphabet/NS_B.uasset,.uasset,767250,BigNiagaraBundle,Unreal package (class unverified),format/extension only,added/custom content
Content/BigNiagaraBundle/NiagaraSymbols/Effects/Alphabet/NS_C.uasset,.uasset,775284,BigNiagaraBundle,Unreal package (class unverified),format/extension only,added/custom content
Content/BigNiagaraBundle/NiagaraSymbols/Effects/Alphabet/NS_D.uasset,.uasset,878904,BigNiagaraBundle,Unreal package (class unverified),format/extension only,added/custom content
Content/BigNiagaraBundle/NiagaraSymbols/Effects/Alphabet/NS_E.uasset,.uasset,780843,BigNiagaraBundle,Unreal package (class unverified),format/extension only,added/custom content
Content/BigNiagaraBundle/NiagaraSymbols/Effects/Alphabet/NS_F.uasset,.uasset,754881,BigNiagaraBundle,Unreal package (class unverified),format/extension only,added/custom content
Content/BigNiagaraBundle/NiagaraSymbols/Effects/Alphabet/NS_G.uasset,.uasset,812426,BigNiagaraBundle,Unreal package (class unverified),format/extension only,added/custom content
Content/BigNiagaraBundle/NiagaraSymbols/Effects/Alphabet/NS_H.uasset,.uasset,725590,BigNiagaraBundle,Unreal package (class unverified),format/extension only,added/custom content
Content/BigNiagaraBundle/NiagaraSymbols/Effects/Alphabet/NS_I.uasset,.uasset,712221,BigNiagaraBundle,Unreal package (class unverified),format/extension only,added/custom content
Content/BigNiagaraBundle/NiagaraSymbols/Effects/Alphabet/NS_J.uasset,.uasset,784892,BigNiagaraBundle,Unreal package (class unverified),format/extension only,added/custom content
Content/BigNiagaraBundle/NiagaraSymbols/Effects/Alphabet/NS_K.uasset,.uasset,781338,BigNiagaraBundle,Unreal package (class unverified),format/extension only,added/custom content
Content/BigNiagaraBundle/NiagaraSymbols/Effects/Alphabet/NS_L.uasset,.uasset,746484,BigNiagaraBundle,Unreal package (class unverified),format/extension only,added/custom content
Content/BigNiagaraBundle/NiagaraSymbols/Effects/Alphabet/NS_M.uasset,.uasset,824814,BigNiagaraBundle,Unreal package (class unverified),format/extension only,added/custom content
Content/BigNiagaraBundle/NiagaraSymbols/Effects/Alphabet/NS_N.uasset,.uasset,761505,BigNiagaraBundle,Unreal package (class unverified),format/extension only,added/custom content
Content/BigNiagaraBundle/NiagaraSymbols/Effects/Alphabet/NS_O.uasset,.uasset,772708,BigNiagaraBundle,Unreal package (class unverified),format/extension only,added/custom content
Content/BigNiagaraBundle/NiagaraSymbols/Effects/Alphabet/NS_P.uasset,.uasset,814041,BigNiagaraBundle,Unreal package (class unverified),format/extension only,added/custom content
Content/BigNiagaraBundle/NiagaraSymbols/Effects/Alphabet/NS_Q.uasset,.uasset,772516,BigNiagaraBundle,Unreal package (class unverified),format/extension only,added/custom content
Content/BigNiagaraBundle/NiagaraSymbols/Effects/Alphabet/NS_R.uasset,.uasset,772684,BigNiagaraBundle,Unreal package (class unverified),format/extension only,added/custom content
Content/BigNiagaraBundle/NiagaraSymbols/Effects/Alphabet/NS_S.uasset,.uasset,794556,BigNiagaraBundle,Unreal package (class unverified),format/extension only,added/custom content
Content/BigNiagaraBundle/NiagaraSymbols/Effects/Alphabet/NS_T.uasset,.uasset,842977,BigNiagaraBundle,Unreal package (class unverified),format/extension only,added/custom content
Content/BigNiagaraBundle/NiagaraSymbols/Effects/Alphabet/NS_U.uasset,.uasset,792504,BigNiagaraBundle,Unreal package (class unverified),format/extension only,added/custom content
Content/BigNiagaraBundle/NiagaraSymbols/Effects/Alphabet/NS_V.uasset,.uasset,829404,BigNiagaraBundle,Unreal package (class unverified),format/extension only,added/custom content
Content/BigNiagaraBundle/NiagaraSymbols/Effects/Alphabet/NS_W.uasset,.uasset,789016,BigNiagaraBundle,Unreal package (class unverified),format/extension only,added/custom content
Content/BigNiagaraBundle/NiagaraSymbols/Effects/Alphabet/NS_X.uasset,.uasset,786202,BigNiagaraBundle,Unreal package (class unverified),format/extension only,added/custom content
Content/BigNiagaraBundle/NiagaraSymbols/Effects/Alphabet/NS_Y.uasset,.uasset,817731,BigNiagaraBundle,Unreal package (class unverified),format/extension only,added/custom content
Content/BigNiagaraBundle/NiagaraSymbols/Effects/Alphabet/NS_Z.uasset,.uasset,760317,BigNiagaraBundle,Unreal package (class unverified),format/extension only,added/custom content
Content/BigNiagaraBundle/NiagaraSymbols/Effects/Alphabet/Offset/NS_A_Offset.uasset,.uasset,795936,BigNiagaraBundle,Unreal package (class unverified),format/extension only,added/custom content
Content/BigNiagaraBundle/NiagaraSymbols/Effects/Alphabet/Offset/NS_B_Offset.uasset,.uasset,819297,BigNiagaraBundle,Unreal package (class unverified),format/extension only,added/custom content
Content/BigNiagaraBundle/NiagaraSymbols/Effects/Alphabet/Offset/NS_C_Offset.uasset,.uasset,813554,BigNiagaraBundle,Unreal package (class unverified),format/extension only,added/custom content
Content/BigNiagaraBundle/NiagaraSymbols/Effects/Alphabet/Offset/NS_D_Offset.uasset,.uasset,827034,BigNiagaraBundle,Unreal package (class unverified),format/extension only,added/custom content
Content/BigNiagaraBundle/NiagaraSymbols/Effects/Alphabet/Offset/NS_E_Offset.uasset,.uasset,815537,BigNiagaraBundle,Unreal package (class unverified),format/extension only,added/custom content
Content/BigNiagaraBundle/NiagaraSymbols/Effects/Alphabet/Offset/NS_F_Offset.uasset,.uasset,781317,BigNiagaraBundle,Unreal package (class unverified),format/extension only,added/custom content
Content/BigNiagaraBundle/NiagaraSymbols/Effects/Alphabet/Offset/NS_G_Offset.uasset,.uasset,816606,BigNiagaraBundle,Unreal package (class unverified),format/extension only,added/custom content
Content/BigNiagaraBundle/NiagaraSymbols/Effects/Alphabet/Offset/NS_H_Offset.uasset,.uasset,810589,BigNiagaraBundle,Unreal package (class unverified),format/extension only,added/custom content
Content/BigNiagaraBundle/NiagaraSymbols/Effects/Alphabet/Offset/NS_I_Offset.uasset,.uasset,770713,BigNiagaraBundle,Unreal package (class unverified),format/extension only,added/custom content
Content/BigNiagaraBundle/NiagaraSymbols/Effects/Alphabet/Offset/NS_J_Offset.uasset,.uasset,771119,BigNiagaraBundle,Unreal package (class unverified),format/extension only,added/custom content
Content/BigNiagaraBundle/NiagaraSymbols/Effects/Alphabet/Offset/NS_K_Offset.uasset,.uasset,792782,BigNiagaraBundle,Unreal package (class unverified),format/extension only,added/custom content
Content/BigNiagaraBundle/NiagaraSymbols/Effects/Alphabet/Offset/NS_L_Offset.uasset,.uasset,778091,BigNiagaraBundle,Unreal package (class unverified),format/extension only,added/custom content
Content/BigNiagaraBundle/NiagaraSymbols/Effects/Alphabet/Offset/NS_M_Offset.uasset,.uasset,753736,BigNiagaraBundle,Unreal package (class unverified),format/extension only,added/custom content
Content/BigNiagaraBundle/NiagaraSymbols/Effects/Alphabet/Offset/NS_N_Offset.uasset,.uasset,846441,BigNiagaraBundle,Unreal package (class unverified),format/extension only,added/custom content
Content/BigNiagaraBundle/NiagaraSymbols/Effects/Alphabet/Offset/NS_O_Offset.uasset,.uasset,899824,BigNiagaraBundle,Unreal package (class unverified),format/extension only,added/custom content
Content/BigNiagaraBundle/NiagaraSymbols/Effects/Alphabet/Offset/NS_P_Offset.uasset,.uasset,856120,BigNiagaraBundle,Unreal package (class unverified),format/extension only,added/custom content
Content/BigNiagaraBundle/NiagaraSymbols/Effects/Alphabet/Offset/NS_Q_Offset.uasset,.uasset,830042,BigNiagaraBundle,Unreal package (class unverified),format/extension only,added/custom content
Content/BigNiagaraBundle/NiagaraSymbols/Effects/Alphabet/Offset/NS_R_Offset.uasset,.uasset,798240,BigNiagaraBundle,Unreal package (class unverified),format/extension only,added/custom content
Content/BigNiagaraBundle/NiagaraSymbols/Effects/Alphabet/Offset/NS_S_Offset.uasset,.uasset,812261,BigNiagaraBundle,Unreal package (class unverified),format/extension only,added/custom content
Content/BigNiagaraBundle/NiagaraSymbols/Effects/Alphabet/Offset/NS_T_Offset.uasset,.uasset,781335,BigNiagaraBundle,Unreal package (class unverified),format/extension only,added/custom content
Content/BigNiagaraBundle/NiagaraSymbols/Effects/Alphabet/Offset/NS_U_Offset.uasset,.uasset,870653,BigNiagaraBundle,Unreal package (class unverified),format/extension only,added/custom content
Content/BigNiagaraBundle/NiagaraSymbols/Effects/Alphabet/Offset/NS_V_Offset.uasset,.uasset,839265,BigNiagaraBundle,Unreal package (class unverified),format/extension only,added/custom content
Content/BigNiagaraBundle/NiagaraSymbols/Effects/Alphabet/Offset/NS_W_Offst.uasset,.uasset,862176,BigNiagaraBundle,Unreal package (class unverified),format/extension only,added/custom content
Content/BigNiagaraBundle/NiagaraSymbols/Effects/Alphabet/Offset/NS_X_Offset.uasset,.uasset,863706,BigNiagaraBundle,Unreal package (class unverified),format/extension only,added/custom content
Content/BigNiagaraBundle/NiagaraSymbols/Effects/Alphabet/Offset/NS_Y_Offset.uasset,.uasset,830351,BigNiagaraBundle,Unreal package (class unverified),format/extension only,added/custom content
Content/BigNiagaraBundle/NiagaraSymbols/Effects/Alphabet/Offset/NS_Z_Offset.uasset,.uasset,834439,BigNiagaraBundle,Unreal package (class unverified),format/extension only,added/custom content
Content/BigNiagaraBundle/NiagaraSymbols/Effects/Numbers/NS_0.uasset,.uasset,808708,BigNiagaraBundle,Unreal package (class unverified),format/extension only,added/custom content
Content/BigNiagaraBundle/NiagaraSymbols/Effects/Numbers/NS_1.uasset,.uasset,814541,BigNiagaraBundle,Unreal package (class unverified),format/extension only,added/custom content
Content/BigNiagaraBundle/NiagaraSymbols/Effects/Numbers/NS_2.uasset,.uasset,825133,BigNiagaraBundle,Unreal package (class unverified),format/extension only,added/custom content
Content/BigNiagaraBundle/NiagaraSymbols/Effects/Numbers/NS_3.uasset,.uasset,793433,BigNiagaraBundle,Unreal package (class unverified),format/extension only,added/custom content
Content/BigNiagaraBundle/NiagaraSymbols/Effects/Numbers/NS_4.uasset,.uasset,824519,BigNiagaraBundle,Unreal package (class unverified),format/extension only,added/custom content
Content/BigNiagaraBundle/NiagaraSymbols/Effects/Numbers/NS_5.uasset,.uasset,802684,BigNiagaraBundle,Unreal package (class unverified),format/extension only,added/custom content
Content/BigNiagaraBundle/NiagaraSymbols/Effects/Numbers/NS_6.uasset,.uasset,780693,BigNiagaraBundle,Unreal package (class unverified),format/extension only,added/custom content
Content/BigNiagaraBundle/NiagaraSymbols/Effects/Numbers/NS_7.uasset,.uasset,830566,BigNiagaraBundle,Unreal package (class unverified),format/extension only,added/custom content
Content/BigNiagaraBundle/NiagaraSymbols/Effects/Numbers/NS_8.uasset,.uasset,841824,BigNiagaraBundle,Unreal package (class unverified),format/extension only,added/custom content
Content/BigNiagaraBundle/NiagaraSymbols/Effects/Numbers/NS_9.uasset,.uasset,842709,BigNiagaraBundle,Unreal package (class unverified),format/extension only,added/custom content
Content/BigNiagaraBundle/NiagaraSymbols/Effects/Numbers/Offset/NS_0_Offset.uasset,.uasset,846403,BigNiagaraBundle,Unreal package (class unverified),format/extension only,added/custom content
Content/BigNiagaraBundle/NiagaraSymbols/Effects/Numbers/Offset/NS_1_Offset.uasset,.uasset,857617,BigNiagaraBundle,Unreal package (class unverified),format/extension only,added/custom content
Content/BigNiagaraBundle/NiagaraSymbols/Effects/Numbers/Offset/NS_2_Offset.uasset,.uasset,889875,BigNiagaraBundle,Unreal package (class unverified),format/extension only,added/custom content
Content/BigNiagaraBundle/NiagaraSymbols/Effects/Numbers/Offset/NS_3_Offset.uasset,.uasset,809892,BigNiagaraBundle,Unreal package (class unverified),format/extension only,added/custom content
Content/BigNiagaraBundle/NiagaraSymbols/Effects/Numbers/Offset/NS_4_Offset.uasset,.uasset,840199,BigNiagaraBundle,Unreal package (class unverified),format/extension only,added/custom content
Content/BigNiagaraBundle/NiagaraSymbols/Effects/Numbers/Offset/NS_5_Offset.uasset,.uasset,857282,BigNiagaraBundle,Unreal package (class unverified),format/extension only,added/custom content
Content/BigNiagaraBundle/NiagaraSymbols/Effects/Numbers/Offset/NS_6_Offset.uasset,.uasset,853157,BigNiagaraBundle,Unreal package (class unverified),format/extension only,added/custom content
Content/BigNiagaraBundle/NiagaraSymbols/Effects/Numbers/Offset/NS_7_Offset.uasset,.uasset,812640,BigNiagaraBundle,Unreal package (class unverified),format/extension only,added/custom content
Content/BigNiagaraBundle/NiagaraSymbols/Effects/Numbers/Offset/NS_8_Offset.uasset,.uasset,862002,BigNiagaraBundle,Unreal package (class unverified),format/extension only,added/custom content
Content/BigNiagaraBundle/NiagaraSymbols/Effects/Numbers/Offset/NS_9_Offset.uasset,.uasset,858364,BigNiagaraBundle,Unreal package (class unverified),format/extension only,added/custom content
Content/BigNiagaraBundle/NiagaraSymbols/Effects/Runes/NS_Algiz.uasset,.uasset,953974,BigNiagaraBundle,Unreal package (class unverified),format/extension only,added/custom content
Content/BigNiagaraBundle/NiagaraSymbols/Effects/Runes/NS_Ansuz.uasset,.uasset,1138356,BigNiagaraBundle,Unreal package (class unverified),format/extension only,added/custom content
Content/BigNiagaraBundle/NiagaraSymbols/Effects/Runes/NS_Berkana.uasset,.uasset,869264,BigNiagaraBundle,Unreal package (class unverified),format/extension only,added/custom content
Content/BigNiagaraBundle/NiagaraSymbols/Effects/Runes/NS_Dagaz.uasset,.uasset,924968,BigNiagaraBundle,Unreal package (class unverified),format/extension only,added/custom content
Content/BigNiagaraBundle/NiagaraSymbols/Effects/Runes/NS_Ehwaz.uasset,.uasset,985026,BigNiagaraBundle,Unreal package (class unverified),format/extension only,added/custom content
Content/BigNiagaraBundle/NiagaraSymbols/Effects/Runes/NS_Eihwaz.uasset,.uasset,938825,BigNiagaraBundle,Unreal package (class unverified),format/extension only,added/custom content
Content/BigNiagaraBundle/NiagaraSymbols/Effects/Runes/NS_Fehu.uasset,.uasset,877395,BigNiagaraBundle,Unreal package (class unverified),format/extension only,added/custom content
Content/BigNiagaraBundle/NiagaraSymbols/Effects/Runes/NS_Gebo.uasset,.uasset,883362,BigNiagaraBundle,Unreal package (class unverified),format/extension only,added/custom content
Content/BigNiagaraBundle/NiagaraSymbols/Effects/Runes/NS_Hagalaz.uasset,.uasset,864798,BigNiagaraBundle,Unreal package (class unverified),format/extension only,added/custom content
Content/BigNiagaraBundle/NiagaraSymbols/Effects/Runes/NS_Inguz.uasset,.uasset,995184,BigNiagaraBundle,Unreal package (class unverified),format/extension only,added/custom content
Content/BigNiagaraBundle/NiagaraSymbols/Effects/Runes/NS_Isa.uasset,.uasset,734867,BigNiagaraBundle,Unreal package (class unverified),format/extension only,added/custom content
Content/BigNiagaraBundle/NiagaraSymbols/Effects/Runes/NS_Jera.uasset,.uasset,869847,BigNiagaraBundle,Unreal package (class unverified),format/extension only,added/custom content
Content/BigNiagaraBundle/NiagaraSymbols/Effects/Runes/NS_Kaunan.uasset,.uasset,914013,BigNiagaraBundle,Unreal package (class unverified),format/extension only,added/custom content
Content/BigNiagaraBundle/NiagaraSymbols/Effects/Runes/NS_Laguz.uasset,.uasset,875670,BigNiagaraBundle,Unreal package (class unverified),format/extension only,added/custom content
Content/BigNiagaraBundle/NiagaraSymbols/Effects/Runes/NS_Mannaz.uasset,.uasset,849911,BigNiagaraBundle,Unreal package (class unverified),format/extension only,added/custom content
Content/BigNiagaraBundle/NiagaraSymbols/Effects/Runes/NS_Nauthis.uasset,.uasset,909106,BigNiagaraBundle,Unreal package (class unverified),format/extension only,added/custom content
Content/BigNiagaraBundle/NiagaraSymbols/Effects/Runes/NS_Othila.uasset,.uasset,967540,BigNiagaraBundle,Unreal package (class unverified),format/extension only,added/custom content
Content/BigNiagaraBundle/NiagaraSymbols/Effects/Runes/NS_Pertho.uasset,.uasset,799851,BigNiagaraBundle,Unreal package (class unverified),format/extension only,added/custom content
Content/BigNiagaraBundle/NiagaraSymbols/Effects/Runes/NS_Raido.uasset,.uasset,836486,BigNiagaraBundle,Unreal package (class unverified),format/extension only,added/custom content
Content/BigNiagaraBundle/NiagaraSymbols/Effects/Runes/NS_Sowulo.uasset,.uasset,888961,BigNiagaraBundle,Unreal package (class unverified),format/extension only,added/custom content
Content/BigNiagaraBundle/NiagaraSymbols/Effects/Runes/NS_Teiwaz.uasset,.uasset,898663,BigNiagaraBundle,Unreal package (class unverified),format/extension only,added/custom content
Content/BigNiagaraBundle/NiagaraSymbols/Effects/Runes/NS_Thurisaz.uasset,.uasset,897954,BigNiagaraBundle,Unreal package (class unverified),format/extension only,added/custom content
Content/BigNiagaraBundle/NiagaraSymbols/Effects/Runes/NS_Uruz.uasset,.uasset,935156,BigNiagaraBundle,Unreal package (class unverified),format/extension only,added/custom content
Content/BigNiagaraBundle/NiagaraSymbols/Effects/Runes/NS_Wunjo.uasset,.uasset,867636,BigNiagaraBundle,Unreal package (class unverified),format/extension only,added/custom content
Content/BigNiagaraBundle/NiagaraSymbols/Effects/Runes/Offset/NS_Algiz_Offset.uasset,.uasset,837709,BigNiagaraBundle,Unreal package (class unverified),format/extension only,added/custom content
Content/BigNiagaraBundle/NiagaraSymbols/Effects/Runes/Offset/NS_Ansuz_Offset.uasset,.uasset,937013,BigNiagaraBundle,Unreal package (class unverified),format/extension only,added/custom content
Content/BigNiagaraBundle/NiagaraSymbols/Effects/Runes/Offset/NS_Berkana_Offset.uasset,.uasset,927109,BigNiagaraBundle,Unreal package (class unverified),format/extension only,added/custom content
Content/BigNiagaraBundle/NiagaraSymbols/Effects/Runes/Offset/NS_Dagaz_Offset.uasset,.uasset,916139,BigNiagaraBundle,Unreal package (class unverified),format/extension only,added/custom content
Content/BigNiagaraBundle/NiagaraSymbols/Effects/Runes/Offset/NS_Ehwaz_Offset.uasset,.uasset,930179,BigNiagaraBundle,Unreal package (class unverified),format/extension only,added/custom content
Content/BigNiagaraBundle/NiagaraSymbols/Effects/Runes/Offset/NS_Eihwaz_Offset.uasset,.uasset,975444,BigNiagaraBundle,Unreal package (class unverified),format/extension only,added/custom content
Content/BigNiagaraBundle/NiagaraSymbols/Effects/Runes/Offset/NS_Fehu_Offset.uasset,.uasset,844082,BigNiagaraBundle,Unreal package (class unverified),format/extension only,added/custom content
Content/BigNiagaraBundle/NiagaraSymbols/Effects/Runes/Offset/NS_Gebo_Offset.uasset,.uasset,933860,BigNiagaraBundle,Unreal package (class unverified),format/extension only,added/custom content
Content/BigNiagaraBundle/NiagaraSymbols/Effects/Runes/Offset/NS_Hagalaz_Offset.uasset,.uasset,929031,BigNiagaraBundle,Unreal package (class unverified),format/extension only,added/custom content
Content/BigNiagaraBundle/NiagaraSymbols/Effects/Runes/Offset/NS_Inguz_Offset.uasset,.uasset,834215,BigNiagaraBundle,Unreal package (class unverified),format/extension only,added/custom content
Content/BigNiagaraBundle/NiagaraSymbols/Effects/Runes/Offset/NS_Isa_Offset.uasset,.uasset,882943,BigNiagaraBundle,Unreal package (class unverified),format/extension only,added/custom content
Content/BigNiagaraBundle/NiagaraSymbols/Effects/Runes/Offset/NS_Jera_Offset.uasset,.uasset,789748,BigNiagaraBundle,Unreal package (class unverified),format/extension only,added/custom content
Content/BigNiagaraBundle/NiagaraSymbols/Effects/Runes/Offset/NS_Kaunan_Offset.uasset,.uasset,857654,BigNiagaraBundle,Unreal package (class unverified),format/extension only,added/custom content
Content/BigNiagaraBundle/NiagaraSymbols/Effects/Runes/Offset/NS_Laguz_Offset.uasset,.uasset,903322,BigNiagaraBundle,Unreal package (class unverified),format/extension only,added/custom content
Content/BigNiagaraBundle/NiagaraSymbols/Effects/Runes/Offset/NS_Mannaz_Offset.uasset,.uasset,948737,BigNiagaraBundle,Unreal package (class unverified),format/extension only,added/custom content
Content/BigNiagaraBundle/NiagaraSymbols/Effects/Runes/Offset/NS_Nauthis_Offset.uasset,.uasset,796823,BigNiagaraBundle,Unreal package (class unverified),format/extension only,added/custom content
Content/BigNiagaraBundle/NiagaraSymbols/Effects/Runes/Offset/NS_Othila_Offset.uasset,.uasset,935583,BigNiagaraBundle,Unreal package (class unverified),format/extension only,added/custom content
Content/BigNiagaraBundle/NiagaraSymbols/Effects/Runes/Offset/NS_Pertho_Offset.uasset,.uasset,794854,BigNiagaraBundle,Unreal package (class unverified),format/extension only,added/custom content
Content/BigNiagaraBundle/NiagaraSymbols/Effects/Runes/Offset/NS_Raido_Offset.uasset,.uasset,910626,BigNiagaraBundle,Unreal package (class unverified),format/extension only,added/custom content
Content/BigNiagaraBundle/NiagaraSymbols/Effects/Runes/Offset/NS_Sowulo_Offset.uasset,.uasset,982570,BigNiagaraBundle,Unreal package (class unverified),format/extension only,added/custom content
Content/BigNiagaraBundle/NiagaraSymbols/Effects/Runes/Offset/NS_Teiwaz_Offset.uasset,.uasset,916010,BigNiagaraBundle,Unreal package (class unverified),format/extension only,added/custom content
Content/BigNiagaraBundle/NiagaraSymbols/Effects/Runes/Offset/NS_Thurisaz_Offset.uasset,.uasset,949302,BigNiagaraBundle,Unreal package (class unverified),format/extension only,added/custom content
Content/BigNiagaraBundle/NiagaraSymbols/Effects/Runes/Offset/NS_Uruz_Offset.uasset,.uasset,1002346,BigNiagaraBundle,Unreal package (class unverified),format/extension only,added/custom content
Content/BigNiagaraBundle/NiagaraSymbols/Effects/Runes/Offset/NS_Wunjo_Offset.uasset,.uasset,871893,BigNiagaraBundle,Unreal package (class unverified),format/extension only,added/custom content
Content/BigNiagaraBundle/NiagaraSymbols/Effects/Symbols/NS_Ampersand.uasset,.uasset,858953,BigNiagaraBundle,Unreal package (class unverified),format/extension only,added/custom content
Content/BigNiagaraBundle/NiagaraSymbols/Effects/Symbols/NS_Cent.uasset,.uasset,793919,BigNiagaraBundle,Unreal package (class unverified),format/extension only,added/custom content
Content/BigNiagaraBundle/NiagaraSymbols/Effects/Symbols/NS_Commercial.uasset,.uasset,871112,BigNiagaraBundle,Unreal package (class unverified),format/extension only,added/custom content
Content/BigNiagaraBundle/NiagaraSymbols/Effects/Symbols/NS_Dollar.uasset,.uasset,811532,BigNiagaraBundle,Unreal package (class unverified),format/extension only,added/custom content
Content/BigNiagaraBundle/NiagaraSymbols/Effects/Symbols/NS_Exclamation_Mark.uasset,.uasset,800172,BigNiagaraBundle,Unreal package (class unverified),format/extension only,added/custom content
Content/BigNiagaraBundle/NiagaraSymbols/Effects/Symbols/NS_Hash.uasset,.uasset,836965,BigNiagaraBundle,Unreal package (class unverified),format/extension only,added/custom content
Content/BigNiagaraBundle/NiagaraSymbols/Effects/Symbols/NS_Percent.uasset,.uasset,909674,BigNiagaraBundle,Unreal package (class unverified),format/extension only,added/custom content
Content/BigNiagaraBundle/NiagaraSymbols/Effects/Symbols/NS_Pound.uasset,.uasset,832966,BigNiagaraBundle,Unreal package (class unverified),format/extension only,added/custom content
Content/BigNiagaraBundle/NiagaraSymbols/Effects/Symbols/NS_Star.uasset,.uasset,848257,BigNiagaraBundle,Unreal package (class unverified),format/extension only,added/custom content
Content/BigNiagaraBundle/NiagaraSymbols/Effects/Symbols/NS_Yen.uasset,.uasset,783570,BigNiagaraBundle,Unreal package (class unverified),format/extension only,added/custom content
Content/BigNiagaraBundle/NiagaraSymbols/Effects/Symbols/Offset/NS_Ampersand_Offset.uasset,.uasset,885313,BigNiagaraBundle,Unreal package (class unverified),format/extension only,added/custom content
Content/BigNiagaraBundle/NiagaraSymbols/Effects/Symbols/Offset/NS_Cent_Offset.uasset,.uasset,884050,BigNiagaraBundle,Unreal package (class unverified),format/extension only,added/custom content
Content/BigNiagaraBundle/NiagaraSymbols/Effects/Symbols/Offset/NS_Commercial_Offset.uasset,.uasset,800388,BigNiagaraBundle,Unreal package (class unverified),format/extension only,added/custom content
Content/BigNiagaraBundle/NiagaraSymbols/Effects/Symbols/Offset/NS_Dollar_Offset.uasset,.uasset,891138,BigNiagaraBundle,Unreal package (class unverified),format/extension only,added/custom content
Content/BigNiagaraBundle/NiagaraSymbols/Effects/Symbols/Offset/NS_Exclamation_Mark_Offset.uasset,.uasset,821823,BigNiagaraBundle,Unreal package (class unverified),format/extension only,added/custom content
Content/BigNiagaraBundle/NiagaraSymbols/Effects/Symbols/Offset/NS_Hash_Offset.uasset,.uasset,859964,BigNiagaraBundle,Unreal package (class unverified),format/extension only,added/custom content
Content/BigNiagaraBundle/NiagaraSymbols/Effects/Symbols/Offset/NS_Percent_Offset.uasset,.uasset,962012,BigNiagaraBundle,Unreal package (class unverified),format/extension only,added/custom content
Content/BigNiagaraBundle/NiagaraSymbols/Effects/Symbols/Offset/NS_Pound_Offset.uasset,.uasset,830590,BigNiagaraBundle,Unreal package (class unverified),format/extension only,added/custom content
Content/BigNiagaraBundle/NiagaraSymbols/Effects/Symbols/Offset/NS_Star_Offset.uasset,.uasset,816633,BigNiagaraBundle,Unreal package (class unverified),format/extension only,added/custom content
Content/BigNiagaraBundle/NiagaraSymbols/Effects/Symbols/Offset/NS_Yen_Offset.uasset,.uasset,859622,BigNiagaraBundle,Unreal package (class unverified),format/extension only,added/custom content
Content/BigNiagaraBundle/NiagaraSymbols/Effects/Variations/NS_LettersVariations.uasset,.uasset,1066023,BigNiagaraBundle,Unreal package (class unverified),format/extension only,added/custom content
Content/BigNiagaraBundle/NiagaraSymbols/Effects/Variations/NS_LettersVariations2.uasset,.uasset,1206749,BigNiagaraBundle,Unreal package (class unverified),format/extension only,added/custom content
Content/BigNiagaraBundle/NiagaraSymbols/Effects/Variations/NS_NumbersVariations.uasset,.uasset,953512,BigNiagaraBundle,Unreal package (class unverified),format/extension only,added/custom content
Content/BigNiagaraBundle/NiagaraSymbols/Effects/Variations/NS_NumbersVariations2.uasset,.uasset,1109876,BigNiagaraBundle,Unreal package (class unverified),format/extension only,added/custom content
Content/BigNiagaraBundle/NiagaraSymbols/Effects/Variations/NS_NumbersVariations3.uasset,.uasset,1012951,BigNiagaraBundle,Unreal package (class unverified),format/extension only,added/custom content
Content/BigNiagaraBundle/NiagaraSymbols/Effects/Variations/NS_RunesVariation.uasset,.uasset,972490,BigNiagaraBundle,Unreal package (class unverified),format/extension only,added/custom content
Content/BigNiagaraBundle/NiagaraSymbols/Effects/Variations/NS_RunesVariation2.uasset,.uasset,1191175,BigNiagaraBundle,Unreal package (class unverified),format/extension only,added/custom content
Content/BigNiagaraBundle/NiagaraSymbols/Effects/Variations/NS_RunesVariation3.uasset,.uasset,903565,BigNiagaraBundle,Unreal package (class unverified),format/extension only,added/custom content
Content/BigNiagaraBundle/NiagaraSymbols/Effects/Variations/NS_RunesVariation4.uasset,.uasset,2070715,BigNiagaraBundle,Unreal package (class unverified),format/extension only,added/custom content
Content/BigNiagaraBundle/NiagaraSymbols/Effects/Variations/NS_SymbolsVariations.uasset,.uasset,1068473,BigNiagaraBundle,Unreal package (class unverified),format/extension only,added/custom content
Content/BigNiagaraBundle/NiagaraSymbols/Maps/Demo_Alphabet.umap,.umap,123519,BigNiagaraBundle,Unreal map (class unverified),format/extension only,added/custom content
Content/BigNiagaraBundle/NiagaraSymbols/Maps/Demo_Numbers.umap,.umap,59007,BigNiagaraBundle,Unreal map (class unverified),format/extension only,added/custom content
Content/BigNiagaraBundle/NiagaraSymbols/Maps/Demo_Runes.umap,.umap,115728,BigNiagaraBundle,Unreal map (class unverified),format/extension only,added/custom content
Content/BigNiagaraBundle/NiagaraSymbols/Maps/Demo_Symbols.umap,.umap,60333,BigNiagaraBundle,Unreal map (class unverified),format/extension only,added/custom content
Content/BigNiagaraBundle/NiagaraSymbols/Maps/Demo_Variations.umap,.umap,30405,BigNiagaraBundle,Unreal map (class unverified),format/extension only,added/custom content
Content/BigNiagaraBundle/NiagaraSymbols/StaticMeshes/Alphabet/SM_A.uasset,.uasset,93775,BigNiagaraBundle,Unreal package (class unverified),format/extension only,added/custom content
Content/BigNiagaraBundle/NiagaraSymbols/StaticMeshes/Alphabet/SM_B.uasset,.uasset,111657,BigNiagaraBundle,Unreal package (class unverified),format/extension only,added/custom content
Content/BigNiagaraBundle/NiagaraSymbols/StaticMeshes/Alphabet/SM_C.uasset,.uasset,109544,BigNiagaraBundle,Unreal package (class unverified),format/extension only,added/custom content
Content/BigNiagaraBundle/NiagaraSymbols/StaticMeshes/Alphabet/SM_D.uasset,.uasset,103764,BigNiagaraBundle,Unreal package (class unverified),format/extension only,added/custom content
Content/BigNiagaraBundle/NiagaraSymbols/StaticMeshes/Alphabet/SM_E.uasset,.uasset,92022,BigNiagaraBundle,Unreal package (class unverified),format/extension only,added/custom content
Content/BigNiagaraBundle/NiagaraSymbols/StaticMeshes/Alphabet/SM_F.uasset,.uasset,91666,BigNiagaraBundle,Unreal package (class unverified),format/extension only,added/custom content
Content/BigNiagaraBundle/NiagaraSymbols/StaticMeshes/Alphabet/SM_G.uasset,.uasset,111455,BigNiagaraBundle,Unreal package (class unverified),format/extension only,added/custom content
Content/BigNiagaraBundle/NiagaraSymbols/StaticMeshes/Alphabet/SM_H.uasset,.uasset,93437,BigNiagaraBundle,Unreal package (class unverified),format/extension only,added/custom content
Content/BigNiagaraBundle/NiagaraSymbols/StaticMeshes/Alphabet/SM_I.uasset,.uasset,94252,BigNiagaraBundle,Unreal package (class unverified),format/extension only,added/custom content
Content/BigNiagaraBundle/NiagaraSymbols/StaticMeshes/Alphabet/SM_J.uasset,.uasset,102859,BigNiagaraBundle,Unreal package (class unverified),format/extension only,added/custom content
Content/BigNiagaraBundle/NiagaraSymbols/StaticMeshes/Alphabet/SM_K.uasset,.uasset,93989,BigNiagaraBundle,Unreal package (class unverified),format/extension only,added/custom content
Content/BigNiagaraBundle/NiagaraSymbols/StaticMeshes/Alphabet/SM_L.uasset,.uasset,92490,BigNiagaraBundle,Unreal package (class unverified),format/extension only,added/custom content
Content/BigNiagaraBundle/NiagaraSymbols/StaticMeshes/Alphabet/SM_M.uasset,.uasset,93181,BigNiagaraBundle,Unreal package (class unverified),format/extension only,added/custom content
Content/BigNiagaraBundle/NiagaraSymbols/StaticMeshes/Alphabet/SM_N.uasset,.uasset,93141,BigNiagaraBundle,Unreal package (class unverified),format/extension only,added/custom content
Content/BigNiagaraBundle/NiagaraSymbols/StaticMeshes/Alphabet/SM_O.uasset,.uasset,119204,BigNiagaraBundle,Unreal package (class unverified),format/extension only,added/custom content
Content/BigNiagaraBundle/NiagaraSymbols/StaticMeshes/Alphabet/SM_P.uasset,.uasset,101381,BigNiagaraBundle,Unreal package (class unverified),format/extension only,added/custom content
Content/BigNiagaraBundle/NiagaraSymbols/StaticMeshes/Alphabet/SM_Q.uasset,.uasset,114925,BigNiagaraBundle,Unreal package (class unverified),format/extension only,added/custom content
Content/BigNiagaraBundle/NiagaraSymbols/StaticMeshes/Alphabet/SM_R.uasset,.uasset,106689,BigNiagaraBundle,Unreal package (class unverified),format/extension only,added/custom content
Content/BigNiagaraBundle/NiagaraSymbols/StaticMeshes/Alphabet/SM_S.uasset,.uasset,119068,BigNiagaraBundle,Unreal package (class unverified),format/extension only,added/custom content
Content/BigNiagaraBundle/NiagaraSymbols/StaticMeshes/Alphabet/SM_T.uasset,.uasset,90820,BigNiagaraBundle,Unreal package (class unverified),format/extension only,added/custom content
Content/BigNiagaraBundle/NiagaraSymbols/StaticMeshes/Alphabet/SM_U.uasset,.uasset,104902,BigNiagaraBundle,Unreal package (class unverified),format/extension only,added/custom content
Content/BigNiagaraBundle/NiagaraSymbols/StaticMeshes/Alphabet/SM_V.uasset,.uasset,95171,BigNiagaraBundle,Unreal package (class unverified),format/extension only,added/custom content
Content/BigNiagaraBundle/NiagaraSymbols/StaticMeshes/Alphabet/SM_W.uasset,.uasset,96383,BigNiagaraBundle,Unreal package (class unverified),format/extension only,added/custom content
Content/BigNiagaraBundle/NiagaraSymbols/StaticMeshes/Alphabet/SM_X.uasset,.uasset,95557,BigNiagaraBundle,Unreal package (class unverified),format/extension only,added/custom content
Content/BigNiagaraBundle/NiagaraSymbols/StaticMeshes/Alphabet/SM_Y.uasset,.uasset,93679,BigNiagaraBundle,Unreal package (class unverified),format/extension only,added/custom content
Content/BigNiagaraBundle/NiagaraSymbols/StaticMeshes/Alphabet/SM_Z.uasset,.uasset,93709,BigNiagaraBundle,Unreal package (class unverified),format/extension only,added/custom content
Content/BigNiagaraBundle/NiagaraSymbols/StaticMeshes/Numbers/SM_0.uasset,.uasset,112142,BigNiagaraBundle,Unreal package (class unverified),format/extension only,added/custom content
Content/BigNiagaraBundle/NiagaraSymbols/StaticMeshes/Numbers/SM_1.uasset,.uasset,95051,BigNiagaraBundle,Unreal package (class unverified),format/extension only,added/custom content
Content/BigNiagaraBundle/NiagaraSymbols/StaticMeshes/Numbers/SM_2.uasset,.uasset,105156,BigNiagaraBundle,Unreal package (class unverified),format/extension only,added/custom content
Content/BigNiagaraBundle/NiagaraSymbols/StaticMeshes/Numbers/SM_3.uasset,.uasset,107401,BigNiagaraBundle,Unreal package (class unverified),format/extension only,added/custom content
Content/BigNiagaraBundle/NiagaraSymbols/StaticMeshes/Numbers/SM_4.uasset,.uasset,98828,BigNiagaraBundle,Unreal package (class unverified),format/extension only,added/custom content
Content/BigNiagaraBundle/NiagaraSymbols/StaticMeshes/Numbers/SM_5.uasset,.uasset,103110,BigNiagaraBundle,Unreal package (class unverified),format/extension only,added/custom content
Content/BigNiagaraBundle/NiagaraSymbols/StaticMeshes/Numbers/SM_6.uasset,.uasset,110419,BigNiagaraBundle,Unreal package (class unverified),format/extension only,added/custom content
Content/BigNiagaraBundle/NiagaraSymbols/StaticMeshes/Numbers/SM_7.uasset,.uasset,94812,BigNiagaraBundle,Unreal package (class unverified),format/extension only,added/custom content
Content/BigNiagaraBundle/NiagaraSymbols/StaticMeshes/Numbers/SM_8.uasset,.uasset,121805,BigNiagaraBundle,Unreal package (class unverified),format/extension only,added/custom content
Content/BigNiagaraBundle/NiagaraSymbols/StaticMeshes/Numbers/SM_9.uasset,.uasset,109404,BigNiagaraBundle,Unreal package (class unverified),format/extension only,added/custom content
Content/BigNiagaraBundle/NiagaraSymbols/StaticMeshes/Runes/SM_Algiz.uasset,.uasset,98336,BigNiagaraBundle,Unreal package (class unverified),format/extension only,added/custom content
Content/BigNiagaraBundle/NiagaraSymbols/StaticMeshes/Runes/SM_Ansuz.uasset,.uasset,96433,BigNiagaraBundle,Unreal package (class unverified),format/extension only,added/custom content
Content/BigNiagaraBundle/NiagaraSymbols/StaticMeshes/Runes/SM_Berkana.uasset,.uasset,96005,BigNiagaraBundle,Unreal package (class unverified),format/extension only,added/custom content
Content/BigNiagaraBundle/NiagaraSymbols/StaticMeshes/Runes/SM_Dagaz.uasset,.uasset,97780,BigNiagaraBundle,Unreal package (class unverified),format/extension only,added/custom content
Content/BigNiagaraBundle/NiagaraSymbols/StaticMeshes/Runes/SM_Ehwaz.uasset,.uasset,96321,BigNiagaraBundle,Unreal package (class unverified),format/extension only,added/custom content
Content/BigNiagaraBundle/NiagaraSymbols/StaticMeshes/Runes/SM_Eihwaz.uasset,.uasset,98167,BigNiagaraBundle,Unreal package (class unverified),format/extension only,added/custom content
Content/BigNiagaraBundle/NiagaraSymbols/StaticMeshes/Runes/SM_Fehu.uasset,.uasset,95784,BigNiagaraBundle,Unreal package (class unverified),format/extension only,added/custom content
Content/BigNiagaraBundle/NiagaraSymbols/StaticMeshes/Runes/SM_Gebo.uasset,.uasset,99986,BigNiagaraBundle,Unreal package (class unverified),format/extension only,added/custom content
Content/BigNiagaraBundle/NiagaraSymbols/StaticMeshes/Runes/SM_Hagalaz.uasset,.uasset,98260,BigNiagaraBundle,Unreal package (class unverified),format/extension only,added/custom content
Content/BigNiagaraBundle/NiagaraSymbols/StaticMeshes/Runes/SM_Inguz.uasset,.uasset,99835,BigNiagaraBundle,Unreal package (class unverified),format/extension only,added/custom content
Content/BigNiagaraBundle/NiagaraSymbols/StaticMeshes/Runes/SM_Isa.uasset,.uasset,93193,BigNiagaraBundle,Unreal package (class unverified),format/extension only,added/custom content
Content/BigNiagaraBundle/NiagaraSymbols/StaticMeshes/Runes/SM_Jera.uasset,.uasset,99325,BigNiagaraBundle,Unreal package (class unverified),format/extension only,added/custom content
Content/BigNiagaraBundle/NiagaraSymbols/StaticMeshes/Runes/SM_Kaunan.uasset,.uasset,97132,BigNiagaraBundle,Unreal package (class unverified),format/extension only,added/custom content
Content/BigNiagaraBundle/NiagaraSymbols/StaticMeshes/Runes/SM_Laguz.uasset,.uasset,93422,BigNiagaraBundle,Unreal package (class unverified),format/extension only,added/custom content
Content/BigNiagaraBundle/NiagaraSymbols/StaticMeshes/Runes/SM_Mannaz.uasset,.uasset,98680,BigNiagaraBundle,Unreal package (class unverified),format/extension only,added/custom content
Content/BigNiagaraBundle/NiagaraSymbols/StaticMeshes/Runes/SM_Nauthis.uasset,.uasset,99142,BigNiagaraBundle,Unreal package (class unverified),format/extension only,added/custom content
Content/BigNiagaraBundle/NiagaraSymbols/StaticMeshes/Runes/SM_Othila.uasset,.uasset,98858,BigNiagaraBundle,Unreal package (class unverified),format/extension only,added/custom content
Content/BigNiagaraBundle/NiagaraSymbols/StaticMeshes/Runes/SM_Pertho.uasset,.uasset,96639,BigNiagaraBundle,Unreal package (class unverified),format/extension only,added/custom content
Content/BigNiagaraBundle/NiagaraSymbols/StaticMeshes/Runes/SM_Raido.uasset,.uasset,96797,BigNiagaraBundle,Unreal package (class unverified),format/extension only,added/custom content
Content/BigNiagaraBundle/NiagaraSymbols/StaticMeshes/Runes/SM_Sowulo.uasset,.uasset,96477,BigNiagaraBundle,Unreal package (class unverified),format/extension only,added/custom content
Content/BigNiagaraBundle/NiagaraSymbols/StaticMeshes/Runes/SM_Teiwaz.uasset,.uasset,95768,BigNiagaraBundle,Unreal package (class unverified),format/extension only,added/custom content
Content/BigNiagaraBundle/NiagaraSymbols/StaticMeshes/Runes/SM_Thurisaz.uasset,.uasset,94950,BigNiagaraBundle,Unreal package (class unverified),format/extension only,added/custom content
Content/BigNiagaraBundle/NiagaraSymbols/StaticMeshes/Runes/SM_Uruz.uasset,.uasset,95675,BigNiagaraBundle,Unreal package (class unverified),format/extension only,added/custom content
Content/BigNiagaraBundle/NiagaraSymbols/StaticMeshes/Runes/SM_Wunjo.uasset,.uasset,94993,BigNiagaraBundle,Unreal package (class unverified),format/extension only,added/custom content
Content/BigNiagaraBundle/NiagaraSymbols/StaticMeshes/Symbols/SM_Ampersand.uasset,.uasset,109685,BigNiagaraBundle,Unreal package (class unverified),format/extension only,added/custom content
Content/BigNiagaraBundle/NiagaraSymbols/StaticMeshes/Symbols/SM_Cent.uasset,.uasset,103377,BigNiagaraBundle,Unreal package (class unverified),format/extension only,added/custom content
Content/BigNiagaraBundle/NiagaraSymbols/StaticMeshes/Symbols/SM_Commercial.uasset,.uasset,115028,BigNiagaraBundle,Unreal package (class unverified),format/extension only,added/custom content
Content/BigNiagaraBundle/NiagaraSymbols/StaticMeshes/Symbols/SM_Dollar.uasset,.uasset,111184,BigNiagaraBundle,Unreal package (class unverified),format/extension only,added/custom content
Content/BigNiagaraBundle/NiagaraSymbols/StaticMeshes/Symbols/SM_Exclamation_Mark.uasset,.uasset,93925,BigNiagaraBundle,Unreal package (class unverified),format/extension only,added/custom content
Content/BigNiagaraBundle/NiagaraSymbols/StaticMeshes/Symbols/SM_Hash.uasset,.uasset,102484,BigNiagaraBundle,Unreal package (class unverified),format/extension only,added/custom content
Content/BigNiagaraBundle/NiagaraSymbols/StaticMeshes/Symbols/SM_Percent.uasset,.uasset,119404,BigNiagaraBundle,Unreal package (class unverified),format/extension only,added/custom content
Content/BigNiagaraBundle/NiagaraSymbols/StaticMeshes/Symbols/SM_Pound.uasset,.uasset,102562,BigNiagaraBundle,Unreal package (class unverified),format/extension only,added/custom content
Content/BigNiagaraBundle/NiagaraSymbols/StaticMeshes/Symbols/SM_Star.uasset,.uasset,98082,BigNiagaraBundle,Unreal package (class unverified),format/extension only,added/custom content
Content/BigNiagaraBundle/NiagaraSymbols/StaticMeshes/Symbols/SM_Yen.uasset,.uasset,103647,BigNiagaraBundle,Unreal package (class unverified),format/extension only,added/custom content
Content/BigNiagaraBundle/NiagaraWeather/Effects/NS_Blizzard.uasset,.uasset,1819880,BigNiagaraBundle,Unreal package (class unverified),format/extension only,added/custom content
Content/BigNiagaraBundle/NiagaraWeather/Effects/NS_FallingLeaves.uasset,.uasset,380315,BigNiagaraBundle,Unreal package (class unverified),format/extension only,added/custom content
Content/BigNiagaraBundle/NiagaraWeather/Effects/NS_FallingLeaves2.uasset,.uasset,323112,BigNiagaraBundle,Unreal package (class unverified),format/extension only,added/custom content
Content/BigNiagaraBundle/NiagaraWeather/Effects/NS_FallingLeaves3.uasset,.uasset,321771,BigNiagaraBundle,Unreal package (class unverified),format/extension only,added/custom content
Content/BigNiagaraBundle/NiagaraWeather/Effects/NS_FallingLeaves4.uasset,.uasset,377093,BigNiagaraBundle,Unreal package (class unverified),format/extension only,added/custom content
Content/BigNiagaraBundle/NiagaraWeather/Effects/NS_FallingLeaves_Rot_1.uasset,.uasset,349025,BigNiagaraBundle,Unreal package (class unverified),format/extension only,added/custom content
Content/BigNiagaraBundle/NiagaraWeather/Effects/NS_FallingLeaves_Rot_2.uasset,.uasset,341507,BigNiagaraBundle,Unreal package (class unverified),format/extension only,added/custom content
Content/BigNiagaraBundle/NiagaraWeather/Effects/NS_FallingLeaves_Rot_Low.uasset,.uasset,340268,BigNiagaraBundle,Unreal package (class unverified),format/extension only,added/custom content
Content/BigNiagaraBundle/NiagaraWeather/Effects/NS_FallingLeaves_Windy.uasset,.uasset,328269,BigNiagaraBundle,Unreal package (class unverified),format/extension only,added/custom content
Content/BigNiagaraBundle/NiagaraWeather/Effects/NS_FallingLeaves_Windy2.uasset,.uasset,323742,BigNiagaraBundle,Unreal package (class unverified),format/extension only,added/custom content
Content/BigNiagaraBundle/NiagaraWeather/Effects/NS_Rain.uasset,.uasset,425052,BigNiagaraBundle,Unreal package (class unverified),format/extension only,added/custom content
Content/BigNiagaraBundle/NiagaraWeather/Effects/NS_Rain_Low.uasset,.uasset,361768,BigNiagaraBundle,Unreal package (class unverified),format/extension only,added/custom content
Content/BigNiagaraBundle/NiagaraWeather/Effects/NS_Rain_Windy.uasset,.uasset,549627,BigNiagaraBundle,Unreal package (class unverified),format/extension only,added/custom content
Content/BigNiagaraBundle/NiagaraWeather/Effects/NS_Rays.uasset,.uasset,666927,BigNiagaraBundle,Unreal package (class unverified),format/extension only,added/custom content
Content/BigNiagaraBundle/NiagaraWeather/Effects/NS_Shtorm.uasset,.uasset,985954,BigNiagaraBundle,Unreal package (class unverified),format/extension only,added/custom content
Content/BigNiagaraBundle/NiagaraWeather/Effects/NS_Snowfall_Heavy.uasset,.uasset,1443504,BigNiagaraBundle,Unreal package (class unverified),format/extension only,added/custom content
Content/BigNiagaraBundle/NiagaraWeather/Effects/NS_Snowfall_Medium.uasset,.uasset,563616,BigNiagaraBundle,Unreal package (class unverified),format/extension only,added/custom content
Content/BigNiagaraBundle/NiagaraWeather/Effects/NS_Snowfall_Medium_Low.uasset,.uasset,425647,BigNiagaraBundle,Unreal package (class unverified),format/extension only,added/custom content
Content/BigNiagaraBundle/NiagaraWeather/Effects/NS_Wind_X.uasset,.uasset,572753,BigNiagaraBundle,Unreal package (class unverified),format/extension only,added/custom content
Content/BigNiagaraBundle/NiagaraWeather/Effects/NS_Wind_Y.uasset,.uasset,577746,BigNiagaraBundle,Unreal package (class unverified),format/extension only,added/custom content
Content/BigNiagaraBundle/NiagaraWeather/Map/Demo.umap,.umap,131325,BigNiagaraBundle,Unreal map (class unverified),format/extension only,added/custom content
Content/BigNiagaraBundle/NiagaraWeather/Map/Demo_BuiltData.uasset,.uasset,2367609,BigNiagaraBundle,Unreal package (class unverified),format/extension only,added/custom content
Content/BigNiagaraBundle/NiagaraWeather/Materials/M_Leaf_1.uasset,.uasset,87675,BigNiagaraBundle,Unreal package (class unverified),format/extension only,added/custom content
Content/BigNiagaraBundle/NiagaraWeather/Materials/M_Leaf_2.uasset,.uasset,84985,BigNiagaraBundle,Unreal package (class unverified),format/extension only,added/custom content
Content/BigNiagaraBundle/NiagaraWeather/Materials/M_Leaf_3.uasset,.uasset,81322,BigNiagaraBundle,Unreal package (class unverified),format/extension only,added/custom content
Content/BigNiagaraBundle/NiagaraWeather/Materials/M_Leaf_4.uasset,.uasset,86484,BigNiagaraBundle,Unreal package (class unverified),format/extension only,added/custom content
Content/BigNiagaraBundle/NiagaraWeather/Materials/M_Leaf_5.uasset,.uasset,80150,BigNiagaraBundle,Unreal package (class unverified),format/extension only,added/custom content
Content/BigNiagaraBundle/NiagaraWeather/Materials/M_Leaf_6.uasset,.uasset,87589,BigNiagaraBundle,Unreal package (class unverified),format/extension only,added/custom content
Content/BigNiagaraBundle/NiagaraWeather/Materials/M_Leaf_7.uasset,.uasset,85152,BigNiagaraBundle,Unreal package (class unverified),format/extension only,added/custom content
Content/BigNiagaraBundle/NiagaraWeather/Materials/M_Leaf_8.uasset,.uasset,86425,BigNiagaraBundle,Unreal package (class unverified),format/extension only,added/custom content
Content/BigNiagaraBundle/NiagaraWeather/Materials/M_Rain.uasset,.uasset,77389,BigNiagaraBundle,Unreal package (class unverified),format/extension only,added/custom content
Content/BigNiagaraBundle/NiagaraWeather/Materials/M_Snowflake_1.uasset,.uasset,74951,BigNiagaraBundle,Unreal package (class unverified),format/extension only,added/custom content
Content/BigNiagaraBundle/NiagaraWeather/Materials/M_Snowflake_2.uasset,.uasset,75118,BigNiagaraBundle,Unreal package (class unverified),format/extension only,added/custom content
Content/BigNiagaraBundle/NiagaraWeather/Materials/M_Snowflake_3.uasset,.uasset,74601,BigNiagaraBundle,Unreal package (class unverified),format/extension only,added/custom content
Content/BigNiagaraBundle/NiagaraWeather/Materials/M_Snowflake_4.uasset,.uasset,75012,BigNiagaraBundle,Unreal package (class unverified),format/extension only,added/custom content
Content/BigNiagaraBundle/NiagaraWeather/Materials/M_Snowflake_5.uasset,.uasset,74282,BigNiagaraBundle,Unreal package (class unverified),format/extension only,added/custom content
Content/BigNiagaraBundle/NiagaraWeather/Materials/M_Snowflake_6.uasset,.uasset,74661,BigNiagaraBundle,Unreal package (class unverified),format/extension only,added/custom content
Content/BigNiagaraBundle/NiagaraWeather/Materials/M_Snowflake_7.uasset,.uasset,74821,BigNiagaraBundle,Unreal package (class unverified),format/extension only,added/custom content
Content/BigNiagaraBundle/NiagaraWeather/Materials/M_Snowflake_8.uasset,.uasset,74641,BigNiagaraBundle,Unreal package (class unverified),format/extension only,added/custom content
Content/BigNiagaraBundle/NiagaraWeather/Materials/M_Snowflake_9.uasset,.uasset,74181,BigNiagaraBundle,Unreal package (class unverified),format/extension only,added/custom content
Content/BigNiagaraBundle/NiagaraWeather/StatickMesh/SM_Leaf.uasset,.uasset,101110,BigNiagaraBundle,Unreal package (class unverified),format/extension only,added/custom content
Content/BigNiagaraBundle/NiagaraWeather/Textures/T_Leaf_1.uasset,.uasset,2595733,BigNiagaraBundle,Unreal package (class unverified),format/extension only,added/custom content
Content/BigNiagaraBundle/NiagaraWeather/Textures/T_Leaf_2.uasset,.uasset,2693885,BigNiagaraBundle,Unreal package (class unverified),format/extension only,added/custom content
Content/BigNiagaraBundle/NiagaraWeather/Textures/T_Leaf_3.uasset,.uasset,1743869,BigNiagaraBundle,Unreal package (class unverified),format/extension only,added/custom content
Content/BigNiagaraBundle/NiagaraWeather/Textures/T_Leaf_4.uasset,.uasset,2450745,BigNiagaraBundle,Unreal package (class unverified),format/extension only,added/custom content
Content/BigNiagaraBundle/NiagaraWeather/Textures/T_Leaf_5.uasset,.uasset,1864166,BigNiagaraBundle,Unreal package (class unverified),format/extension only,added/custom content
Content/BigNiagaraBundle/NiagaraWeather/Textures/T_Leaf_6.uasset,.uasset,3371078,BigNiagaraBundle,Unreal package (class unverified),format/extension only,added/custom content
Content/BigNiagaraBundle/NiagaraWeather/Textures/T_Leaf_7.uasset,.uasset,2290861,BigNiagaraBundle,Unreal package (class unverified),format/extension only,added/custom content
Content/BigNiagaraBundle/NiagaraWeather/Textures/T_Leaf_8.uasset,.uasset,2946975,BigNiagaraBundle,Unreal package (class unverified),format/extension only,added/custom content
Content/BigNiagaraBundle/NiagaraWeather/Textures/T_Snowflake_1.uasset,.uasset,60513,BigNiagaraBundle,Unreal package (class unverified),format/extension only,added/custom content
Content/BigNiagaraBundle/NiagaraWeather/Textures/T_Snowflake_2.uasset,.uasset,59428,BigNiagaraBundle,Unreal package (class unverified),format/extension only,added/custom content
Content/BigNiagaraBundle/NiagaraWeather/Textures/T_Snowflake_3.uasset,.uasset,61874,BigNiagaraBundle,Unreal package (class unverified),format/extension only,added/custom content
Content/BigNiagaraBundle/NiagaraWeather/Textures/T_Snowflake_4.uasset,.uasset,61620,BigNiagaraBundle,Unreal package (class unverified),format/extension only,added/custom content
Content/BigNiagaraBundle/NiagaraWeather/Textures/T_Snowflake_5.uasset,.uasset,55335,BigNiagaraBundle,Unreal package (class unverified),format/extension only,added/custom content
Content/BigNiagaraBundle/NiagaraWeather/Textures/T_Snowflake_6.uasset,.uasset,68545,BigNiagaraBundle,Unreal package (class unverified),format/extension only,added/custom content
Content/BigNiagaraBundle/NiagaraWeather/Textures/T_Snowflake_7.uasset,.uasset,48012,BigNiagaraBundle,Unreal package (class unverified),format/extension only,added/custom content
Content/BigNiagaraBundle/NiagaraWeather/Textures/T_Snowflake_8.uasset,.uasset,67329,BigNiagaraBundle,Unreal package (class unverified),format/extension only,added/custom content
Content/BigNiagaraBundle/NiagaraWeather/Textures/T_Snowflake_9.uasset,.uasset,68891,BigNiagaraBundle,Unreal package (class unverified),format/extension only,added/custom content
Content/Characters/Mannequins/Anims/Death/MM_Death_Back_01.uasset,.uasset,308880,Characters,Unreal package (class unverified),format/extension only,UE template/demo
Content/Characters/Mannequins/Anims/Death/MM_Death_Front_01.uasset,.uasset,308516,Characters,Unreal package (class unverified),format/extension only,UE template/demo
Content/Characters/Mannequins/Anims/Death/MM_Death_Front_02.uasset,.uasset,314751,Characters,Unreal package (class unverified),format/extension only,UE template/demo
Content/Characters/Mannequins/Anims/Death/MM_Death_Front_03.uasset,.uasset,277478,Characters,Unreal package (class unverified),format/extension only,UE template/demo
Content/Characters/Mannequins/Anims/Death/MM_Death_Left_01.uasset,.uasset,283231,Characters,Unreal package (class unverified),format/extension only,UE template/demo
Content/Characters/Mannequins/Anims/Death/MM_Death_Right_01.uasset,.uasset,302339,Characters,Unreal package (class unverified),format/extension only,UE template/demo
Content/Characters/Mannequins/Anims/Pistol/Aim/AO_Pistol.uasset,.uasset,8824,Characters,Unreal package (class unverified),format/extension only,UE template/demo
Content/Characters/Mannequins/Anims/Pistol/Aim/MF_Pistol_Idle_ADS1.uasset,.uasset,2056489,Characters,Unreal package (class unverified),format/extension only,UE template/demo
Content/Characters/Mannequins/Anims/Pistol/Aim/MF_Pistol_Idle_ADS_AO_CD.uasset,.uasset,170203,Characters,Unreal package (class unverified),format/extension only,UE template/demo
Content/Characters/Mannequins/Anims/Pistol/Aim/MF_Pistol_Idle_ADS_AO_CU.uasset,.uasset,173260,Characters,Unreal package (class unverified),format/extension only,UE template/demo
Content/Characters/Mannequins/Anims/Pistol/Jog/MF_Pistol_Jog_Bwd.uasset,.uasset,365135,Characters,Unreal package (class unverified),format/extension only,UE template/demo
Content/Characters/Mannequins/Anims/Pistol/Jog/MF_Pistol_Jog_Bwd_Left.uasset,.uasset,255387,Characters,Unreal package (class unverified),format/extension only,UE template/demo
Content/Characters/Mannequins/Anims/Pistol/Jog/MF_Pistol_Jog_Bwd_Right.uasset,.uasset,255329,Characters,Unreal package (class unverified),format/extension only,UE template/demo
Content/Characters/Mannequins/Anims/Pistol/Jog/MF_Pistol_Jog_Fwd.uasset,.uasset,432796,Characters,Unreal package (class unverified),format/extension only,UE template/demo
Content/Characters/Mannequins/Anims/Pistol/Jog/MF_Pistol_Jog_Fwd_Left.uasset,.uasset,309345,Characters,Unreal package (class unverified),format/extension only,UE template/demo
Content/Characters/Mannequins/Anims/Pistol/Jog/MF_Pistol_Jog_Fwd_Right.uasset,.uasset,309527,Characters,Unreal package (class unverified),format/extension only,UE template/demo
Content/Characters/Mannequins/Anims/Pistol/Jog/MF_Pistol_Jog_Left.uasset,.uasset,310960,Characters,Unreal package (class unverified),format/extension only,UE template/demo
Content/Characters/Mannequins/Anims/Pistol/Jog/MF_Pistol_Jog_Right.uasset,.uasset,354844,Characters,Unreal package (class unverified),format/extension only,UE template/demo
Content/Characters/Mannequins/Anims/Pistol/Jump/MM_Pistol_Jump_Fall_Loop.uasset,.uasset,255338,Characters,Unreal package (class unverified),format/extension only,UE template/demo
Content/Characters/Mannequins/Anims/Pistol/Jump/MM_Pistol_Jump_RecoveryAdditive.uasset,.uasset,268356,Characters,Unreal package (class unverified),format/extension only,UE template/demo
Content/Characters/Mannequins/Anims/Pistol/Jump/MM_Pistol_Jump_Start.uasset,.uasset,144542,Characters,Unreal package (class unverified),format/extension only,UE template/demo
Content/Characters/Mannequins/Anims/Pistol/MF_Pistol_Idle_ADS.uasset,.uasset,2068319,Characters,Unreal package (class unverified),format/extension only,UE template/demo
Content/Characters/Mannequins/Anims/Pistol/MM_Pistol_DryFire.uasset,.uasset,250601,Characters,Unreal package (class unverified),format/extension only,UE template/demo
Content/Characters/Mannequins/Anims/Pistol/MM_Pistol_Equip.uasset,.uasset,360966,Characters,Unreal package (class unverified),format/extension only,UE template/demo
Content/Characters/Mannequins/Anims/Pistol/MM_Pistol_Fire.uasset,.uasset,186765,Characters,Unreal package (class unverified),format/extension only,UE template/demo
Content/Characters/Mannequins/Anims/Pistol/MM_Pistol_Fire_Montage.uasset,.uasset,10119,Characters,Unreal package (class unverified),format/extension only,UE template/demo
Content/Characters/Mannequins/Anims/Pistol/MM_Pistol_Reload.uasset,.uasset,479562,Characters,Unreal package (class unverified),format/extension only,UE template/demo
Content/Characters/Mannequins/Anims/Pistol/Walk/MF_Pistol_Walk_Bwd.uasset,.uasset,545138,Characters,Unreal package (class unverified),format/extension only,UE template/demo
Content/Characters/Mannequins/Anims/Pistol/Walk/MF_Pistol_Walk_Bwd_Left.uasset,.uasset,450957,Characters,Unreal package (class unverified),format/extension only,UE template/demo
Content/Characters/Mannequins/Anims/Pistol/Walk/MF_Pistol_Walk_Bwd_Right.uasset,.uasset,451022,Characters,Unreal package (class unverified),format/extension only,UE template/demo
Content/Characters/Mannequins/Anims/Pistol/Walk/MF_Pistol_Walk_Fwd.uasset,.uasset,474209,Characters,Unreal package (class unverified),format/extension only,UE template/demo
Content/Characters/Mannequins/Anims/Pistol/Walk/MF_Pistol_Walk_Fwd_Left.uasset,.uasset,374604,Characters,Unreal package (class unverified),format/extension only,UE template/demo
Content/Characters/Mannequins/Anims/Pistol/Walk/MF_Pistol_Walk_Fwd_Right.uasset,.uasset,374748,Characters,Unreal package (class unverified),format/extension only,UE template/demo
Content/Characters/Mannequins/Anims/Pistol/Walk/MF_Pistol_Walk_Left.uasset,.uasset,580040,Characters,Unreal package (class unverified),format/extension only,UE template/demo
Content/Characters/Mannequins/Anims/Pistol/Walk/MF_Pistol_Walk_Right.uasset,.uasset,498997,Characters,Unreal package (class unverified),format/extension only,UE template/demo
Content/Characters/Mannequins/Anims/Rifle/AIM/AO_Rifle.uasset,.uasset,10402,Characters,Unreal package (class unverified),format/extension only,UE template/demo
Content/Characters/Mannequins/Anims/Rifle/AIM/MM_Rifle_Idle_ADS_AO_CC.uasset,.uasset,94995,Characters,Unreal package (class unverified),format/extension only,UE template/demo
Content/Characters/Mannequins/Anims/Rifle/AIM/MM_Rifle_Idle_ADS_AO_CD.uasset,.uasset,94882,Characters,Unreal package (class unverified),format/extension only,UE template/demo
Content/Characters/Mannequins/Anims/Rifle/AIM/MM_Rifle_Idle_ADS_AO_CU.uasset,.uasset,95154,Characters,Unreal package (class unverified),format/extension only,UE template/demo
Content/Characters/Mannequins/Anims/Rifle/HitReact/MM_HitReact_Back_Med_01.uasset,.uasset,252342,Characters,Unreal package (class unverified),format/extension only,UE template/demo
Content/Characters/Mannequins/Anims/Rifle/HitReact/MM_HitReact_Front_Hvy_01.uasset,.uasset,247961,Characters,Unreal package (class unverified),format/extension only,UE template/demo
Content/Characters/Mannequins/Anims/Rifle/HitReact/MM_HitReact_Front_Lgt_01.uasset,.uasset,224756,Characters,Unreal package (class unverified),format/extension only,UE template/demo
Content/Characters/Mannequins/Anims/Rifle/HitReact/MM_HitReact_Front_Lgt_02.uasset,.uasset,238345,Characters,Unreal package (class unverified),format/extension only,UE template/demo
Content/Characters/Mannequins/Anims/Rifle/HitReact/MM_HitReact_Front_Lgt_03.uasset,.uasset,281622,Characters,Unreal package (class unverified),format/extension only,UE template/demo
Content/Characters/Mannequins/Anims/Rifle/HitReact/MM_HitReact_Front_Lgt_04.uasset,.uasset,318893,Characters,Unreal package (class unverified),format/extension only,UE template/demo
Content/Characters/Mannequins/Anims/Rifle/HitReact/MM_HitReact_Front_Med_01.uasset,.uasset,225043,Characters,Unreal package (class unverified),format/extension only,UE template/demo
Content/Characters/Mannequins/Anims/Rifle/HitReact/MM_HitReact_Front_Med_02.uasset,.uasset,234402,Characters,Unreal package (class unverified),format/extension only,UE template/demo
Content/Characters/Mannequins/Anims/Rifle/Jog/MF_Rifle_Jog_Bwd.uasset,.uasset,582054,Characters,Unreal package (class unverified),format/extension only,UE template/demo
Content/Characters/Mannequins/Anims/Rifle/Jog/MF_Rifle_Jog_Bwd_Left.uasset,.uasset,458365,Characters,Unreal package (class unverified),format/extension only,UE template/demo
Content/Characters/Mannequins/Anims/Rifle/Jog/MF_Rifle_Jog_Bwd_Right.uasset,.uasset,458272,Characters,Unreal package (class unverified),format/extension only,UE template/demo
Content/Characters/Mannequins/Anims/Rifle/Jog/MF_Rifle_Jog_Fwd.uasset,.uasset,516328,Characters,Unreal package (class unverified),format/extension only,UE template/demo
Content/Characters/Mannequins/Anims/Rifle/Jog/MF_Rifle_Jog_Fwd_Left.uasset,.uasset,384314,Characters,Unreal package (class unverified),format/extension only,UE template/demo
Content/Characters/Mannequins/Anims/Rifle/Jog/MF_Rifle_Jog_Fwd_Right.uasset,.uasset,384322,Characters,Unreal package (class unverified),format/extension only,UE template/demo
Content/Characters/Mannequins/Anims/Rifle/Jog/MF_Rifle_Jog_Left.uasset,.uasset,296415,Characters,Unreal package (class unverified),format/extension only,UE template/demo
Content/Characters/Mannequins/Anims/Rifle/Jog/MF_Rifle_Jog_Right.uasset,.uasset,420984,Characters,Unreal package (class unverified),format/extension only,UE template/demo
Content/Characters/Mannequins/Anims/Rifle/Jump/MM_Rifle_Jump_Apex.uasset,.uasset,228355,Characters,Unreal package (class unverified),format/extension only,UE template/demo
Content/Characters/Mannequins/Anims/Rifle/Jump/MM_Rifle_Jump_Fall_Land.uasset,.uasset,179028,Characters,Unreal package (class unverified),format/extension only,UE template/demo
Content/Characters/Mannequins/Anims/Rifle/Jump/MM_Rifle_Jump_Fall_Loop.uasset,.uasset,645680,Characters,Unreal package (class unverified),format/extension only,UE template/demo
Content/Characters/Mannequins/Anims/Rifle/Jump/MM_Rifle_Jump_RecoveryAdditive.uasset,.uasset,294517,Characters,Unreal package (class unverified),format/extension only,UE template/demo
Content/Characters/Mannequins/Anims/Rifle/Jump/MM_Rifle_Jump_Start.uasset,.uasset,146783,Characters,Unreal package (class unverified),format/extension only,UE template/demo
Content/Characters/Mannequins/Anims/Rifle/Jump/MM_Rifle_Jump_Start_Loop.uasset,.uasset,441727,Characters,Unreal package (class unverified),format/extension only,UE template/demo
Content/Characters/Mannequins/Anims/Rifle/MF_Rifle_Idle_ADS.uasset,.uasset,1700234,Characters,Unreal package (class unverified),format/extension only,UE template/demo
Content/Characters/Mannequins/Anims/Rifle/MM_Rifle_DryFire.uasset,.uasset,249623,Characters,Unreal package (class unverified),format/extension only,UE template/demo
Content/Characters/Mannequins/Anims/Rifle/MM_Rifle_Equip.uasset,.uasset,416648,Characters,Unreal package (class unverified),format/extension only,UE template/demo
Content/Characters/Mannequins/Anims/Rifle/MM_Rifle_Fire.uasset,.uasset,184600,Characters,Unreal package (class unverified),format/extension only,UE template/demo
Content/Characters/Mannequins/Anims/Rifle/MM_Rifle_Reload.uasset,.uasset,547351,Characters,Unreal package (class unverified),format/extension only,UE template/demo
Content/Characters/Mannequins/Anims/Rifle/Walk/MF_Rifle_Walk_Bwd.uasset,.uasset,449720,Characters,Unreal package (class unverified),format/extension only,UE template/demo
Content/Characters/Mannequins/Anims/Rifle/Walk/MF_Rifle_Walk_Bwd_Left.uasset,.uasset,332682,Characters,Unreal package (class unverified),format/extension only,UE template/demo
Content/Characters/Mannequins/Anims/Rifle/Walk/MF_Rifle_Walk_Bwd_Right.uasset,.uasset,332577,Characters,Unreal package (class unverified),format/extension only,UE template/demo
Content/Characters/Mannequins/Anims/Rifle/Walk/MF_Rifle_Walk_Fwd.uasset,.uasset,490267,Characters,Unreal package (class unverified),format/extension only,UE template/demo
Content/Characters/Mannequins/Anims/Rifle/Walk/MF_Rifle_Walk_Fwd_Left.uasset,.uasset,384794,Characters,Unreal package (class unverified),format/extension only,UE template/demo
Content/Characters/Mannequins/Anims/Rifle/Walk/MF_Rifle_Walk_Fwd_Right.uasset,.uasset,384793,Characters,Unreal package (class unverified),format/extension only,UE template/demo
Content/Characters/Mannequins/Anims/Rifle/Walk/MF_Rifle_Walk_Left.uasset,.uasset,453120,Characters,Unreal package (class unverified),format/extension only,UE template/demo
Content/Characters/Mannequins/Anims/Rifle/Walk/MF_Rifle_Walk_Right.uasset,.uasset,510650,Characters,Unreal package (class unverified),format/extension only,UE template/demo
Content/Characters/Mannequins/Anims/Unarmed/ABP_Unarmed.uasset,.uasset,385911,Characters,Unreal package (class unverified),format/extension only,UE template/demo
Content/Characters/Mannequins/Anims/Unarmed/Attack/MM_Attack_01.uasset,.uasset,757637,Characters,Unreal package (class unverified),format/extension only,UE template/demo
Content/Characters/Mannequins/Anims/Unarmed/Attack/MM_Attack_02.uasset,.uasset,661409,Characters,Unreal package (class unverified),format/extension only,UE template/demo
Content/Characters/Mannequins/Anims/Unarmed/Attack/MM_Attack_03.uasset,.uasset,1036132,Characters,Unreal package (class unverified),format/extension only,UE template/demo
Content/Characters/Mannequins/Anims/Unarmed/Attack/MM_ChargedAttack.uasset,.uasset,1057890,Characters,Unreal package (class unverified),format/extension only,UE template/demo
Content/Characters/Mannequins/Anims/Unarmed/BS_Idle_Walk_Run.uasset,.uasset,52333,Characters,Unreal package (class unverified),format/extension only,UE template/demo
Content/Characters/Mannequins/Anims/Unarmed/Jog/MF_Unarmed_Jog_Bwd.uasset,.uasset,483265,Characters,Unreal package (class unverified),format/extension only,UE template/demo
Content/Characters/Mannequins/Anims/Unarmed/Jog/MF_Unarmed_Jog_Bwd_Left.uasset,.uasset,417528,Characters,Unreal package (class unverified),format/extension only,UE template/demo
Content/Characters/Mannequins/Anims/Unarmed/Jog/MF_Unarmed_Jog_Bwd_Right.uasset,.uasset,417530,Characters,Unreal package (class unverified),format/extension only,UE template/demo
Content/Characters/Mannequins/Anims/Unarmed/Jog/MF_Unarmed_Jog_Fwd.uasset,.uasset,531789,Characters,Unreal package (class unverified),format/extension only,UE template/demo
Content/Characters/Mannequins/Anims/Unarmed/Jog/MF_Unarmed_Jog_Fwd_Left.uasset,.uasset,466995,Characters,Unreal package (class unverified),format/extension only,UE template/demo
Content/Characters/Mannequins/Anims/Unarmed/Jog/MF_Unarmed_Jog_Fwd_Right.uasset,.uasset,467310,Characters,Unreal package (class unverified),format/extension only,UE template/demo
Content/Characters/Mannequins/Anims/Unarmed/Jog/MF_Unarmed_Jog_Left.uasset,.uasset,487864,Characters,Unreal package (class unverified),format/extension only,UE template/demo
Content/Characters/Mannequins/Anims/Unarmed/Jog/MF_Unarmed_Jog_Right.uasset,.uasset,521907,Characters,Unreal package (class unverified),format/extension only,UE template/demo
Content/Characters/Mannequins/Anims/Unarmed/Jump/MM_Dash.uasset,.uasset,663135,Characters,Unreal package (class unverified),format/extension only,UE template/demo
Content/Characters/Mannequins/Anims/Unarmed/Jump/MM_Fall_Loop.uasset,.uasset,925351,Characters,Unreal package (class unverified),format/extension only,UE template/demo
Content/Characters/Mannequins/Anims/Unarmed/Jump/MM_Jump.uasset,.uasset,403730,Characters,Unreal package (class unverified),format/extension only,UE template/demo
Content/Characters/Mannequins/Anims/Unarmed/Jump/MM_Land.uasset,.uasset,410017,Characters,Unreal package (class unverified),format/extension only,UE template/demo
Content/Characters/Mannequins/Anims/Unarmed/Jump/MM_WallJump.uasset,.uasset,409179,Characters,Unreal package (class unverified),format/extension only,UE template/demo
Content/Characters/Mannequins/Anims/Unarmed/MM_Idle.uasset,.uasset,1436554,Characters,Unreal package (class unverified),format/extension only,UE template/demo
Content/Characters/Mannequins/Anims/Unarmed/Walk/MF_Unarmed_Walk_Bwd.uasset,.uasset,606821,Characters,Unreal package (class unverified),format/extension only,UE template/demo
Content/Characters/Mannequins/Anims/Unarmed/Walk/MF_Unarmed_Walk_Bwd_Left.uasset,.uasset,537758,Characters,Unreal package (class unverified),format/extension only,UE template/demo
Content/Characters/Mannequins/Anims/Unarmed/Walk/MF_Unarmed_Walk_Bwd_Right.uasset,.uasset,537632,Characters,Unreal package (class unverified),format/extension only,UE template/demo
Content/Characters/Mannequins/Anims/Unarmed/Walk/MF_Unarmed_Walk_Fwd.uasset,.uasset,475783,Characters,Unreal package (class unverified),format/extension only,UE template/demo
Content/Characters/Mannequins/Anims/Unarmed/Walk/MF_Unarmed_Walk_Fwd_Left.uasset,.uasset,411535,Characters,Unreal package (class unverified),format/extension only,UE template/demo
Content/Characters/Mannequins/Anims/Unarmed/Walk/MF_Unarmed_Walk_Fwd_Right.uasset,.uasset,411529,Characters,Unreal package (class unverified),format/extension only,UE template/demo
Content/Characters/Mannequins/Anims/Unarmed/Walk/MF_Unarmed_Walk_Left.uasset,.uasset,486552,Characters,Unreal package (class unverified),format/extension only,UE template/demo
Content/Characters/Mannequins/Anims/Unarmed/Walk/MF_Unarmed_Walk_Right.uasset,.uasset,491934,Characters,Unreal package (class unverified),format/extension only,UE template/demo
Content/Characters/Mannequins/Materials/M_Mannequin.uasset,.uasset,59292,Characters,Unreal package (class unverified),format/extension only,UE template/demo
Content/Characters/Mannequins/Materials/Manny/MI_Manny_01_New.uasset,.uasset,17963,Characters,Unreal package (class unverified),format/extension only,UE template/demo
Content/Characters/Mannequins/Materials/Manny/MI_Manny_02_New.uasset,.uasset,18706,Characters,Unreal package (class unverified),format/extension only,UE template/demo
Content/Characters/Mannequins/Materials/Quinn/MI_Quinn_01.uasset,.uasset,11184,Characters,Unreal package (class unverified),format/extension only,UE template/demo
Content/Characters/Mannequins/Materials/Quinn/MI_Quinn_02.uasset,.uasset,10718,Characters,Unreal package (class unverified),format/extension only,UE template/demo
Content/Characters/Mannequins/Meshes/SK_Mannequin.uasset,.uasset,191198,Characters,Unreal package (class unverified),format/extension only,UE template/demo
Content/Characters/Mannequins/Meshes/SKM_Manny_Simple.uasset,.uasset,15825101,Characters,Unreal package (class unverified),format/extension only,UE template/demo
Content/Characters/Mannequins/Meshes/SKM_Quinn_Simple.uasset,.uasset,16252577,Characters,Unreal package (class unverified),format/extension only,UE template/demo
Content/Characters/Mannequins/Rigs/CR_Mannequin_Body.uasset,.uasset,17057558,Characters,Unreal package (class unverified),format/extension only,UE template/demo
Content/Characters/Mannequins/Rigs/CR_Mannequin_FootIK.uasset,.uasset,498698,Characters,Unreal package (class unverified),format/extension only,UE template/demo
Content/Characters/Mannequins/Rigs/CR_Mannequin_Procedural.uasset,.uasset,2575944,Characters,Unreal package (class unverified),format/extension only,UE template/demo
Content/Characters/Mannequins/Rigs/PA_Mannequin.uasset,.uasset,301538,Characters,Unreal package (class unverified),format/extension only,UE template/demo
Content/Characters/Mannequins/Textures/Manny/T_Manny_01_BN.uasset,.uasset,1422785,Characters,Unreal package (class unverified),format/extension only,UE template/demo
Content/Characters/Mannequins/Textures/Manny/T_Manny_01_D.uasset,.uasset,699555,Characters,Unreal package (class unverified),format/extension only,UE template/demo
Content/Characters/Mannequins/Textures/Manny/T_Manny_01_MRA.uasset,.uasset,712594,Characters,Unreal package (class unverified),format/extension only,UE template/demo
Content/Characters/Mannequins/Textures/Manny/T_Manny_02_BN.uasset,.uasset,20999487,Characters,Unreal package (class unverified),format/extension only,UE template/demo
Content/Characters/Mannequins/Textures/Manny/T_Manny_02_D.uasset,.uasset,1036712,Characters,Unreal package (class unverified),format/extension only,UE template/demo
Content/Characters/Mannequins/Textures/Manny/T_Manny_02_MRA.uasset,.uasset,1059559,Characters,Unreal package (class unverified),format/extension only,UE template/demo
Content/Characters/Mannequins/Textures/Manny/T_Manny_02_N.uasset,.uasset,1680197,Characters,Unreal package (class unverified),format/extension only,UE template/demo
Content/Characters/Mannequins/Textures/Quinn/T_Quinn_01_D.uasset,.uasset,674768,Characters,Unreal package (class unverified),format/extension only,UE template/demo
Content/Characters/Mannequins/Textures/Quinn/T_Quinn_01_MRA.uasset,.uasset,791597,Characters,Unreal package (class unverified),format/extension only,UE template/demo
Content/Characters/Mannequins/Textures/Quinn/T_Quinn_01_N.uasset,.uasset,1263741,Characters,Unreal package (class unverified),format/extension only,UE template/demo
Content/Characters/Mannequins/Textures/Quinn/T_Quinn_02_D.uasset,.uasset,943331,Characters,Unreal package (class unverified),format/extension only,UE template/demo
Content/Characters/Mannequins/Textures/Quinn/T_Quinn_02_MRA.uasset,.uasset,974099,Characters,Unreal package (class unverified),format/extension only,UE template/demo
Content/Characters/Mannequins/Textures/Quinn/T_Quinn_02_N.uasset,.uasset,1524635,Characters,Unreal package (class unverified),format/extension only,UE template/demo
Content/Characters/Mannequins/Textures/Shared/T_UE_Logo_M.uasset,.uasset,59927,Characters,Unreal package (class unverified),format/extension only,UE template/demo
Content/Cursor/FX_Cursor.uasset,.uasset,441413,Cursor,Unreal package (class unverified),format/extension only,UE template/demo
Content/Cursor/M_Cursor.uasset,.uasset,13940,Cursor,Unreal package (class unverified),format/extension only,UE template/demo
Content/Cursor/SM_CursorMesh.uasset,.uasset,16870,Cursor,Unreal package (class unverified),format/extension only,UE template/demo
Content/Cursor/T_Arrow.uasset,.uasset,10213,Cursor,Unreal package (class unverified),format/extension only,UE template/demo
Content/Dreamrise_SMSK/Animations/A_MeleeAttack_03.uasset,.uasset,6093361,Dreamrise_SMSK,Unreal package (class unverified),format/extension only,added/custom content
Content/Dreamrise_SMSK/Animations/A_MeleeAttack_03_Montage.uasset,.uasset,9453,Dreamrise_SMSK,Unreal package (class unverified),format/extension only,added/custom content
Content/Dreamrise_SMSK/Animations/A_MeleeAttack_04.uasset,.uasset,6195414,Dreamrise_SMSK,Unreal package (class unverified),format/extension only,added/custom content
Content/Dreamrise_SMSK/Animations/A_MeleeAttack_04_Montage.uasset,.uasset,9258,Dreamrise_SMSK,Unreal package (class unverified),format/extension only,added/custom content
Content/Dreamrise_SMSK/Animations/ABP_Manny.uasset,.uasset,1014531,Dreamrise_SMSK,Unreal package (class unverified),format/extension only,added/custom content
Content/Dreamrise_SMSK/Animations/ABP_Quinn.uasset,.uasset,52962,Dreamrise_SMSK,Unreal package (class unverified),format/extension only,added/custom content
Content/Dreamrise_SMSK/Animations/Anim_FP_Holdable_Idle.uasset,.uasset,1622838,Dreamrise_SMSK,Unreal package (class unverified),format/extension only,added/custom content
Content/Dreamrise_SMSK/Animations/AniM_FP_Holdable_Pistol.uasset,.uasset,227872,Dreamrise_SMSK,Unreal package (class unverified),format/extension only,added/custom content
Content/Dreamrise_SMSK/Animations/AniM_FP_Holdable_Pistol1.uasset,.uasset,215663,Dreamrise_SMSK,Unreal package (class unverified),format/extension only,added/custom content
Content/Dreamrise_SMSK/Animations/Anim_FP_Holdable_Rifle.uasset,.uasset,364928,Dreamrise_SMSK,Unreal package (class unverified),format/extension only,added/custom content
Content/Dreamrise_SMSK/Animations/Zombie/A_Zombie_Combat_Swing.uasset,.uasset,434220,Dreamrise_SMSK,Unreal package (class unverified),format/extension only,added/custom content
Content/Dreamrise_SMSK/Animations/Zombie/A_Zombie_Combat_Swing_Montage.uasset,.uasset,10591,Dreamrise_SMSK,Unreal package (class unverified),format/extension only,added/custom content
Content/Dreamrise_SMSK/Animations/Zombie/A_Zombie_Hit.uasset,.uasset,1585330,Dreamrise_SMSK,Unreal package (class unverified),format/extension only,added/custom content
Content/Dreamrise_SMSK/Animations/Zombie/A_Zombie_Hit_Montage.uasset,.uasset,10280,Dreamrise_SMSK,Unreal package (class unverified),format/extension only,added/custom content
Content/Dreamrise_SMSK/Animations/Zombie/A_Zombie_Idle.uasset,.uasset,253962,Dreamrise_SMSK,Unreal package (class unverified),format/extension only,added/custom content
Content/Dreamrise_SMSK/Animations/Zombie/A_Zombie_Walk.uasset,.uasset,231865,Dreamrise_SMSK,Unreal package (class unverified),format/extension only,added/custom content
Content/Dreamrise_SMSK/Animations/Zombie/A_Zombie_Walk_Slow.uasset,.uasset,322763,Dreamrise_SMSK,Unreal package (class unverified),format/extension only,added/custom content
Content/Dreamrise_SMSK/Animations/Zombie/ABP_Zombie.uasset,.uasset,73311,Dreamrise_SMSK,Unreal package (class unverified),format/extension only,added/custom content
Content/Dreamrise_SMSK/Animations/Zombie/BS_Zombie_Moving.uasset,.uasset,8796,Dreamrise_SMSK,Unreal package (class unverified),format/extension only,added/custom content
Content/Dreamrise_SMSK/Assets/FX/P_Gunshot.uasset,.uasset,26451,Dreamrise_SMSK,Unreal package (class unverified),format/extension only,added/custom content
Content/Dreamrise_SMSK/Assets/FX/P_ImpactStuff.uasset,.uasset,220958,Dreamrise_SMSK,Unreal package (class unverified),format/extension only,added/custom content
Content/Dreamrise_SMSK/Assets/Materials/M_Base.uasset,.uasset,16617,Dreamrise_SMSK,Unreal package (class unverified),format/extension only,added/custom content
Content/Dreamrise_SMSK/Assets/Materials/M_BuildingGhost.uasset,.uasset,12364,Dreamrise_SMSK,Unreal package (class unverified),format/extension only,added/custom content
Content/Dreamrise_SMSK/Assets/Materials/M_Fireparticle.uasset,.uasset,9666,Dreamrise_SMSK,Unreal package (class unverified),format/extension only,added/custom content
Content/Dreamrise_SMSK/Assets/Materials/M_Landscape.uasset,.uasset,42183,Dreamrise_SMSK,Unreal package (class unverified),format/extension only,added/custom content
Content/Dreamrise_SMSK/Assets/Materials/M_Leaves.uasset,.uasset,26994,Dreamrise_SMSK,Unreal package (class unverified),format/extension only,added/custom content
Content/Dreamrise_SMSK/Assets/Materials/M_Transparent.uasset,.uasset,10922,Dreamrise_SMSK,Unreal package (class unverified),format/extension only,added/custom content
Content/Dreamrise_SMSK/Assets/Materials/M_Water.uasset,.uasset,11006,Dreamrise_SMSK,Unreal package (class unverified),format/extension only,added/custom content
Content/Dreamrise_SMSK/Assets/Materials/M_Weapon.uasset,.uasset,12556,Dreamrise_SMSK,Unreal package (class unverified),format/extension only,added/custom content
Content/Dreamrise_SMSK/Assets/Materials/M_WoodenBark.uasset,.uasset,98408,Dreamrise_SMSK,Unreal package (class unverified),format/extension only,added/custom content
Content/Dreamrise_SMSK/Assets/Materials/MF_ProcGrid.uasset,.uasset,51101,Dreamrise_SMSK,Unreal package (class unverified),format/extension only,added/custom content
Content/Dreamrise_SMSK/Assets/Materials/MI_Base_Normal.uasset,.uasset,7931,Dreamrise_SMSK,Unreal package (class unverified),format/extension only,added/custom content
Content/Dreamrise_SMSK/Assets/Materials/MI_Leaves_Green.uasset,.uasset,119757,Dreamrise_SMSK,Unreal package (class unverified),format/extension only,added/custom content
Content/Dreamrise_SMSK/Assets/Materials/ParameterCollection/MPC_DynamicWeatherSystem.uasset,.uasset,2159,Dreamrise_SMSK,Unreal package (class unverified),format/extension only,added/custom content
Content/Dreamrise_SMSK/Assets/Meshes/SM_AK47.uasset,.uasset,41273,Dreamrise_SMSK,Unreal package (class unverified),format/extension only,added/custom content
Content/Dreamrise_SMSK/Assets/Meshes/SM_AK47mp.uasset,.uasset,112348,Dreamrise_SMSK,Unreal package (class unverified),format/extension only,added/custom content
Content/Dreamrise_SMSK/Assets/Meshes/SM_Ammo.uasset,.uasset,40019,Dreamrise_SMSK,Unreal package (class unverified),format/extension only,added/custom content
Content/Dreamrise_SMSK/Assets/Meshes/SM_Bread.uasset,.uasset,27238,Dreamrise_SMSK,Unreal package (class unverified),format/extension only,added/custom content
Content/Dreamrise_SMSK/Assets/Meshes/SM_BuildPlan.uasset,.uasset,19605,Dreamrise_SMSK,Unreal package (class unverified),format/extension only,added/custom content
Content/Dreamrise_SMSK/Assets/Meshes/SM_Colt.uasset,.uasset,60317,Dreamrise_SMSK,Unreal package (class unverified),format/extension only,added/custom content
Content/Dreamrise_SMSK/Assets/Meshes/SM_FishingBall.uasset,.uasset,26097,Dreamrise_SMSK,Unreal package (class unverified),format/extension only,added/custom content
Content/Dreamrise_SMSK/Assets/Meshes/SM_Glock.uasset,.uasset,38404,Dreamrise_SMSK,Unreal package (class unverified),format/extension only,added/custom content
Content/Dreamrise_SMSK/Assets/Meshes/SM_Hammer.uasset,.uasset,89561,Dreamrise_SMSK,Unreal package (class unverified),format/extension only,added/custom content
Content/Dreamrise_SMSK/Assets/Meshes/SM_Logs.uasset,.uasset,23444,Dreamrise_SMSK,Unreal package (class unverified),format/extension only,added/custom content
Content/Dreamrise_SMSK/Assets/Meshes/SM_M4.uasset,.uasset,52881,Dreamrise_SMSK,Unreal package (class unverified),format/extension only,added/custom content
Content/Dreamrise_SMSK/Assets/Meshes/SM_Machette.uasset,.uasset,27449,Dreamrise_SMSK,Unreal package (class unverified),format/extension only,added/custom content
Content/Dreamrise_SMSK/Assets/Meshes/SM_Mountain_A.uasset,.uasset,466289,Dreamrise_SMSK,Unreal package (class unverified),format/extension only,added/custom content
Content/Dreamrise_SMSK/Assets/Meshes/SM_RepairBench.uasset,.uasset,101692,Dreamrise_SMSK,Unreal package (class unverified),format/extension only,added/custom content
Content/Dreamrise_SMSK/Assets/Meshes/SM_Rock.uasset,.uasset,22028,Dreamrise_SMSK,Unreal package (class unverified),format/extension only,added/custom content
Content/Dreamrise_SMSK/Assets/Meshes/SM_Scarmp.uasset,.uasset,108367,Dreamrise_SMSK,Unreal package (class unverified),format/extension only,added/custom content
Content/Dreamrise_SMSK/Assets/Meshes/SM_SmallWoodeHut.uasset,.uasset,70852,Dreamrise_SMSK,Unreal package (class unverified),format/extension only,added/custom content
Content/Dreamrise_SMSK/Assets/Meshes/SM_StoneHatchet.uasset,.uasset,198924,Dreamrise_SMSK,Unreal package (class unverified),format/extension only,added/custom content
Content/Dreamrise_SMSK/Assets/Meshes/SM_StoneItem.uasset,.uasset,21389,Dreamrise_SMSK,Unreal package (class unverified),format/extension only,added/custom content
Content/Dreamrise_SMSK/Assets/Meshes/SM_StoragePart_03.uasset,.uasset,24191,Dreamrise_SMSK,Unreal package (class unverified),format/extension only,added/custom content
Content/Dreamrise_SMSK/Assets/Meshes/SM_Torch.uasset,.uasset,21685,Dreamrise_SMSK,Unreal package (class unverified),format/extension only,added/custom content
Content/Dreamrise_SMSK/Assets/Meshes/SM_Tree_Green_01.uasset,.uasset,289514,Dreamrise_SMSK,Unreal package (class unverified),format/extension only,added/custom content
Content/Dreamrise_SMSK/Assets/Meshes/SM_WaterBottle.uasset,.uasset,21924,Dreamrise_SMSK,Unreal package (class unverified),format/extension only,added/custom content
Content/Dreamrise_SMSK/Assets/Textures/Icons/Items/T_AK47_Grid.uasset,.uasset,22372,Dreamrise_SMSK,Unreal package (class unverified),format/extension only,added/custom content
Content/Dreamrise_SMSK/Assets/Textures/Icons/Items/T_AmmoIcon.uasset,.uasset,133002,Dreamrise_SMSK,Unreal package (class unverified),format/extension only,added/custom content
Content/Dreamrise_SMSK/Assets/Textures/Icons/Items/T_Bread.uasset,.uasset,76647,Dreamrise_SMSK,Unreal package (class unverified),format/extension only,added/custom content
Content/Dreamrise_SMSK/Assets/Textures/Icons/Items/T_Colt_Grid.uasset,.uasset,20059,Dreamrise_SMSK,Unreal package (class unverified),format/extension only,added/custom content
Content/Dreamrise_SMSK/Assets/Textures/Icons/Items/T_Hammer.uasset,.uasset,96161,Dreamrise_SMSK,Unreal package (class unverified),format/extension only,added/custom content
Content/Dreamrise_SMSK/Assets/Textures/Icons/Items/T_Log.uasset,.uasset,128695,Dreamrise_SMSK,Unreal package (class unverified),format/extension only,added/custom content
Content/Dreamrise_SMSK/Assets/Textures/Icons/Items/T_M4_Grid.uasset,.uasset,21248,Dreamrise_SMSK,Unreal package (class unverified),format/extension only,added/custom content
Content/Dreamrise_SMSK/Assets/Textures/Icons/Items/T_Machette.uasset,.uasset,78987,Dreamrise_SMSK,Unreal package (class unverified),format/extension only,added/custom content
Content/Dreamrise_SMSK/Assets/Textures/Icons/Items/T_Stone.uasset,.uasset,151027,Dreamrise_SMSK,Unreal package (class unverified),format/extension only,added/custom content
Content/Dreamrise_SMSK/Assets/Textures/Icons/Items/T_StoneHatchet.uasset,.uasset,90979,Dreamrise_SMSK,Unreal package (class unverified),format/extension only,added/custom content
Content/Dreamrise_SMSK/Assets/Textures/Icons/Items/T_WaterBottle.uasset,.uasset,104215,Dreamrise_SMSK,Unreal package (class unverified),format/extension only,added/custom content
Content/Dreamrise_SMSK/Assets/Textures/Icons/T_ArrowUp_UI.uasset,.uasset,11347,Dreamrise_SMSK,Unreal package (class unverified),format/extension only,added/custom content
Content/Dreamrise_SMSK/Assets/Textures/Icons/T_Crosshair.uasset,.uasset,5203,Dreamrise_SMSK,Unreal package (class unverified),format/extension only,added/custom content
Content/Dreamrise_SMSK/Assets/Textures/Icons/T_Discord_UI.uasset,.uasset,26294,Dreamrise_SMSK,Unreal package (class unverified),format/extension only,added/custom content
Content/Dreamrise_SMSK/Assets/Textures/Icons/T_DRProfile_UI.uasset,.uasset,149509,Dreamrise_SMSK,Unreal package (class unverified),format/extension only,added/custom content
Content/Dreamrise_SMSK/Assets/Textures/Icons/T_Food_UI.uasset,.uasset,12214,Dreamrise_SMSK,Unreal package (class unverified),format/extension only,added/custom content
Content/Dreamrise_SMSK/Assets/Textures/Icons/T_Health_UI.uasset,.uasset,10897,Dreamrise_SMSK,Unreal package (class unverified),format/extension only,added/custom content
Content/Dreamrise_SMSK/Assets/Textures/Icons/T_Marker_01.uasset,.uasset,60095,Dreamrise_SMSK,Unreal package (class unverified),format/extension only,added/custom content
Content/Dreamrise_SMSK/Assets/Textures/Icons/T_Web_UI.uasset,.uasset,11741,Dreamrise_SMSK,Unreal package (class unverified),format/extension only,added/custom content
Content/Dreamrise_SMSK/Assets/Textures/T_ColorPalette.uasset,.uasset,14639,Dreamrise_SMSK,Unreal package (class unverified),format/extension only,added/custom content
Content/Dreamrise_SMSK/Assets/Textures/T_HairMask.uasset,.uasset,7456,Dreamrise_SMSK,Unreal package (class unverified),format/extension only,added/custom content
Content/Dreamrise_SMSK/Assets/Textures/T_Leaves.uasset,.uasset,181361,Dreamrise_SMSK,Unreal package (class unverified),format/extension only,added/custom content
Content/Dreamrise_SMSK/Assets/Textures/T_WeaponColors.uasset,.uasset,6782,Dreamrise_SMSK,Unreal package (class unverified),format/extension only,added/custom content
Content/Dreamrise_SMSK/Audio/Attenuation/SAT_Gunshot.uasset,.uasset,1377,Dreamrise_SMSK,Unreal package (class unverified),format/extension only,added/custom content
Content/Dreamrise_SMSK/Audio/Attenuation/SAT_Hit.uasset,.uasset,1361,Dreamrise_SMSK,Unreal package (class unverified),format/extension only,added/custom content
Content/Dreamrise_SMSK/Audio/Concurency/SC_Gunshot.uasset,.uasset,1429,Dreamrise_SMSK,Unreal package (class unverified),format/extension only,added/custom content
Content/Dreamrise_SMSK/Audio/CUE__Footsteps.uasset,.uasset,11019,Dreamrise_SMSK,Unreal package (class unverified),format/extension only,added/custom content
Content/Dreamrise_SMSK/Audio/CUE_Backpack.uasset,.uasset,8025,Dreamrise_SMSK,Unreal package (class unverified),format/extension only,added/custom content
Content/Dreamrise_SMSK/Audio/CUE_Damage.uasset,.uasset,5530,Dreamrise_SMSK,Unreal package (class unverified),format/extension only,added/custom content
Content/Dreamrise_SMSK/Audio/CUE_Eating.uasset,.uasset,5213,Dreamrise_SMSK,Unreal package (class unverified),format/extension only,added/custom content
Content/Dreamrise_SMSK/Audio/CUE_Gunshot_Pistol_01_Cue.uasset,.uasset,8716,Dreamrise_SMSK,Unreal package (class unverified),format/extension only,added/custom content
Content/Dreamrise_SMSK/Audio/CUE_Impact.uasset,.uasset,10975,Dreamrise_SMSK,Unreal package (class unverified),format/extension only,added/custom content
Content/Dreamrise_SMSK/Audio/CUE_Soundtrack_Dreamrise_01.uasset,.uasset,6514,Dreamrise_SMSK,Unreal package (class unverified),format/extension only,added/custom content
Content/Dreamrise_SMSK/Audio/CUE_Welcome.uasset,.uasset,11074,Dreamrise_SMSK,Unreal package (class unverified),format/extension only,added/custom content
Content/Dreamrise_SMSK/Audio/CUE_Zombie_Damage.uasset,.uasset,7516,Dreamrise_SMSK,Unreal package (class unverified),format/extension only,added/custom content
Content/Dreamrise_SMSK/Audio/WAV_Backpack_01.uasset,.uasset,117399,Dreamrise_SMSK,Unreal package (class unverified),format/extension only,added/custom content
Content/Dreamrise_SMSK/Audio/WAV_Backpack_02.uasset,.uasset,135728,Dreamrise_SMSK,Unreal package (class unverified),format/extension only,added/custom content
Content/Dreamrise_SMSK/Audio/WAV_Damage_01.uasset,.uasset,136780,Dreamrise_SMSK,Unreal package (class unverified),format/extension only,added/custom content
Content/Dreamrise_SMSK/Audio/WAV_Eating.uasset,.uasset,235560,Dreamrise_SMSK,Unreal package (class unverified),format/extension only,added/custom content
Content/Dreamrise_SMSK/Audio/WAV_FootstepSolid_01.uasset,.uasset,54320,Dreamrise_SMSK,Unreal package (class unverified),format/extension only,added/custom content
Content/Dreamrise_SMSK/Audio/WAV_FootstepSolid_02.uasset,.uasset,51819,Dreamrise_SMSK,Unreal package (class unverified),format/extension only,added/custom content
Content/Dreamrise_SMSK/Audio/WAV_FootstepSolid_03.uasset,.uasset,57158,Dreamrise_SMSK,Unreal package (class unverified),format/extension only,added/custom content
Content/Dreamrise_SMSK/Audio/WAV_FootstepSolid_04.uasset,.uasset,48671,Dreamrise_SMSK,Unreal package (class unverified),format/extension only,added/custom content
Content/Dreamrise_SMSK/Audio/WAV_Gunshot_Pistol_01.uasset,.uasset,133637,Dreamrise_SMSK,Unreal package (class unverified),format/extension only,added/custom content
Content/Dreamrise_SMSK/Audio/WAV_HitsoundMarker.uasset,.uasset,86329,Dreamrise_SMSK,Unreal package (class unverified),format/extension only,added/custom content
Content/Dreamrise_SMSK/Audio/WAV_Impact_01.uasset,.uasset,114263,Dreamrise_SMSK,Unreal package (class unverified),format/extension only,added/custom content
Content/Dreamrise_SMSK/Audio/WAV_Impact_02.uasset,.uasset,91289,Dreamrise_SMSK,Unreal package (class unverified),format/extension only,added/custom content
Content/Dreamrise_SMSK/Audio/WAV_Impact_03.uasset,.uasset,68928,Dreamrise_SMSK,Unreal package (class unverified),format/extension only,added/custom content
Content/Dreamrise_SMSK/Audio/WAV_Pistol_Glock_Fire.uasset,.uasset,110984,Dreamrise_SMSK,Unreal package (class unverified),format/extension only,added/custom content
Content/Dreamrise_SMSK/Audio/WAV_Soundtrack_Dreamrise_01.uasset,.uasset,21374351,Dreamrise_SMSK,Unreal package (class unverified),format/extension only,added/custom content
Content/Dreamrise_SMSK/Audio/WAV_Welcome.uasset,.uasset,2037142,Dreamrise_SMSK,Unreal package (class unverified),format/extension only,added/custom content
Content/Dreamrise_SMSK/Audio/WAV_Welcome_02.uasset,.uasset,1209263,Dreamrise_SMSK,Unreal package (class unverified),format/extension only,added/custom content
Content/Dreamrise_SMSK/Audio/WAV_Welcome_03.uasset,.uasset,950041,Dreamrise_SMSK,Unreal package (class unverified),format/extension only,added/custom content
Content/Dreamrise_SMSK/Audio/WAV_Zombie_Damage_01.uasset,.uasset,74671,Dreamrise_SMSK,Unreal package (class unverified),format/extension only,added/custom content
Content/Dreamrise_SMSK/Blueprints/AI/BB_Zombie.uasset,.uasset,3460,Dreamrise_SMSK,Unreal package (class unverified),format/extension only,added/custom content
Content/Dreamrise_SMSK/Blueprints/AI/BT_Zombie.uasset,.uasset,24844,Dreamrise_SMSK,Unreal package (class unverified),format/extension only,added/custom content
Content/Dreamrise_SMSK/Blueprints/AI/BTTAsk_CallAIAction.uasset,.uasset,27199,Dreamrise_SMSK,Unreal package (class unverified),format/extension only,added/custom content
Content/Dreamrise_SMSK/Blueprints/AI/BTTask_FindRandomLocationInRadius.uasset,.uasset,44150,Dreamrise_SMSK,Unreal package (class unverified),format/extension only,added/custom content
Content/Dreamrise_SMSK/Blueprints/BFL_SimpleInventorySystem.uasset,.uasset,32753,Dreamrise_SMSK,Unreal package (class unverified),format/extension only,added/custom content
Content/Dreamrise_SMSK/Blueprints/BP_Building_Base.uasset,.uasset,76627,Dreamrise_SMSK,Unreal package (class unverified),format/extension only,added/custom content
Content/Dreamrise_SMSK/Blueprints/BP_Building_Bench.uasset,.uasset,35295,Dreamrise_SMSK,Unreal package (class unverified),format/extension only,added/custom content
Content/Dreamrise_SMSK/Blueprints/BP_Building_Torch.uasset,.uasset,35672,Dreamrise_SMSK,Unreal package (class unverified),format/extension only,added/custom content
Content/Dreamrise_SMSK/Blueprints/BP_Harvestable.uasset,.uasset,98780,Dreamrise_SMSK,Unreal package (class unverified),format/extension only,added/custom content
Content/Dreamrise_SMSK/Blueprints/BP_Harvestable_Stone.uasset,.uasset,32408,Dreamrise_SMSK,Unreal package (class unverified),format/extension only,added/custom content
Content/Dreamrise_SMSK/Blueprints/BP_Holdable.uasset,.uasset,118349,Dreamrise_SMSK,Unreal package (class unverified),format/extension only,added/custom content
Content/Dreamrise_SMSK/Blueprints/BP_Holdable_BuildHammer.uasset,.uasset,219759,Dreamrise_SMSK,Unreal package (class unverified),format/extension only,added/custom content
Content/Dreamrise_SMSK/Blueprints/BP_Holdable_BuildHammer_Bench.uasset,.uasset,35938,Dreamrise_SMSK,Unreal package (class unverified),format/extension only,added/custom content
Content/Dreamrise_SMSK/Blueprints/BP_Holdable_BuildHammer_Torch.uasset,.uasset,37045,Dreamrise_SMSK,Unreal package (class unverified),format/extension only,added/custom content
Content/Dreamrise_SMSK/Blueprints/BP_Holdable_Food.uasset,.uasset,146712,Dreamrise_SMSK,Unreal package (class unverified),format/extension only,added/custom content
Content/Dreamrise_SMSK/Blueprints/BP_Holdable_Food_Bread.uasset,.uasset,39868,Dreamrise_SMSK,Unreal package (class unverified),format/extension only,added/custom content
Content/Dreamrise_SMSK/Blueprints/BP_Holdable_MeleeWeapon.uasset,.uasset,283456,Dreamrise_SMSK,Unreal package (class unverified),format/extension only,added/custom content
Content/Dreamrise_SMSK/Blueprints/BP_Holdable_MeleeWeapon_Hatchet.uasset,.uasset,40315,Dreamrise_SMSK,Unreal package (class unverified),format/extension only,added/custom content
Content/Dreamrise_SMSK/Blueprints/BP_Holdable_RangeWeapon.uasset,.uasset,543996,Dreamrise_SMSK,Unreal package (class unverified),format/extension only,added/custom content
Content/Dreamrise_SMSK/Blueprints/BP_Holdable_RangeWeapon_AK47.uasset,.uasset,42599,Dreamrise_SMSK,Unreal package (class unverified),format/extension only,added/custom content
Content/Dreamrise_SMSK/Blueprints/BP_Holdable_RangeWeapon_Colt.uasset,.uasset,42263,Dreamrise_SMSK,Unreal package (class unverified),format/extension only,added/custom content
Content/Dreamrise_SMSK/Blueprints/BP_Holdable_RangeWeapon_Glock.uasset,.uasset,42292,Dreamrise_SMSK,Unreal package (class unverified),format/extension only,added/custom content
Content/Dreamrise_SMSK/Blueprints/BP_Holdable_RangeWeapon_M4.uasset,.uasset,24869,Dreamrise_SMSK,Unreal package (class unverified),format/extension only,added/custom content
Content/Dreamrise_SMSK/Blueprints/BP_LootBox.uasset,.uasset,55183,Dreamrise_SMSK,Unreal package (class unverified),format/extension only,added/custom content
Content/Dreamrise_SMSK/Blueprints/BP_LootItem.uasset,.uasset,187921,Dreamrise_SMSK,Unreal package (class unverified),format/extension only,added/custom content
Content/Dreamrise_SMSK/Blueprints/BP_SMSK_Gamemode.uasset,.uasset,15946,Dreamrise_SMSK,Unreal package (class unverified),format/extension only,added/custom content
Content/Dreamrise_SMSK/Blueprints/BP_SMSK_PlayerCharacter.uasset,.uasset,965079,Dreamrise_SMSK,Unreal package (class unverified),format/extension only,added/custom content
Content/Dreamrise_SMSK/Blueprints/BP_SMSK_PlayerController.uasset,.uasset,242987,Dreamrise_SMSK,Unreal package (class unverified),format/extension only,added/custom content
Content/Dreamrise_SMSK/Blueprints/BP_ZombieAI.uasset,.uasset,472984,Dreamrise_SMSK,Unreal package (class unverified),format/extension only,added/custom content
Content/Dreamrise_SMSK/Blueprints/BP_ZombieSpawner.uasset,.uasset,41160,Dreamrise_SMSK,Unreal package (class unverified),format/extension only,added/custom content
Content/Dreamrise_SMSK/Blueprints/Components/BPC_SimpleInventorySystem.uasset,.uasset,902275,Dreamrise_SMSK,Unreal package (class unverified),format/extension only,added/custom content
Content/Dreamrise_SMSK/Blueprints/Components/BPC_SMSK_LootComponent.uasset,.uasset,267226,Dreamrise_SMSK,Unreal package (class unverified),format/extension only,added/custom content
Content/Dreamrise_SMSK/Blueprints/Interfaces/BPI_AIInterface.uasset,.uasset,12167,Dreamrise_SMSK,Unreal package (class unverified),format/extension only,added/custom content
Content/Dreamrise_SMSK/Blueprints/Interfaces/BPI_Holdable.uasset,.uasset,33382,Dreamrise_SMSK,Unreal package (class unverified),format/extension only,added/custom content
Content/Dreamrise_SMSK/Blueprints/Interfaces/BPI_InteractionSystem.uasset,.uasset,24067,Dreamrise_SMSK,Unreal package (class unverified),format/extension only,added/custom content
Content/Dreamrise_SMSK/Blueprints/Interfaces/BPI_PlayerAnimation.uasset,.uasset,20191,Dreamrise_SMSK,Unreal package (class unverified),format/extension only,added/custom content
Content/Dreamrise_SMSK/Blueprints/Interfaces/BPI_PlayerBase.uasset,.uasset,11791,Dreamrise_SMSK,Unreal package (class unverified),format/extension only,added/custom content
Content/Dreamrise_SMSK/Blueprints/Interfaces/BPI_PlayerMovement.uasset,.uasset,12334,Dreamrise_SMSK,Unreal package (class unverified),format/extension only,added/custom content
Content/Dreamrise_SMSK/Blueprints/Interfaces/BPI_PlayerStats.uasset,.uasset,28773,Dreamrise_SMSK,Unreal package (class unverified),format/extension only,added/custom content
Content/Dreamrise_SMSK/Blueprints/Interfaces/BPI_PlayerUserInterface.uasset,.uasset,17287,Dreamrise_SMSK,Unreal package (class unverified),format/extension only,added/custom content
Content/Dreamrise_SMSK/Blueprints/Interfaces/BPI_SimpleInventorySystem.uasset,.uasset,40111,Dreamrise_SMSK,Unreal package (class unverified),format/extension only,added/custom content
Content/Dreamrise_SMSK/Blueprints/Widgets/W_BuildingRecipe.uasset,.uasset,92443,Dreamrise_SMSK,Unreal package (class unverified),format/extension only,added/custom content
Content/Dreamrise_SMSK/Blueprints/Widgets/W_BuildingRequirement.uasset,.uasset,47548,Dreamrise_SMSK,Unreal package (class unverified),format/extension only,added/custom content
Content/Dreamrise_SMSK/Blueprints/Widgets/W_Holdable_Ammo.uasset,.uasset,79188,Dreamrise_SMSK,Unreal package (class unverified),format/extension only,added/custom content
Content/Dreamrise_SMSK/Blueprints/Widgets/W_InventoryScreen.uasset,.uasset,386195,Dreamrise_SMSK,Unreal package (class unverified),format/extension only,added/custom content
Content/Dreamrise_SMSK/Blueprints/Widgets/W_Loading.uasset,.uasset,60269,Dreamrise_SMSK,Unreal package (class unverified),format/extension only,added/custom content
Content/Dreamrise_SMSK/Blueprints/Widgets/W_Mainmenu.uasset,.uasset,114125,Dreamrise_SMSK,Unreal package (class unverified),format/extension only,added/custom content
Content/Dreamrise_SMSK/Blueprints/Widgets/W_MainUI.uasset,.uasset,755715,Dreamrise_SMSK,Unreal package (class unverified),format/extension only,added/custom content
Content/Dreamrise_SMSK/Blueprints/Widgets/W_SimpleInventorySystem_InventoryItem.uasset,.uasset,202130,Dreamrise_SMSK,Unreal package (class unverified),format/extension only,added/custom content
Content/Dreamrise_SMSK/Blueprints/Widgets/W_SimpleInventorySystem_UIWeaponSlot.uasset,.uasset,194602,Dreamrise_SMSK,Unreal package (class unverified),format/extension only,added/custom content
Content/Dreamrise_SMSK/Characters/UE4_Manny/Materials/M_Human.uasset,.uasset,24569,Dreamrise_SMSK,Unreal package (class unverified),format/extension only,added/custom content
Content/Dreamrise_SMSK/Characters/UE4_Manny/Materials/MI_Zombie.uasset,.uasset,10261,Dreamrise_SMSK,Unreal package (class unverified),format/extension only,added/custom content
Content/Dreamrise_SMSK/Characters/UE4_Manny/SK_Mannequin_PhysicsAsset.uasset,.uasset,47927,Dreamrise_SMSK,Unreal package (class unverified),format/extension only,added/custom content
Content/Dreamrise_SMSK/Characters/UE4_Manny/SK_Mannequin_Skeleton.uasset,.uasset,26029,Dreamrise_SMSK,Unreal package (class unverified),format/extension only,added/custom content
Content/Dreamrise_SMSK/Characters/UE4_Manny/SK_Zombie_01.uasset,.uasset,984164,Dreamrise_SMSK,Unreal package (class unverified),format/extension only,added/custom content
Content/Dreamrise_SMSK/Characters/UE4_Manny/SK_Zombie_01_PhysicsAsset.uasset,.uasset,31354,Dreamrise_SMSK,Unreal package (class unverified),format/extension only,added/custom content
Content/Dreamrise_SMSK/Characters/UE4_Manny/Textures/T_HumanColors.uasset,.uasset,9542,Dreamrise_SMSK,Unreal package (class unverified),format/extension only,added/custom content
Content/Dreamrise_SMSK/Characters/UE4_Manny/Textures/T_HumanMask.uasset,.uasset,7399,Dreamrise_SMSK,Unreal package (class unverified),format/extension only,added/custom content
Content/Dreamrise_SMSK/Characters/UE5_Manny/SKM_Male.uasset,.uasset,1284121,Dreamrise_SMSK,Unreal package (class unverified),format/extension only,added/custom content
Content/Dreamrise_SMSK/Demo/Materials/M_PrototypeGrid.uasset,.uasset,43388,Dreamrise_SMSK,Unreal package (class unverified),format/extension only,added/custom content
Content/Dreamrise_SMSK/Demo/Materials/M_Solid.uasset,.uasset,11917,Dreamrise_SMSK,Unreal package (class unverified),format/extension only,added/custom content
Content/Dreamrise_SMSK/Demo/Materials/MI_PrototypeGrid_Brown.uasset,.uasset,13028,Dreamrise_SMSK,Unreal package (class unverified),format/extension only,added/custom content
Content/Dreamrise_SMSK/Demo/Materials/MI_PrototypeGrid_Gray_02.uasset,.uasset,12368,Dreamrise_SMSK,Unreal package (class unverified),format/extension only,added/custom content
Content/Dreamrise_SMSK/Demo/Materials/MI_PrototypeGrid_Green.uasset,.uasset,12384,Dreamrise_SMSK,Unreal package (class unverified),format/extension only,added/custom content
Content/Dreamrise_SMSK/Demo/Materials/MI_PrototypeGrid_TopDark.uasset,.uasset,12377,Dreamrise_SMSK,Unreal package (class unverified),format/extension only,added/custom content
Content/Dreamrise_SMSK/Demo/Materials/MI_Solid_Blue.uasset,.uasset,9017,Dreamrise_SMSK,Unreal package (class unverified),format/extension only,added/custom content
Content/Dreamrise_SMSK/Demo/Textures/T_GridChecker_A.uasset,.uasset,7844,Dreamrise_SMSK,Unreal package (class unverified),format/extension only,added/custom content
Content/Dreamrise_SMSK/Demo/UE5_Manny/Animations/Manny/BS_MM_WalkRun.uasset,.uasset,9562,Dreamrise_SMSK,Unreal package (class unverified),format/extension only,added/custom content
Content/Dreamrise_SMSK/Demo/UE5_Manny/Animations/Manny/MM_Fall_Loop.uasset,.uasset,925261,Dreamrise_SMSK,Unreal package (class unverified),format/extension only,added/custom content
Content/Dreamrise_SMSK/Demo/UE5_Manny/Animations/Manny/MM_Idle.uasset,.uasset,1436474,Dreamrise_SMSK,Unreal package (class unverified),format/extension only,added/custom content
Content/Dreamrise_SMSK/Demo/UE5_Manny/Animations/Manny/MM_Jump.uasset,.uasset,403640,Dreamrise_SMSK,Unreal package (class unverified),format/extension only,added/custom content
Content/Dreamrise_SMSK/Demo/UE5_Manny/Animations/Manny/MM_Land.uasset,.uasset,409342,Dreamrise_SMSK,Unreal package (class unverified),format/extension only,added/custom content
Content/Dreamrise_SMSK/Demo/UE5_Manny/Animations/Manny/MM_Run_Fwd.uasset,.uasset,482285,Dreamrise_SMSK,Unreal package (class unverified),format/extension only,added/custom content
Content/Dreamrise_SMSK/Demo/UE5_Manny/Animations/Manny/MM_T_Pose.uasset,.uasset,91146,Dreamrise_SMSK,Unreal package (class unverified),format/extension only,added/custom content
Content/Dreamrise_SMSK/Demo/UE5_Manny/Animations/Manny/MM_Walk_Fwd.uasset,.uasset,548791,Dreamrise_SMSK,Unreal package (class unverified),format/extension only,added/custom content
Content/Dreamrise_SMSK/Demo/UE5_Manny/Animations/Manny/MM_Walk_InPlace.uasset,.uasset,715825,Dreamrise_SMSK,Unreal package (class unverified),format/extension only,added/custom content
Content/Dreamrise_SMSK/Demo/UE5_Manny/Animations/Quinn/BS_MF_Unarmed_WalkRun.uasset,.uasset,9602,Dreamrise_SMSK,Unreal package (class unverified),format/extension only,added/custom content
Content/Dreamrise_SMSK/Demo/UE5_Manny/Animations/Quinn/MF_Idle.uasset,.uasset,953525,Dreamrise_SMSK,Unreal package (class unverified),format/extension only,added/custom content
Content/Dreamrise_SMSK/Demo/UE5_Manny/Animations/Quinn/MF_Run_Fwd.uasset,.uasset,514926,Dreamrise_SMSK,Unreal package (class unverified),format/extension only,added/custom content
Content/Dreamrise_SMSK/Demo/UE5_Manny/Animations/Quinn/MF_Walk_Fwd.uasset,.uasset,520539,Dreamrise_SMSK,Unreal package (class unverified),format/extension only,added/custom content
Content/Dreamrise_SMSK/Demo/UE5_Manny/Materials/Functions/CA_Mannequin.uasset,.uasset,5279,Dreamrise_SMSK,Unreal package (class unverified),format/extension only,added/custom content
Content/Dreamrise_SMSK/Demo/UE5_Manny/Materials/Functions/ChromaticCurve.uasset,.uasset,6204,Dreamrise_SMSK,Unreal package (class unverified),format/extension only,added/custom content
Content/Dreamrise_SMSK/Demo/UE5_Manny/Materials/Functions/MF_Diffraction.uasset,.uasset,33053,Dreamrise_SMSK,Unreal package (class unverified),format/extension only,added/custom content
Content/Dreamrise_SMSK/Demo/UE5_Manny/Materials/Functions/MF_logo3layers.uasset,.uasset,57704,Dreamrise_SMSK,Unreal package (class unverified),format/extension only,added/custom content
Content/Dreamrise_SMSK/Demo/UE5_Manny/Materials/Functions/ML_BaseColorFallOff.uasset,.uasset,14030,Dreamrise_SMSK,Unreal package (class unverified),format/extension only,added/custom content
Content/Dreamrise_SMSK/Demo/UE5_Manny/Materials/Instances/Manny/MI_Manny_01.uasset,.uasset,21548,Dreamrise_SMSK,Unreal package (class unverified),format/extension only,added/custom content
Content/Dreamrise_SMSK/Demo/UE5_Manny/Materials/Instances/Manny/MI_Manny_02.uasset,.uasset,24749,Dreamrise_SMSK,Unreal package (class unverified),format/extension only,added/custom content
Content/Dreamrise_SMSK/Demo/UE5_Manny/Materials/Instances/Quinn/MI_Quinn_01.uasset,.uasset,19603,Dreamrise_SMSK,Unreal package (class unverified),format/extension only,added/custom content
Content/Dreamrise_SMSK/Demo/UE5_Manny/Materials/Instances/Quinn/MI_Quinn_02.uasset,.uasset,25135,Dreamrise_SMSK,Unreal package (class unverified),format/extension only,added/custom content
Content/Dreamrise_SMSK/Demo/UE5_Manny/Materials/M_Mannequin.uasset,.uasset,86291,Dreamrise_SMSK,Unreal package (class unverified),format/extension only,added/custom content
Content/Dreamrise_SMSK/Demo/UE5_Manny/Meshes/Mannequin_LODSettings.uasset,.uasset,19395,Dreamrise_SMSK,Unreal package (class unverified),format/extension only,added/custom content
Content/Dreamrise_SMSK/Demo/UE5_Manny/Meshes/SK_Mannequin.uasset,.uasset,189040,Dreamrise_SMSK,Unreal package (class unverified),format/extension only,added/custom content
Content/Dreamrise_SMSK/Demo/UE5_Manny/Meshes/SKM_Manny.uasset,.uasset,28733349,Dreamrise_SMSK,Unreal package (class unverified),format/extension only,added/custom content
Content/Dreamrise_SMSK/Demo/UE5_Manny/Meshes/SKM_Manny_Simple.uasset,.uasset,15824393,Dreamrise_SMSK,Unreal package (class unverified),format/extension only,added/custom content
Content/Dreamrise_SMSK/Demo/UE5_Manny/Meshes/SKM_Quinn.uasset,.uasset,29914551,Dreamrise_SMSK,Unreal package (class unverified),format/extension only,added/custom content
Content/Dreamrise_SMSK/Demo/UE5_Manny/Meshes/SKM_Quinn_Simple.uasset,.uasset,16248811,Dreamrise_SMSK,Unreal package (class unverified),format/extension only,added/custom content
Content/Dreamrise_SMSK/Demo/UE5_Manny/Rigs/ABP_Manny_PostProcess.uasset,.uasset,425541,Dreamrise_SMSK,Unreal package (class unverified),format/extension only,added/custom content
Content/Dreamrise_SMSK/Demo/UE5_Manny/Rigs/ABP_Quinn_PostProcess.uasset,.uasset,425192,Dreamrise_SMSK,Unreal package (class unverified),format/extension only,added/custom content
Content/Dreamrise_SMSK/Demo/UE5_Manny/Rigs/CR_Mannequin_BasicFootIK.uasset,.uasset,412845,Dreamrise_SMSK,Unreal package (class unverified),format/extension only,added/custom content
Content/Dreamrise_SMSK/Demo/UE5_Manny/Rigs/CR_Mannequin_Body.uasset,.uasset,17121277,Dreamrise_SMSK,Unreal package (class unverified),format/extension only,added/custom content
Content/Dreamrise_SMSK/Demo/UE5_Manny/Rigs/CR_Mannequin_Procedural.uasset,.uasset,1345997,Dreamrise_SMSK,Unreal package (class unverified),format/extension only,added/custom content
Content/Dreamrise_SMSK/Demo/UE5_Manny/Rigs/IK_Mannequin.uasset,.uasset,144798,Dreamrise_SMSK,Unreal package (class unverified),format/extension only,added/custom content
Content/Dreamrise_SMSK/Demo/UE5_Manny/Rigs/PA_Mannequin.uasset,.uasset,309264,Dreamrise_SMSK,Unreal package (class unverified),format/extension only,added/custom content
Content/Dreamrise_SMSK/Demo/UE5_Manny/Rigs/Poses/Manny/Manny_calf_l_anim.uasset,.uasset,193245,Dreamrise_SMSK,Unreal package (class unverified),format/extension only,added/custom content
Content/Dreamrise_SMSK/Demo/UE5_Manny/Rigs/Poses/Manny/Manny_calf_l_pose.uasset,.uasset,203937,Dreamrise_SMSK,Unreal package (class unverified),format/extension only,added/custom content
Content/Dreamrise_SMSK/Demo/UE5_Manny/Rigs/Poses/Manny/Manny_calf_r_anim.uasset,.uasset,193255,Dreamrise_SMSK,Unreal package (class unverified),format/extension only,added/custom content
Content/Dreamrise_SMSK/Demo/UE5_Manny/Rigs/Poses/Manny/Manny_calf_r_pose.uasset,.uasset,203937,Dreamrise_SMSK,Unreal package (class unverified),format/extension only,added/custom content
Content/Dreamrise_SMSK/Demo/UE5_Manny/Rigs/Poses/Manny/Manny_clavicle_l_anim.uasset,.uasset,192801,Dreamrise_SMSK,Unreal package (class unverified),format/extension only,added/custom content
Content/Dreamrise_SMSK/Demo/UE5_Manny/Rigs/Poses/Manny/Manny_clavicle_l_pose.uasset,.uasset,202239,Dreamrise_SMSK,Unreal package (class unverified),format/extension only,added/custom content
Content/Dreamrise_SMSK/Demo/UE5_Manny/Rigs/Poses/Manny/Manny_clavicle_r_anim.uasset,.uasset,192643,Dreamrise_SMSK,Unreal package (class unverified),format/extension only,added/custom content
Content/Dreamrise_SMSK/Demo/UE5_Manny/Rigs/Poses/Manny/Manny_clavicle_r_pose.uasset,.uasset,202841,Dreamrise_SMSK,Unreal package (class unverified),format/extension only,added/custom content
Content/Dreamrise_SMSK/Demo/UE5_Manny/Rigs/Poses/Manny/Manny_foot_l_anim.uasset,.uasset,188901,Dreamrise_SMSK,Unreal package (class unverified),format/extension only,added/custom content
Content/Dreamrise_SMSK/Demo/UE5_Manny/Rigs/Poses/Manny/Manny_foot_l_pose.uasset,.uasset,128751,Dreamrise_SMSK,Unreal package (class unverified),format/extension only,added/custom content
Content/Dreamrise_SMSK/Demo/UE5_Manny/Rigs/Poses/Manny/Manny_foot_r_anim.uasset,.uasset,188999,Dreamrise_SMSK,Unreal package (class unverified),format/extension only,added/custom content
Content/Dreamrise_SMSK/Demo/UE5_Manny/Rigs/Poses/Manny/Manny_foot_r_pose.uasset,.uasset,128751,Dreamrise_SMSK,Unreal package (class unverified),format/extension only,added/custom content
Content/Dreamrise_SMSK/Demo/UE5_Manny/Rigs/Poses/Manny/Manny_hand_l_anim.uasset,.uasset,190149,Dreamrise_SMSK,Unreal package (class unverified),format/extension only,added/custom content
Content/Dreamrise_SMSK/Demo/UE5_Manny/Rigs/Poses/Manny/Manny_hand_l_pose.uasset,.uasset,165747,Dreamrise_SMSK,Unreal package (class unverified),format/extension only,added/custom content
Content/Dreamrise_SMSK/Demo/UE5_Manny/Rigs/Poses/Manny/Manny_hand_r_anim.uasset,.uasset,190151,Dreamrise_SMSK,Unreal package (class unverified),format/extension only,added/custom content
Content/Dreamrise_SMSK/Demo/UE5_Manny/Rigs/Poses/Manny/Manny_hand_r_pose.uasset,.uasset,165747,Dreamrise_SMSK,Unreal package (class unverified),format/extension only,added/custom content
Content/Dreamrise_SMSK/Demo/UE5_Manny/Rigs/Poses/Manny/Manny_lowerarm_l_anim.uasset,.uasset,237640,Dreamrise_SMSK,Unreal package (class unverified),format/extension only,added/custom content
Content/Dreamrise_SMSK/Demo/UE5_Manny/Rigs/Poses/Manny/Manny_lowerarm_l_pose.uasset,.uasset,358015,Dreamrise_SMSK,Unreal package (class unverified),format/extension only,added/custom content
Content/Dreamrise_SMSK/Demo/UE5_Manny/Rigs/Poses/Manny/Manny_lowerarm_r_anim.uasset,.uasset,198819,Dreamrise_SMSK,Unreal package (class unverified),format/extension only,added/custom content
Content/Dreamrise_SMSK/Demo/UE5_Manny/Rigs/Poses/Manny/Manny_lowerarm_r_pose.uasset,.uasset,358015,Dreamrise_SMSK,Unreal package (class unverified),format/extension only,added/custom content
Content/Dreamrise_SMSK/Demo/UE5_Manny/Rigs/Poses/Manny/Manny_thigh_l_anim.uasset,.uasset,215823,Dreamrise_SMSK,Unreal package (class unverified),format/extension only,added/custom content
Content/Dreamrise_SMSK/Demo/UE5_Manny/Rigs/Poses/Manny/Manny_thigh_l_pose.uasset,.uasset,554173,Dreamrise_SMSK,Unreal package (class unverified),format/extension only,added/custom content
Content/Dreamrise_SMSK/Demo/UE5_Manny/Rigs/Poses/Manny/Manny_thigh_r_anim.uasset,.uasset,215825,Dreamrise_SMSK,Unreal package (class unverified),format/extension only,added/custom content
Content/Dreamrise_SMSK/Demo/UE5_Manny/Rigs/Poses/Manny/Manny_thigh_r_pose.uasset,.uasset,554173,Dreamrise_SMSK,Unreal package (class unverified),format/extension only,added/custom content
Content/Dreamrise_SMSK/Demo/UE5_Manny/Rigs/Poses/Manny/Manny_upperarm_l_anim.uasset,.uasset,220516,Dreamrise_SMSK,Unreal package (class unverified),format/extension only,added/custom content
Content/Dreamrise_SMSK/Demo/UE5_Manny/Rigs/Poses/Manny/Manny_upperarm_l_pose.uasset,.uasset,637766,Dreamrise_SMSK,Unreal package (class unverified),format/extension only,added/custom content
Content/Dreamrise_SMSK/Demo/UE5_Manny/Rigs/Poses/Manny/Manny_upperarm_r_anim.uasset,.uasset,221030,Dreamrise_SMSK,Unreal package (class unverified),format/extension only,added/custom content
Content/Dreamrise_SMSK/Demo/UE5_Manny/Rigs/Poses/Manny/Manny_upperarm_r_pose.uasset,.uasset,626328,Dreamrise_SMSK,Unreal package (class unverified),format/extension only,added/custom content
Content/Dreamrise_SMSK/Demo/UE5_Manny/Rigs/Poses/Quinn/Quinn_calf_l_anim.uasset,.uasset,237040,Dreamrise_SMSK,Unreal package (class unverified),format/extension only,added/custom content
Content/Dreamrise_SMSK/Demo/UE5_Manny/Rigs/Poses/Quinn/Quinn_calf_l_pose.uasset,.uasset,241634,Dreamrise_SMSK,Unreal package (class unverified),format/extension only,added/custom content
Content/Dreamrise_SMSK/Demo/UE5_Manny/Rigs/Poses/Quinn/Quinn_calf_r_anim.uasset,.uasset,275489,Dreamrise_SMSK,Unreal package (class unverified),format/extension only,added/custom content
Content/Dreamrise_SMSK/Demo/UE5_Manny/Rigs/Poses/Quinn/Quinn_calf_r_pose.uasset,.uasset,241715,Dreamrise_SMSK,Unreal package (class unverified),format/extension only,added/custom content
Content/Dreamrise_SMSK/Demo/UE5_Manny/Rigs/Poses/Quinn/Quinn_clavicle_l_anim.uasset,.uasset,273826,Dreamrise_SMSK,Unreal package (class unverified),format/extension only,added/custom content
Content/Dreamrise_SMSK/Demo/UE5_Manny/Rigs/Poses/Quinn/Quinn_clavicle_l_pose.uasset,.uasset,202416,Dreamrise_SMSK,Unreal package (class unverified),format/extension only,added/custom content
Content/Dreamrise_SMSK/Demo/UE5_Manny/Rigs/Poses/Quinn/Quinn_clavicle_r_anim.uasset,.uasset,234786,Dreamrise_SMSK,Unreal package (class unverified),format/extension only,added/custom content
Content/Dreamrise_SMSK/Demo/UE5_Manny/Rigs/Poses/Quinn/Quinn_clavicle_r_pose.uasset,.uasset,202517,Dreamrise_SMSK,Unreal package (class unverified),format/extension only,added/custom content
Content/Dreamrise_SMSK/Demo/UE5_Manny/Rigs/Poses/Quinn/Quinn_foot_l_anim.uasset,.uasset,231140,Dreamrise_SMSK,Unreal package (class unverified),format/extension only,added/custom content
Content/Dreamrise_SMSK/Demo/UE5_Manny/Rigs/Poses/Quinn/Quinn_foot_l_pose.uasset,.uasset,128728,Dreamrise_SMSK,Unreal package (class unverified),format/extension only,added/custom content
Content/Dreamrise_SMSK/Demo/UE5_Manny/Rigs/Poses/Quinn/Quinn_foot_r_anim.uasset,.uasset,231142,Dreamrise_SMSK,Unreal package (class unverified),format/extension only,added/custom content
Content/Dreamrise_SMSK/Demo/UE5_Manny/Rigs/Poses/Quinn/Quinn_foot_r_pose.uasset,.uasset,128728,Dreamrise_SMSK,Unreal package (class unverified),format/extension only,added/custom content
Content/Dreamrise_SMSK/Demo/UE5_Manny/Rigs/Poses/Quinn/Quinn_hand_l_anim.uasset,.uasset,232292,Dreamrise_SMSK,Unreal package (class unverified),format/extension only,added/custom content
Content/Dreamrise_SMSK/Demo/UE5_Manny/Rigs/Poses/Quinn/Quinn_hand_l_pose.uasset,.uasset,165724,Dreamrise_SMSK,Unreal package (class unverified),format/extension only,added/custom content
Content/Dreamrise_SMSK/Demo/UE5_Manny/Rigs/Poses/Quinn/Quinn_hand_r_anim.uasset,.uasset,213192,Dreamrise_SMSK,Unreal package (class unverified),format/extension only,added/custom content
Content/Dreamrise_SMSK/Demo/UE5_Manny/Rigs/Poses/Quinn/Quinn_hand_r_pose.uasset,.uasset,165724,Dreamrise_SMSK,Unreal package (class unverified),format/extension only,added/custom content
Content/Dreamrise_SMSK/Demo/UE5_Manny/Rigs/Poses/Quinn/Quinn_lowerarm_l_anim.uasset,.uasset,220964,Dreamrise_SMSK,Unreal package (class unverified),format/extension only,added/custom content
Content/Dreamrise_SMSK/Demo/UE5_Manny/Rigs/Poses/Quinn/Quinn_lowerarm_l_pose.uasset,.uasset,395896,Dreamrise_SMSK,Unreal package (class unverified),format/extension only,added/custom content
Content/Dreamrise_SMSK/Demo/UE5_Manny/Rigs/Poses/Quinn/Quinn_lowerarm_r_anim.uasset,.uasset,220646,Dreamrise_SMSK,Unreal package (class unverified),format/extension only,added/custom content
Content/Dreamrise_SMSK/Demo/UE5_Manny/Rigs/Poses/Quinn/Quinn_lowerarm_r_pose.uasset,.uasset,395896,Dreamrise_SMSK,Unreal package (class unverified),format/extension only,added/custom content
Content/Dreamrise_SMSK/Demo/UE5_Manny/Rigs/Poses/Quinn/Quinn_thigh_l_anim.uasset,.uasset,235728,Dreamrise_SMSK,Unreal package (class unverified),format/extension only,added/custom content
Content/Dreamrise_SMSK/Demo/UE5_Manny/Rigs/Poses/Quinn/Quinn_thigh_l_pose.uasset,.uasset,553849,Dreamrise_SMSK,Unreal package (class unverified),format/extension only,added/custom content
Content/Dreamrise_SMSK/Demo/UE5_Manny/Rigs/Poses/Quinn/Quinn_thigh_r_anim.uasset,.uasset,235730,Dreamrise_SMSK,Unreal package (class unverified),format/extension only,added/custom content
Content/Dreamrise_SMSK/Demo/UE5_Manny/Rigs/Poses/Quinn/Quinn_thigh_r_pose.uasset,.uasset,553849,Dreamrise_SMSK,Unreal package (class unverified),format/extension only,added/custom content
Content/Dreamrise_SMSK/Demo/UE5_Manny/Rigs/Poses/Quinn/Quinn_upperarm_l_anim.uasset,.uasset,230501,Dreamrise_SMSK,Unreal package (class unverified),format/extension only,added/custom content
Content/Dreamrise_SMSK/Demo/UE5_Manny/Rigs/Poses/Quinn/Quinn_upperarm_l_pose.uasset,.uasset,481739,Dreamrise_SMSK,Unreal package (class unverified),format/extension only,added/custom content
Content/Dreamrise_SMSK/Demo/UE5_Manny/Rigs/Poses/Quinn/Quinn_upperarm_r_anim.uasset,.uasset,226663,Dreamrise_SMSK,Unreal package (class unverified),format/extension only,added/custom content
Content/Dreamrise_SMSK/Demo/UE5_Manny/Rigs/Poses/Quinn/Quinn_upperarm_r_pose.uasset,.uasset,484749,Dreamrise_SMSK,Unreal package (class unverified),format/extension only,added/custom content
Content/Dreamrise_SMSK/Demo/UE5_Manny/Rigs/RTG_Mannequin.uasset,.uasset,50473,Dreamrise_SMSK,Unreal package (class unverified),format/extension only,added/custom content
Content/Dreamrise_SMSK/Demo/UE5_Manny/Textures/Manny/T_Manny_01_ASAOPMASK_MSK.uasset,.uasset,3544954,Dreamrise_SMSK,Unreal package (class unverified),format/extension only,added/custom content
Content/Dreamrise_SMSK/Demo/UE5_Manny/Textures/Manny/T_Manny_01_BN.uasset,.uasset,18244446,Dreamrise_SMSK,Unreal package (class unverified),format/extension only,added/custom content
Content/Dreamrise_SMSK/Demo/UE5_Manny/Textures/Manny/T_Manny_01_CCRCCPlastic_MSK.uasset,.uasset,10113056,Dreamrise_SMSK,Unreal package (class unverified),format/extension only,added/custom content
Content/Dreamrise_SMSK/Demo/UE5_Manny/Textures/Manny/T_Manny_01_D.uasset,.uasset,5671195,Dreamrise_SMSK,Unreal package (class unverified),format/extension only,added/custom content
Content/Dreamrise_SMSK/Demo/UE5_Manny/Textures/Manny/T_Manny_01_MSR_MSK.uasset,.uasset,10911269,Dreamrise_SMSK,Unreal package (class unverified),format/extension only,added/custom content
Content/Dreamrise_SMSK/Demo/UE5_Manny/Textures/Manny/T_Manny_01_N.uasset,.uasset,6809801,Dreamrise_SMSK,Unreal package (class unverified),format/extension only,added/custom content
Content/Dreamrise_SMSK/Demo/UE5_Manny/Textures/Manny/T_Manny_01_Tan.uasset,.uasset,1321062,Dreamrise_SMSK,Unreal package (class unverified),format/extension only,added/custom content
Content/Dreamrise_SMSK/Demo/UE5_Manny/Textures/Manny/T_Manny_02_ASAOPMASK_MSK.uasset,.uasset,8296741,Dreamrise_SMSK,Unreal package (class unverified),format/extension only,added/custom content
Content/Dreamrise_SMSK/Demo/UE5_Manny/Textures/Manny/T_Manny_02_BN.uasset,.uasset,20844480,Dreamrise_SMSK,Unreal package (class unverified),format/extension only,added/custom content
Content/Dreamrise_SMSK/Demo/UE5_Manny/Textures/Manny/T_Manny_02_CCRCCPlastic_MSK.uasset,.uasset,12998606,Dreamrise_SMSK,Unreal package (class unverified),format/extension only,added/custom content
Content/Dreamrise_SMSK/Demo/UE5_Manny/Textures/Manny/T_Manny_02_D.uasset,.uasset,9032147,Dreamrise_SMSK,Unreal package (class unverified),format/extension only,added/custom content
Content/Dreamrise_SMSK/Demo/UE5_Manny/Textures/Manny/T_Manny_02_MSR_MSK.uasset,.uasset,13816478,Dreamrise_SMSK,Unreal package (class unverified),format/extension only,added/custom content
Content/Dreamrise_SMSK/Demo/UE5_Manny/Textures/Manny/T_Manny_02_N.uasset,.uasset,6881044,Dreamrise_SMSK,Unreal package (class unverified),format/extension only,added/custom content
Content/Dreamrise_SMSK/Demo/UE5_Manny/Textures/Manny/T_Manny_02_Tan.uasset,.uasset,2177034,Dreamrise_SMSK,Unreal package (class unverified),format/extension only,added/custom content
Content/Dreamrise_SMSK/Demo/UE5_Manny/Textures/Quinn/T_Quinn_01_ASAOMASK_MSK.uasset,.uasset,5710837,Dreamrise_SMSK,Unreal package (class unverified),format/extension only,added/custom content
Content/Dreamrise_SMSK/Demo/UE5_Manny/Textures/Quinn/T_Quinn_01_CCRCCPlastic_MSK.uasset,.uasset,12064916,Dreamrise_SMSK,Unreal package (class unverified),format/extension only,added/custom content
Content/Dreamrise_SMSK/Demo/UE5_Manny/Textures/Quinn/T_Quinn_01ID_BN.uasset,.uasset,15703823,Dreamrise_SMSK,Unreal package (class unverified),format/extension only,added/custom content
Content/Dreamrise_SMSK/Demo/UE5_Manny/Textures/Quinn/T_Quinn_01ID_D.uasset,.uasset,4665813,Dreamrise_SMSK,Unreal package (class unverified),format/extension only,added/custom content
Content/Dreamrise_SMSK/Demo/UE5_Manny/Textures/Quinn/T_Quinn_01ID_MSR_MSK.uasset,.uasset,11226621,Dreamrise_SMSK,Unreal package (class unverified),format/extension only,added/custom content
Content/Dreamrise_SMSK/Demo/UE5_Manny/Textures/Quinn/T_Quinn_01ID_N.uasset,.uasset,4912817,Dreamrise_SMSK,Unreal package (class unverified),format/extension only,added/custom content
Content/Dreamrise_SMSK/Demo/UE5_Manny/Textures/Quinn/T_Quinn_01ID_Tan.uasset,.uasset,1026448,Dreamrise_SMSK,Unreal package (class unverified),format/extension only,added/custom content
Content/Dreamrise_SMSK/Demo/UE5_Manny/Textures/Quinn/T_Quinn_02_ASAOMASK_MSK.uasset,.uasset,6850446,Dreamrise_SMSK,Unreal package (class unverified),format/extension only,added/custom content
Content/Dreamrise_SMSK/Demo/UE5_Manny/Textures/Quinn/T_Quinn_02_CCRCCPlastic_MSK.uasset,.uasset,13441210,Dreamrise_SMSK,Unreal package (class unverified),format/extension only,added/custom content
Content/Dreamrise_SMSK/Demo/UE5_Manny/Textures/Quinn/T_Quinn_02ID_BN.uasset,.uasset,19139628,Dreamrise_SMSK,Unreal package (class unverified),format/extension only,added/custom content
Content/Dreamrise_SMSK/Demo/UE5_Manny/Textures/Quinn/T_Quinn_02ID_D.uasset,.uasset,6716530,Dreamrise_SMSK,Unreal package (class unverified),format/extension only,added/custom content
Content/Dreamrise_SMSK/Demo/UE5_Manny/Textures/Quinn/T_Quinn_02ID_MSR_MSK.uasset,.uasset,12693238,Dreamrise_SMSK,Unreal package (class unverified),format/extension only,added/custom content
Content/Dreamrise_SMSK/Demo/UE5_Manny/Textures/Quinn/T_Quinn_02ID_N.uasset,.uasset,4912817,Dreamrise_SMSK,Unreal package (class unverified),format/extension only,added/custom content
Content/Dreamrise_SMSK/Demo/UE5_Manny/Textures/Quinn/T_Quinn_02ID_Tan.uasset,.uasset,1752214,Dreamrise_SMSK,Unreal package (class unverified),format/extension only,added/custom content
Content/Dreamrise_SMSK/Demo/UE5_Manny/Textures/Shared/T_UE_Logo_M.uasset,.uasset,58454,Dreamrise_SMSK,Unreal package (class unverified),format/extension only,added/custom content
Content/Dreamrise_SMSK/Input/Actions/IA_Aim.uasset,.uasset,1638,Dreamrise_SMSK,Unreal package (class unverified),format/extension only,added/custom content
Content/Dreamrise_SMSK/Input/Actions/IA_Interact.uasset,.uasset,1456,Dreamrise_SMSK,Unreal package (class unverified),format/extension only,added/custom content
Content/Dreamrise_SMSK/Input/Actions/IA_Jump.uasset,.uasset,1642,Dreamrise_SMSK,Unreal package (class unverified),format/extension only,added/custom content
Content/Dreamrise_SMSK/Input/Actions/IA_Look.uasset,.uasset,1332,Dreamrise_SMSK,Unreal package (class unverified),format/extension only,added/custom content
Content/Dreamrise_SMSK/Input/Actions/IA_Melee.uasset,.uasset,1444,Dreamrise_SMSK,Unreal package (class unverified),format/extension only,added/custom content
Content/Dreamrise_SMSK/Input/Actions/IA_Move.uasset,.uasset,1332,Dreamrise_SMSK,Unreal package (class unverified),format/extension only,added/custom content
Content/Dreamrise_SMSK/Input/Actions/IA_Primary.uasset,.uasset,1452,Dreamrise_SMSK,Unreal package (class unverified),format/extension only,added/custom content
Content/Dreamrise_SMSK/Input/Actions/IA_PrimaryAction.uasset,.uasset,1678,Dreamrise_SMSK,Unreal package (class unverified),format/extension only,added/custom content
Content/Dreamrise_SMSK/Input/Actions/IA_Reload.uasset,.uasset,1448,Dreamrise_SMSK,Unreal package (class unverified),format/extension only,added/custom content
Content/Dreamrise_SMSK/Input/Actions/IA_Secondary.uasset,.uasset,1460,Dreamrise_SMSK,Unreal package (class unverified),format/extension only,added/custom content
Content/Dreamrise_SMSK/Input/Actions/IA_Shoot.uasset,.uasset,1444,Dreamrise_SMSK,Unreal package (class unverified),format/extension only,added/custom content
Content/Dreamrise_SMSK/Input/Actions/IA_Sprint.uasset,.uasset,1448,Dreamrise_SMSK,Unreal package (class unverified),format/extension only,added/custom content
Content/Dreamrise_SMSK/Input/Actions/IA_ToggleInventory.uasset,.uasset,1484,Dreamrise_SMSK,Unreal package (class unverified),format/extension only,added/custom content
Content/Dreamrise_SMSK/Input/IMC_Default.uasset,.uasset,18116,Dreamrise_SMSK,Unreal package (class unverified),format/extension only,added/custom content
Content/Dreamrise_SMSK/Levels/AF_Stone.uasset,.uasset,6465,Dreamrise_SMSK,Unreal package (class unverified),format/extension only,added/custom content
Content/Dreamrise_SMSK/Levels/AF_Tree.uasset,.uasset,9210,Dreamrise_SMSK,Unreal package (class unverified),format/extension only,added/custom content
Content/Dreamrise_SMSK/Levels/Dirt_LayerInfo.uasset,.uasset,1560,Dreamrise_SMSK,Unreal package (class unverified),format/extension only,added/custom content
Content/Dreamrise_SMSK/Levels/Grass_LayerInfo.uasset,.uasset,1566,Dreamrise_SMSK,Unreal package (class unverified),format/extension only,added/custom content
Content/Dreamrise_SMSK/Levels/L_Demonstration.umap,.umap,4687387,Dreamrise_SMSK,Unreal map (class unverified),format/extension only,added/custom content
Content/Dreamrise_SMSK/Levels/L_Mainmenu.umap,.umap,546549,Dreamrise_SMSK,Unreal map (class unverified),format/extension only,added/custom content
Content/Dreamrise_SMSK/Other/Camera/CM_Aim.uasset,.uasset,175587,Dreamrise_SMSK,Unreal package (class unverified),format/extension only,added/custom content
Content/Dreamrise_SMSK/Other/Camera/CM_Damage.uasset,.uasset,159044,Dreamrise_SMSK,Unreal package (class unverified),format/extension only,added/custom content
Content/Dreamrise_SMSK/Other/Camera/CMS_Attack.uasset,.uasset,6445,Dreamrise_SMSK,Unreal package (class unverified),format/extension only,added/custom content
Content/Dreamrise_SMSK/Other/Camera/CMS_Damage.uasset,.uasset,6505,Dreamrise_SMSK,Unreal package (class unverified),format/extension only,added/custom content
Content/Dreamrise_SMSK/Other/Camera/CMS_Shoot.uasset,.uasset,6710,Dreamrise_SMSK,Unreal package (class unverified),format/extension only,added/custom content
Content/Dreamrise_SMSK/Other/Data/DT_SimpleInventorySystem_ItemData.uasset,.uasset,16345,Dreamrise_SMSK,Unreal package (class unverified),format/extension only,added/custom content
Content/Dreamrise_SMSK/Other/Enum/E_Holdable_Stance.uasset,.uasset,2426,Dreamrise_SMSK,Unreal package (class unverified),format/extension only,added/custom content
Content/Dreamrise_SMSK/Other/Enum/E_InventorySystem_ItemRarity.uasset,.uasset,3210,Dreamrise_SMSK,Unreal package (class unverified),format/extension only,added/custom content
Content/Dreamrise_SMSK/Other/Enum/E_InventorySystem_ItemType.uasset,.uasset,3184,Dreamrise_SMSK,Unreal package (class unverified),format/extension only,added/custom content
Content/Dreamrise_SMSK/Other/Struct/S_Holdable_Crosshair.uasset,.uasset,6049,Dreamrise_SMSK,Unreal package (class unverified),format/extension only,added/custom content
Content/Dreamrise_SMSK/Other/Struct/S_InventorySystem_FullItemData.uasset,.uasset,12034,Dreamrise_SMSK,Unreal package (class unverified),format/extension only,added/custom content
Content/Dreamrise_SMSK/Other/Struct/S_InventorySystem_InventoryItem.uasset,.uasset,5558,Dreamrise_SMSK,Unreal package (class unverified),format/extension only,added/custom content
Content/Dreamrise_SMSK/Other/Struct/S_InventorySystem_InventoryItemShort.uasset,.uasset,5033,Dreamrise_SMSK,Unreal package (class unverified),format/extension only,added/custom content
Content/Dreamrise_SMSK/Other/Struct/S_InventorySystem_ItemData.uasset,.uasset,4970,Dreamrise_SMSK,Unreal package (class unverified),format/extension only,added/custom content
Content/LevelPrototyping/Interactable/Door/BP_DoorFrame.uasset,.uasset,448616,LevelPrototyping,Unreal package (class unverified),format/extension only,UE template/demo
Content/LevelPrototyping/Interactable/Door/Meshes/SM_Door.uasset,.uasset,59267,LevelPrototyping,Unreal package (class unverified),format/extension only,UE template/demo
Content/LevelPrototyping/Interactable/Door/Meshes/SM_DoorFrame_Corner.uasset,.uasset,86885,LevelPrototyping,Unreal package (class unverified),format/extension only,UE template/demo
Content/LevelPrototyping/Interactable/Door/Meshes/SM_DoorFrame_Edge.uasset,.uasset,69088,LevelPrototyping,Unreal package (class unverified),format/extension only,UE template/demo
Content/LevelPrototyping/Interactable/JumpPad/Assets/Materials/M_GradientGlow.uasset,.uasset,17587,LevelPrototyping,Unreal package (class unverified),format/extension only,UE template/demo
Content/LevelPrototyping/Interactable/JumpPad/Assets/Materials/M_SimpleGlow.uasset,.uasset,15213,LevelPrototyping,Unreal package (class unverified),format/extension only,UE template/demo
Content/LevelPrototyping/Interactable/JumpPad/Assets/Materials/MI_GlowNT.uasset,.uasset,4145,LevelPrototyping,Unreal package (class unverified),format/extension only,UE template/demo
Content/LevelPrototyping/Interactable/JumpPad/Assets/Meshes/SM_CircularBand.uasset,.uasset,70608,LevelPrototyping,Unreal package (class unverified),format/extension only,UE template/demo
Content/LevelPrototyping/Interactable/JumpPad/Assets/Meshes/SM_CircularGlow.uasset,.uasset,71705,LevelPrototyping,Unreal package (class unverified),format/extension only,UE template/demo
Content/LevelPrototyping/Interactable/JumpPad/Assets/NS_JumpPad.uasset,.uasset,795908,LevelPrototyping,Unreal package (class unverified),format/extension only,UE template/demo
Content/LevelPrototyping/Interactable/JumpPad/BP_JumpPad.uasset,.uasset,92487,LevelPrototyping,Unreal package (class unverified),format/extension only,UE template/demo
Content/LevelPrototyping/Interactable/Target/Assets/SM_TargetBaseMesh.uasset,.uasset,283425,LevelPrototyping,Unreal package (class unverified),format/extension only,UE template/demo
Content/LevelPrototyping/Interactable/Target/BP_WobbleTarget.uasset,.uasset,45551,LevelPrototyping,Unreal package (class unverified),format/extension only,UE template/demo
Content/LevelPrototyping/Materials/M_FlatCol.uasset,.uasset,11771,LevelPrototyping,Unreal package (class unverified),format/extension only,UE template/demo
Content/LevelPrototyping/Materials/M_PrototypeGrid.uasset,.uasset,79863,LevelPrototyping,Unreal package (class unverified),format/extension only,UE template/demo
Content/LevelPrototyping/Materials/MF_ProcGrid.uasset,.uasset,49820,LevelPrototyping,Unreal package (class unverified),format/extension only,UE template/demo
Content/LevelPrototyping/Materials/MI_DefaultColorway.uasset,.uasset,9260,LevelPrototyping,Unreal package (class unverified),format/extension only,UE template/demo
Content/LevelPrototyping/Materials/MI_PrototypeGrid_Gray.uasset,.uasset,13121,LevelPrototyping,Unreal package (class unverified),format/extension only,UE template/demo
Content/LevelPrototyping/Materials/MI_PrototypeGrid_Gray_02.uasset,.uasset,11922,LevelPrototyping,Unreal package (class unverified),format/extension only,UE template/demo
Content/LevelPrototyping/Materials/MI_PrototypeGrid_Gray_Round.uasset,.uasset,11413,LevelPrototyping,Unreal package (class unverified),format/extension only,UE template/demo
Content/LevelPrototyping/Materials/MI_PrototypeGrid_TopDark.uasset,.uasset,11957,LevelPrototyping,Unreal package (class unverified),format/extension only,UE template/demo
Content/LevelPrototyping/Meshes/SM_ChamferCube.uasset,.uasset,128849,LevelPrototyping,Unreal package (class unverified),format/extension only,UE template/demo
Content/LevelPrototyping/Meshes/SM_Cube.uasset,.uasset,18279,LevelPrototyping,Unreal package (class unverified),format/extension only,UE template/demo
Content/LevelPrototyping/Meshes/SM_Cylinder.uasset,.uasset,193636,LevelPrototyping,Unreal package (class unverified),format/extension only,UE template/demo
Content/LevelPrototyping/Meshes/SM_Plane.uasset,.uasset,15581,LevelPrototyping,Unreal package (class unverified),format/extension only,UE template/demo
Content/LevelPrototyping/Meshes/SM_QuarterCylinder.uasset,.uasset,135087,LevelPrototyping,Unreal package (class unverified),format/extension only,UE template/demo
Content/LevelPrototyping/Meshes/SM_QuarterCylinderOuter.uasset,.uasset,79741,LevelPrototyping,Unreal package (class unverified),format/extension only,UE template/demo
Content/LevelPrototyping/Meshes/SM_Ramp.uasset,.uasset,18690,LevelPrototyping,Unreal package (class unverified),format/extension only,UE template/demo
Content/LevelPrototyping/Textures/T_GridChecker_A.uasset,.uasset,9600,LevelPrototyping,Unreal package (class unverified),format/extension only,UE template/demo
Content/NiagaraExamples/Blueprints/BP_Launcher.uasset,.uasset,157297,NiagaraExamples,Unreal package (class unverified),format/extension only,added/custom content
Content/NiagaraExamples/Blueprints/BP_PickUp.uasset,.uasset,332513,NiagaraExamples,Unreal package (class unverified),format/extension only,added/custom content
Content/NiagaraExamples/Blueprints/BP_PickUp_PlayerBuff.uasset,.uasset,36457,NiagaraExamples,Unreal package (class unverified),format/extension only,added/custom content
Content/NiagaraExamples/Blueprints/BP_PickUp_PlayerDeBuff.uasset,.uasset,35341,NiagaraExamples,Unreal package (class unverified),format/extension only,added/custom content
Content/NiagaraExamples/Blueprints/BP_PickUp_WeaponBuff.uasset,.uasset,35377,NiagaraExamples,Unreal package (class unverified),format/extension only,added/custom content
Content/NiagaraExamples/Blueprints/BP_PickUp_WeaponDeBuff.uasset,.uasset,35496,NiagaraExamples,Unreal package (class unverified),format/extension only,added/custom content
Content/NiagaraExamples/Blueprints/BP_Rifle.uasset,.uasset,148534,NiagaraExamples,Unreal package (class unverified),format/extension only,added/custom content
Content/NiagaraExamples/Blueprints/BP_TeslaCoil.uasset,.uasset,205709,NiagaraExamples,Unreal package (class unverified),format/extension only,added/custom content
Content/NiagaraExamples/Blueprints/BP_Torch.uasset,.uasset,328500,NiagaraExamples,Unreal package (class unverified),format/extension only,added/custom content
Content/NiagaraExamples/Blueprints/BP_WeaponBase.uasset,.uasset,463745,NiagaraExamples,Unreal package (class unverified),format/extension only,added/custom content
Content/NiagaraExamples/Blueprints/BPI_ObjectHit.uasset,.uasset,15838,NiagaraExamples,Unreal package (class unverified),format/extension only,added/custom content
Content/NiagaraExamples/Blueprints/BPI_StatusEffects.uasset,.uasset,16422,NiagaraExamples,Unreal package (class unverified),format/extension only,added/custom content
Content/NiagaraExamples/Blueprints/BPI_Weapon.uasset,.uasset,12929,NiagaraExamples,Unreal package (class unverified),format/extension only,added/custom content
Content/NiagaraExamples/Blueprints/E_ExplosionSizes.uasset,.uasset,2649,NiagaraExamples,Unreal package (class unverified),format/extension only,added/custom content
Content/NiagaraExamples/Blueprints/GE_Status_Parent.uasset,.uasset,224131,NiagaraExamples,Unreal package (class unverified),format/extension only,added/custom content
Content/NiagaraExamples/Blueprints/TriggerExplosion.uasset,.uasset,298892,NiagaraExamples,Unreal package (class unverified),format/extension only,added/custom content
Content/NiagaraExamples/Blueprints/TriggerImpact.uasset,.uasset,495035,NiagaraExamples,Unreal package (class unverified),format/extension only,added/custom content
Content/NiagaraExamples/EffectTypes/NET_Environment_Burst.uasset,.uasset,11412,NiagaraExamples,Unreal package (class unverified),format/extension only,added/custom content
Content/NiagaraExamples/EffectTypes/NET_Environment_Looping.uasset,.uasset,11773,NiagaraExamples,Unreal package (class unverified),format/extension only,added/custom content
Content/NiagaraExamples/EffectTypes/NET_Gameplay_Burst.uasset,.uasset,11397,NiagaraExamples,Unreal package (class unverified),format/extension only,added/custom content
Content/NiagaraExamples/EffectTypes/NET_Gameplay_Looping.uasset,.uasset,11764,NiagaraExamples,Unreal package (class unverified),format/extension only,added/custom content
Content/NiagaraExamples/EffectTypes/NET_NDC_Burst.uasset,.uasset,11563,NiagaraExamples,Unreal package (class unverified),format/extension only,added/custom content
Content/NiagaraExamples/FX_Explosions/CameraShake/CS_Explosion_01.uasset,.uasset,6573,NiagaraExamples,Unreal package (class unverified),format/extension only,added/custom content
Content/NiagaraExamples/FX_Explosions/Emitters/NE_Core.uasset,.uasset,400557,NiagaraExamples,Unreal package (class unverified),format/extension only,added/custom content
Content/NiagaraExamples/FX_Explosions/Emitters/NE_Debris.uasset,.uasset,424466,NiagaraExamples,Unreal package (class unverified),format/extension only,added/custom content
Content/NiagaraExamples/FX_Explosions/Emitters/NE_DustExplosion.uasset,.uasset,899670,NiagaraExamples,Unreal package (class unverified),format/extension only,added/custom content
Content/NiagaraExamples/FX_Explosions/Emitters/NE_Explosion.uasset,.uasset,491252,NiagaraExamples,Unreal package (class unverified),format/extension only,added/custom content
Content/NiagaraExamples/FX_Explosions/Emitters/NE_GroundDust.uasset,.uasset,403017,NiagaraExamples,Unreal package (class unverified),format/extension only,added/custom content
Content/NiagaraExamples/FX_Explosions/Emitters/NE_PostProcess.uasset,.uasset,153987,NiagaraExamples,Unreal package (class unverified),format/extension only,added/custom content
Content/NiagaraExamples/FX_Explosions/Emitters/NE_SparkDebris.uasset,.uasset,308150,NiagaraExamples,Unreal package (class unverified),format/extension only,added/custom content
Content/NiagaraExamples/FX_Explosions/NS_Dirt_Explosion.uasset,.uasset,5682224,NiagaraExamples,Unreal package (class unverified),format/extension only,added/custom content
Content/NiagaraExamples/FX_Explosions/NS_Dirt_Explosion_Medium.uasset,.uasset,5671526,NiagaraExamples,Unreal package (class unverified),format/extension only,added/custom content
Content/NiagaraExamples/FX_Explosions/NS_Dirt_Explosion_Small.uasset,.uasset,5725235,NiagaraExamples,Unreal package (class unverified),format/extension only,added/custom content
Content/NiagaraExamples/FX_Explosions/NS_Explosion.uasset,.uasset,6591407,NiagaraExamples,Unreal package (class unverified),format/extension only,added/custom content
Content/NiagaraExamples/FX_Explosions/NS_Explosion_Medium.uasset,.uasset,5682229,NiagaraExamples,Unreal package (class unverified),format/extension only,added/custom content
Content/NiagaraExamples/FX_Explosions/NS_Explosion_Small.uasset,.uasset,5719777,NiagaraExamples,Unreal package (class unverified),format/extension only,added/custom content
Content/NiagaraExamples/FX_Fog/BP_FogBankCard.uasset,.uasset,109477,NiagaraExamples,Unreal package (class unverified),format/extension only,added/custom content
Content/NiagaraExamples/FX_Fog/BP_FogBankVolume.uasset,.uasset,79346,NiagaraExamples,Unreal package (class unverified),format/extension only,added/custom content
Content/NiagaraExamples/FX_Fog/CVC_FogBankVolume_Presets.uasset,.uasset,3641,NiagaraExamples,Unreal package (class unverified),format/extension only,added/custom content
Content/NiagaraExamples/FX_Fog/SVT_FogBank_Seed0.uasset,.uasset,62173809,NiagaraExamples,Unreal package (class unverified),format/extension only,added/custom content
Content/NiagaraExamples/FX_Fog/SVT_FogBank_Seed1.uasset,.uasset,61222137,NiagaraExamples,Unreal package (class unverified),format/extension only,added/custom content
Content/NiagaraExamples/FX_Fog/SVT_FogBank_Seed2.uasset,.uasset,61950332,NiagaraExamples,Unreal package (class unverified),format/extension only,added/custom content
Content/NiagaraExamples/FX_Fog/SVT_FogBank_Whisps_Seed0.uasset,.uasset,70841771,NiagaraExamples,Unreal package (class unverified),format/extension only,added/custom content
Content/NiagaraExamples/FX_Fog/SVT_FogBank_Whisps_Seed1.uasset,.uasset,70244033,NiagaraExamples,Unreal package (class unverified),format/extension only,added/custom content
Content/NiagaraExamples/FX_Fog/SVT_FogBank_Whisps_Seed2.uasset,.uasset,73975843,NiagaraExamples,Unreal package (class unverified),format/extension only,added/custom content
Content/NiagaraExamples/FX_Fog/T_FogBank_Seed0_NNOO.uasset,.uasset,668769,NiagaraExamples,Unreal package (class unverified),format/extension only,added/custom content
Content/NiagaraExamples/FX_Fog/T_FogBank_Seed1_NNOO.uasset,.uasset,674316,NiagaraExamples,Unreal package (class unverified),format/extension only,added/custom content
Content/NiagaraExamples/FX_Fog/T_FogBank_Seed2_NNOO.uasset,.uasset,680286,NiagaraExamples,Unreal package (class unverified),format/extension only,added/custom content
Content/NiagaraExamples/FX_Fog/T_FogBank_Whisps_Seed0_NNOO.uasset,.uasset,757234,NiagaraExamples,Unreal package (class unverified),format/extension only,added/custom content
Content/NiagaraExamples/FX_Fog/T_FogBank_Whisps_Seed1_NNOO.uasset,.uasset,833086,NiagaraExamples,Unreal package (class unverified),format/extension only,added/custom content
Content/NiagaraExamples/FX_Fog/T_FogBank_Whisps_Seed2_NNOO.uasset,.uasset,842014,NiagaraExamples,Unreal package (class unverified),format/extension only,added/custom content
Content/NiagaraExamples/FX_Footstep/AN_Footstep.uasset,.uasset,325667,NiagaraExamples,Unreal package (class unverified),format/extension only,added/custom content
Content/NiagaraExamples/FX_Footstep/E_Footstep_Names.uasset,.uasset,2291,NiagaraExamples,Unreal package (class unverified),format/extension only,added/custom content
Content/NiagaraExamples/FX_Footstep/Materials/M_Footprint_Decal.uasset,.uasset,21111,NiagaraExamples,Unreal package (class unverified),format/extension only,added/custom content
Content/NiagaraExamples/FX_Footstep/NS_Footstep_Bubbles.uasset,.uasset,290846,NiagaraExamples,Unreal package (class unverified),format/extension only,added/custom content
Content/NiagaraExamples/FX_Footstep/NS_Footstep_Fire.uasset,.uasset,2361055,NiagaraExamples,Unreal package (class unverified),format/extension only,added/custom content
Content/NiagaraExamples/FX_Footstep/NS_Footstep_Gravel.uasset,.uasset,956009,NiagaraExamples,Unreal package (class unverified),format/extension only,added/custom content
Content/NiagaraExamples/FX_Footstep/NS_Footstep_LW.uasset,.uasset,274052,NiagaraExamples,Unreal package (class unverified),format/extension only,added/custom content
Content/NiagaraExamples/FX_Footstep/Textures/Arrow_RGB.uasset,.uasset,18138,NiagaraExamples,Unreal package (class unverified),format/extension only,added/custom content
Content/NiagaraExamples/FX_Footstep/Textures/T_Footprint_Mask.uasset,.uasset,38283,NiagaraExamples,Unreal package (class unverified),format/extension only,added/custom content
Content/NiagaraExamples/FX_Footstep/Textures/T_Footprint_Mask2.uasset,.uasset,23802,NiagaraExamples,Unreal package (class unverified),format/extension only,added/custom content
Content/NiagaraExamples/FX_Footstep/Textures/T_Footprint_Normals.uasset,.uasset,270455,NiagaraExamples,Unreal package (class unverified),format/extension only,added/custom content
Content/NiagaraExamples/FX_Markers/Materials/MI_Mesh_Arrow.uasset,.uasset,9155,NiagaraExamples,Unreal package (class unverified),format/extension only,added/custom content
Content/NiagaraExamples/FX_Markers/NS_Marker_Location.uasset,.uasset,482902,NiagaraExamples,Unreal package (class unverified),format/extension only,added/custom content
Content/NiagaraExamples/FX_Markers/NS_Marker_Target.uasset,.uasset,477217,NiagaraExamples,Unreal package (class unverified),format/extension only,added/custom content
Content/NiagaraExamples/FX_Misc/BP_DinoDragon.uasset,.uasset,95302,NiagaraExamples,Unreal package (class unverified),format/extension only,added/custom content
Content/NiagaraExamples/FX_Misc/BP_HitDissolveCow.uasset,.uasset,141366,NiagaraExamples,Unreal package (class unverified),format/extension only,added/custom content
Content/NiagaraExamples/FX_Misc/NS_Boundary.uasset,.uasset,312451,NiagaraExamples,Unreal package (class unverified),format/extension only,added/custom content
Content/NiagaraExamples/FX_Misc/NS_Boundary_Box.uasset,.uasset,312745,NiagaraExamples,Unreal package (class unverified),format/extension only,added/custom content
Content/NiagaraExamples/FX_Misc/NS_Boundary_Cylinder.uasset,.uasset,360504,NiagaraExamples,Unreal package (class unverified),format/extension only,added/custom content
Content/NiagaraExamples/FX_Misc/NS_Boundary_Sphere.uasset,.uasset,357304,NiagaraExamples,Unreal package (class unverified),format/extension only,added/custom content
Content/NiagaraExamples/FX_Misc/NS_Bubble_Burst.uasset,.uasset,141802,NiagaraExamples,Unreal package (class unverified),format/extension only,added/custom content
Content/NiagaraExamples/FX_Misc/NS_Fire.uasset,.uasset,3471503,NiagaraExamples,Unreal package (class unverified),format/extension only,added/custom content
Content/NiagaraExamples/FX_Misc/NS_FireworkBurst.uasset,.uasset,1036806,NiagaraExamples,Unreal package (class unverified),format/extension only,added/custom content
Content/NiagaraExamples/FX_Misc/NS_HitDissolve.uasset,.uasset,2099118,NiagaraExamples,Unreal package (class unverified),format/extension only,added/custom content
Content/NiagaraExamples/FX_Misc/NS_SkeletalMeshBones_Burst.uasset,.uasset,906691,NiagaraExamples,Unreal package (class unverified),format/extension only,added/custom content
Content/NiagaraExamples/FX_Misc/NS_SkeletalMeshBones_Loop.uasset,.uasset,1116660,NiagaraExamples,Unreal package (class unverified),format/extension only,added/custom content
Content/NiagaraExamples/FX_Misc/NS_SkeletalMeshTris_Burst.uasset,.uasset,982133,NiagaraExamples,Unreal package (class unverified),format/extension only,added/custom content
Content/NiagaraExamples/FX_Misc/NS_SkeletalMeshTris_Loop.uasset,.uasset,921441,NiagaraExamples,Unreal package (class unverified),format/extension only,added/custom content
Content/NiagaraExamples/FX_NDC/NDC_Footsteps.uasset,.uasset,3314,NiagaraExamples,Unreal package (class unverified),format/extension only,added/custom content
Content/NiagaraExamples/FX_NDC/NDC_Impacts.uasset,.uasset,3515,NiagaraExamples,Unreal package (class unverified),format/extension only,added/custom content
Content/NiagaraExamples/FX_NDC/NS_NDC_Footsteps.uasset,.uasset,1937122,NiagaraExamples,Unreal package (class unverified),format/extension only,added/custom content
Content/NiagaraExamples/FX_NDC/NS_NDC_Footsteps_Bubbles.uasset,.uasset,794121,NiagaraExamples,Unreal package (class unverified),format/extension only,added/custom content
Content/NiagaraExamples/FX_NDC/NS_NDC_Footsteps_Fire.uasset,.uasset,2947523,NiagaraExamples,Unreal package (class unverified),format/extension only,added/custom content
Content/NiagaraExamples/FX_NDC/NS_NDC_Impacts.uasset,.uasset,4145903,NiagaraExamples,Unreal package (class unverified),format/extension only,added/custom content
Content/NiagaraExamples/FX_PickUp/MI_Pickup_Flare.uasset,.uasset,9087,NiagaraExamples,Unreal package (class unverified),format/extension only,added/custom content
Content/NiagaraExamples/FX_PickUp/MI_Pickup_Sparkles.uasset,.uasset,9070,NiagaraExamples,Unreal package (class unverified),format/extension only,added/custom content
Content/NiagaraExamples/FX_PickUp/MI_Pickup_Sphere.uasset,.uasset,10254,NiagaraExamples,Unreal package (class unverified),format/extension only,added/custom content
Content/NiagaraExamples/FX_PickUp/NS_Pickup_Idle.uasset,.uasset,496878,NiagaraExamples,Unreal package (class unverified),format/extension only,added/custom content
Content/NiagaraExamples/FX_PickUp/NS_Pickup_Spawn.uasset,.uasset,453782,NiagaraExamples,Unreal package (class unverified),format/extension only,added/custom content
Content/NiagaraExamples/FX_PickUp/NS_Pickup_Success.uasset,.uasset,454883,NiagaraExamples,Unreal package (class unverified),format/extension only,added/custom content
Content/NiagaraExamples/FX_PickUp/NS_Pickup_Timeout.uasset,.uasset,454639,NiagaraExamples,Unreal package (class unverified),format/extension only,added/custom content
Content/NiagaraExamples/FX_Player/NS_Player_Buff_Looping.uasset,.uasset,1522420,NiagaraExamples,Unreal package (class unverified),format/extension only,added/custom content
Content/NiagaraExamples/FX_Player/NS_Player_DeBuff_Looping.uasset,.uasset,1507979,NiagaraExamples,Unreal package (class unverified),format/extension only,added/custom content
Content/NiagaraExamples/FX_Player/NS_Player_Electricity_Looping.uasset,.uasset,1979202,NiagaraExamples,Unreal package (class unverified),format/extension only,added/custom content
Content/NiagaraExamples/FX_Player/NS_Player_Teleport_In.uasset,.uasset,1223743,NiagaraExamples,Unreal package (class unverified),format/extension only,added/custom content
Content/NiagaraExamples/FX_Player/NS_Player_Teleport_Out.uasset,.uasset,1225894,NiagaraExamples,Unreal package (class unverified),format/extension only,added/custom content
Content/NiagaraExamples/FX_Player/NS_Weapon_Buff_Looping.uasset,.uasset,1220392,NiagaraExamples,Unreal package (class unverified),format/extension only,added/custom content
Content/NiagaraExamples/FX_Player/NS_Weapon_DeBuff_Looping.uasset,.uasset,1202961,NiagaraExamples,Unreal package (class unverified),format/extension only,added/custom content
Content/NiagaraExamples/FX_Ribbons/Emitters/NE_Arc.uasset,.uasset,825544,NiagaraExamples,Unreal package (class unverified),format/extension only,added/custom content
Content/NiagaraExamples/FX_Ribbons/NS_TeslaCoil.uasset,.uasset,6482697,NiagaraExamples,Unreal package (class unverified),format/extension only,added/custom content
Content/NiagaraExamples/FX_SkeletalMesh/NS_Dino_Tri_Loop.uasset,.uasset,1253008,NiagaraExamples,Unreal package (class unverified),format/extension only,added/custom content
Content/NiagaraExamples/FX_SkeletalMesh/NS_Dino_Tris_Color_Burst.uasset,.uasset,909186,NiagaraExamples,Unreal package (class unverified),format/extension only,added/custom content
Content/NiagaraExamples/FX_Smoke/Emitters/NE_Smoke.uasset,.uasset,344304,NiagaraExamples,Unreal package (class unverified),format/extension only,added/custom content
Content/NiagaraExamples/FX_Smoke/NS_Chimney_Smoke.uasset,.uasset,956724,NiagaraExamples,Unreal package (class unverified),format/extension only,added/custom content
Content/NiagaraExamples/FX_Smoke/NS_Smoke_Plume.uasset,.uasset,983933,NiagaraExamples,Unreal package (class unverified),format/extension only,added/custom content
Content/NiagaraExamples/FX_Sparks/Emitters/NE_SecondarySparks.uasset,.uasset,170840,NiagaraExamples,Unreal package (class unverified),format/extension only,added/custom content
Content/NiagaraExamples/FX_Sparks/Emitters/NE_Sparks.uasset,.uasset,272562,NiagaraExamples,Unreal package (class unverified),format/extension only,added/custom content
Content/NiagaraExamples/FX_Sparks/NS_Spark_Burst.uasset,.uasset,2766650,NiagaraExamples,Unreal package (class unverified),format/extension only,added/custom content
Content/NiagaraExamples/FX_Sparks/NS_Spark_Continuous.uasset,.uasset,3102856,NiagaraExamples,Unreal package (class unverified),format/extension only,added/custom content
Content/NiagaraExamples/FX_Sparks/NS_Spark_Impact_Looping.uasset,.uasset,1557264,NiagaraExamples,Unreal package (class unverified),format/extension only,added/custom content
Content/NiagaraExamples/FX_Weapons/Impacts/DynamicInputs/BurstVector.uasset,.uasset,63674,NiagaraExamples,Unreal package (class unverified),format/extension only,added/custom content
Content/NiagaraExamples/FX_Weapons/Impacts/DynamicInputs/CalculateReflectionVector.uasset,.uasset,39419,NiagaraExamples,Unreal package (class unverified),format/extension only,added/custom content
Content/NiagaraExamples/FX_Weapons/Impacts/DynamicInputs/RelativeOffsetFloat.uasset,.uasset,23936,NiagaraExamples,Unreal package (class unverified),format/extension only,added/custom content
Content/NiagaraExamples/FX_Weapons/Impacts/Emitters/NE_Impact.uasset,.uasset,158660,NiagaraExamples,Unreal package (class unverified),format/extension only,added/custom content
Content/NiagaraExamples/FX_Weapons/Impacts/Emitters/NE_Impact_LightDecal.uasset,.uasset,318242,NiagaraExamples,Unreal package (class unverified),format/extension only,added/custom content
Content/NiagaraExamples/FX_Weapons/Impacts/Emitters/NE_Impact_Mesh.uasset,.uasset,358319,NiagaraExamples,Unreal package (class unverified),format/extension only,added/custom content
Content/NiagaraExamples/FX_Weapons/Impacts/Emitters/NE_Impact_MeshAndSprite.uasset,.uasset,472763,NiagaraExamples,Unreal package (class unverified),format/extension only,added/custom content
Content/NiagaraExamples/FX_Weapons/Impacts/Emitters/NE_Impact_SecondarySprite.uasset,.uasset,168321,NiagaraExamples,Unreal package (class unverified),format/extension only,added/custom content
Content/NiagaraExamples/FX_Weapons/Impacts/Emitters/NE_Impact_Sprite.uasset,.uasset,333921,NiagaraExamples,Unreal package (class unverified),format/extension only,added/custom content
Content/NiagaraExamples/FX_Weapons/Impacts/NS_Impact_Concrete.uasset,.uasset,4720925,NiagaraExamples,Unreal package (class unverified),format/extension only,added/custom content
Content/NiagaraExamples/FX_Weapons/Impacts/NS_Impact_Glass.uasset,.uasset,4641912,NiagaraExamples,Unreal package (class unverified),format/extension only,added/custom content
Content/NiagaraExamples/FX_Weapons/Impacts/NS_Impact_Metal.uasset,.uasset,3363541,NiagaraExamples,Unreal package (class unverified),format/extension only,added/custom content
Content/NiagaraExamples/FX_Weapons/Impacts/NS_Impact_Wood.uasset,.uasset,4773771,NiagaraExamples,Unreal package (class unverified),format/extension only,added/custom content
Content/NiagaraExamples/FX_Weapons/MuzzleFlashes/Emitters/NE_BulletShells.uasset,.uasset,166130,NiagaraExamples,Unreal package (class unverified),format/extension only,added/custom content
Content/NiagaraExamples/FX_Weapons/MuzzleFlashes/Emitters/NE_MuzzleFlash_Base.uasset,.uasset,183015,NiagaraExamples,Unreal package (class unverified),format/extension only,added/custom content
Content/NiagaraExamples/FX_Weapons/MuzzleFlashes/Emitters/NE_MuzzleFlash_Smoke.uasset,.uasset,226257,NiagaraExamples,Unreal package (class unverified),format/extension only,added/custom content
Content/NiagaraExamples/FX_Weapons/MuzzleFlashes/Emitters/NE_MuzzleFlash_Sparks_Base.uasset,.uasset,160565,NiagaraExamples,Unreal package (class unverified),format/extension only,added/custom content
Content/NiagaraExamples/FX_Weapons/MuzzleFlashes/Materials/Instances/MI_Flipbook_Pyro_Muzzle.uasset,.uasset,12838,NiagaraExamples,Unreal package (class unverified),format/extension only,added/custom content
Content/NiagaraExamples/FX_Weapons/MuzzleFlashes/Materials/Instances/MI_Flipbook_Smoke_Muzzle.uasset,.uasset,13930,NiagaraExamples,Unreal package (class unverified),format/extension only,added/custom content
Content/NiagaraExamples/FX_Weapons/MuzzleFlashes/Materials/Instances/MI_MuzzleFlash_Sphere.uasset,.uasset,13218,NiagaraExamples,Unreal package (class unverified),format/extension only,added/custom content
Content/NiagaraExamples/FX_Weapons/MuzzleFlashes/Materials/Instances/MI_Stylized_Sparkes.uasset,.uasset,7039,NiagaraExamples,Unreal package (class unverified),format/extension only,added/custom content
Content/NiagaraExamples/FX_Weapons/MuzzleFlashes/Materials/M_MuzzleFlash_Distortion.uasset,.uasset,23952,NiagaraExamples,Unreal package (class unverified),format/extension only,added/custom content
Content/NiagaraExamples/FX_Weapons/MuzzleFlashes/Meshes/M_BulletShell_FX.uasset,.uasset,23631,NiagaraExamples,Unreal package (class unverified),format/extension only,added/custom content
Content/NiagaraExamples/FX_Weapons/MuzzleFlashes/Meshes/MI_BulletShell_FX.uasset,.uasset,10345,NiagaraExamples,Unreal package (class unverified),format/extension only,added/custom content
Content/NiagaraExamples/FX_Weapons/MuzzleFlashes/Meshes/SM_BulletShell.uasset,.uasset,16886,NiagaraExamples,Unreal package (class unverified),format/extension only,added/custom content
Content/NiagaraExamples/FX_Weapons/MuzzleFlashes/Meshes/T_BulletShell.uasset,.uasset,157253,NiagaraExamples,Unreal package (class unverified),format/extension only,added/custom content
Content/NiagaraExamples/FX_Weapons/MuzzleFlashes/Meshes/T_BulletShell_NM.uasset,.uasset,340097,NiagaraExamples,Unreal package (class unverified),format/extension only,added/custom content
Content/NiagaraExamples/FX_Weapons/MuzzleFlashes/NS_MuzzleFlash.uasset,.uasset,3155004,NiagaraExamples,Unreal package (class unverified),format/extension only,added/custom content
Content/NiagaraExamples/FX_Weapons/MuzzleFlashes/Textures/T_MuzzleFlash.uasset,.uasset,2887263,NiagaraExamples,Unreal package (class unverified),format/extension only,added/custom content
Content/NiagaraExamples/FX_Weapons/MuzzleFlashes/Textures/T_MuzzleFlash_Side.uasset,.uasset,917096,NiagaraExamples,Unreal package (class unverified),format/extension only,added/custom content
Content/NiagaraExamples/FX_Weapons/MuzzleFlashes/Textures/T_MuzzleFlash_Sphere.uasset,.uasset,1178231,NiagaraExamples,Unreal package (class unverified),format/extension only,added/custom content
Content/NiagaraExamples/FX_Weapons/MuzzleFlashes/Textures/T_ThinSmoke_FX.uasset,.uasset,4610468,NiagaraExamples,Unreal package (class unverified),format/extension only,added/custom content
Content/NiagaraExamples/FX_Weapons/Projectiles/BP_ImpactProjectile.uasset,.uasset,41110,NiagaraExamples,Unreal package (class unverified),format/extension only,added/custom content
Content/NiagaraExamples/FX_Weapons/Projectiles/BP_ProjectileMaster.uasset,.uasset,149526,NiagaraExamples,Unreal package (class unverified),format/extension only,added/custom content
Content/NiagaraExamples/FX_Weapons/Projectiles/BP_RocketProjectile.uasset,.uasset,47115,NiagaraExamples,Unreal package (class unverified),format/extension only,added/custom content
Content/NiagaraExamples/FX_Weapons/Trails/NS_BulletTracer.uasset,.uasset,651495,NiagaraExamples,Unreal package (class unverified),format/extension only,added/custom content
Content/NiagaraExamples/FX_Weapons/Trails/NS_RocketTrail.uasset,.uasset,1126059,NiagaraExamples,Unreal package (class unverified),format/extension only,added/custom content
Content/NiagaraExamples/FX_Weapons/Trails/NS_SimpleRibbonTrail.uasset,.uasset,289923,NiagaraExamples,Unreal package (class unverified),format/extension only,added/custom content
Content/NiagaraExamples/Gallery/Blueprints/AN_Gallery_Footstep.uasset,.uasset,448689,NiagaraExamples,Unreal package (class unverified),format/extension only,added/custom content
Content/NiagaraExamples/Gallery/Blueprints/BP_Gallery_Character.uasset,.uasset,954360,NiagaraExamples,Unreal package (class unverified),format/extension only,added/custom content
Content/NiagaraExamples/Gallery/Blueprints/BP_Gallery_GameMode.uasset,.uasset,21473,NiagaraExamples,Unreal package (class unverified),format/extension only,added/custom content
Content/NiagaraExamples/Gallery/Blueprints/BP_Gallery_PlayerController.uasset,.uasset,35471,NiagaraExamples,Unreal package (class unverified),format/extension only,added/custom content
Content/NiagaraExamples/Gallery/Blueprints/Tools/BP_FireworkTarget.uasset,.uasset,129059,NiagaraExamples,Unreal package (class unverified),format/extension only,added/custom content
Content/NiagaraExamples/Gallery/Blueprints/Tools/BP_HelpStand.uasset,.uasset,89135,NiagaraExamples,Unreal package (class unverified),format/extension only,added/custom content
Content/NiagaraExamples/Gallery/Blueprints/Tools/BP_LightFixture.uasset,.uasset,30504,NiagaraExamples,Unreal package (class unverified),format/extension only,added/custom content
Content/NiagaraExamples/Gallery/Blueprints/Tools/BP_LightFixtureWall.uasset,.uasset,31378,NiagaraExamples,Unreal package (class unverified),format/extension only,added/custom content
Content/NiagaraExamples/Gallery/Blueprints/Tools/BP_RangeFinder.uasset,.uasset,58488,NiagaraExamples,Unreal package (class unverified),format/extension only,added/custom content
Content/NiagaraExamples/Gallery/Blueprints/Tools/BP_SpawnSystemInVolume.uasset,.uasset,63306,NiagaraExamples,Unreal package (class unverified),format/extension only,added/custom content
Content/NiagaraExamples/Gallery/Blueprints/Tools/BP_TargetDisk.uasset,.uasset,131539,NiagaraExamples,Unreal package (class unverified),format/extension only,added/custom content
Content/NiagaraExamples/Gallery/Blueprints/Tools/BP_TargetKnot.uasset,.uasset,31470,NiagaraExamples,Unreal package (class unverified),format/extension only,added/custom content
Content/NiagaraExamples/Gallery/Blueprints/Tools/BP_Teleporter.uasset,.uasset,287647,NiagaraExamples,Unreal package (class unverified),format/extension only,added/custom content
Content/NiagaraExamples/Gallery/Blueprints/Tools/BP_WeaponAutoFire.uasset,.uasset,595461,NiagaraExamples,Unreal package (class unverified),format/extension only,added/custom content
Content/NiagaraExamples/Gallery/DemoPlatform/Blueprints/BP_DemoDisplay.uasset,.uasset,1466306,NiagaraExamples,Unreal package (class unverified),format/extension only,added/custom content
Content/NiagaraExamples/Gallery/DemoPlatform/Blueprints/BP_DemoRoom.uasset,.uasset,2947495,NiagaraExamples,Unreal package (class unverified),format/extension only,added/custom content
Content/NiagaraExamples/Gallery/DemoPlatform/Materials/M_Button2.uasset,.uasset,20113,NiagaraExamples,Unreal package (class unverified),format/extension only,added/custom content
Content/NiagaraExamples/Gallery/DemoPlatform/Materials/M_Button_Emissive.uasset,.uasset,14143,NiagaraExamples,Unreal package (class unverified),format/extension only,added/custom content
Content/NiagaraExamples/Gallery/DemoPlatform/Materials/M_DemoRoom.uasset,.uasset,24749,NiagaraExamples,Unreal package (class unverified),format/extension only,added/custom content
Content/NiagaraExamples/Gallery/DemoPlatform/Materials/M_DemoWall.uasset,.uasset,12920,NiagaraExamples,Unreal package (class unverified),format/extension only,added/custom content
Content/NiagaraExamples/Gallery/DemoPlatform/Materials/M_DemoWall_Inst.uasset,.uasset,47359,NiagaraExamples,Unreal package (class unverified),format/extension only,added/custom content
Content/NiagaraExamples/Gallery/DemoPlatform/Materials/M_DemoWall_Inst_3.uasset,.uasset,47716,NiagaraExamples,Unreal package (class unverified),format/extension only,added/custom content
Content/NiagaraExamples/Gallery/DemoPlatform/Materials/M_Display.uasset,.uasset,13651,NiagaraExamples,Unreal package (class unverified),format/extension only,added/custom content
Content/NiagaraExamples/Gallery/DemoPlatform/Materials/M_GlasDoor.uasset,.uasset,24582,NiagaraExamples,Unreal package (class unverified),format/extension only,added/custom content
Content/NiagaraExamples/Gallery/DemoPlatform/Materials/M_GlasDoor_Inst.uasset,.uasset,120553,NiagaraExamples,Unreal package (class unverified),format/extension only,added/custom content
Content/NiagaraExamples/Gallery/DemoPlatform/Materials/M_Glow.uasset,.uasset,10404,NiagaraExamples,Unreal package (class unverified),format/extension only,added/custom content
Content/NiagaraExamples/Gallery/DemoPlatform/Materials/M_Metal.uasset,.uasset,24770,NiagaraExamples,Unreal package (class unverified),format/extension only,added/custom content
Content/NiagaraExamples/Gallery/DemoPlatform/Materials/M_Tile.uasset,.uasset,69880,NiagaraExamples,Unreal package (class unverified),format/extension only,added/custom content
Content/NiagaraExamples/Gallery/DemoPlatform/Materials/M_Tile_2.uasset,.uasset,40234,NiagaraExamples,Unreal package (class unverified),format/extension only,added/custom content
Content/NiagaraExamples/Gallery/DemoPlatform/Materials/M_Tile_Glossy.uasset,.uasset,9860,NiagaraExamples,Unreal package (class unverified),format/extension only,added/custom content
Content/NiagaraExamples/Gallery/DemoPlatform/Materials/M_Tile_Grey.uasset,.uasset,10235,NiagaraExamples,Unreal package (class unverified),format/extension only,added/custom content
Content/NiagaraExamples/Gallery/DemoPlatform/Materials/M_UELogo.uasset,.uasset,16787,NiagaraExamples,Unreal package (class unverified),format/extension only,added/custom content
Content/NiagaraExamples/Gallery/DemoPlatform/Materials/M_VisulizerEmissive_Inst.uasset,.uasset,8775,NiagaraExamples,Unreal package (class unverified),format/extension only,added/custom content
Content/NiagaraExamples/Gallery/DemoPlatform/Materials/MaterialFunctions/ColorTint_HQ.uasset,.uasset,81000,NiagaraExamples,Unreal package (class unverified),format/extension only,added/custom content
Content/NiagaraExamples/Gallery/DemoPlatform/Materials/MaterialFunctions/CrossTalkNextChannel.uasset,.uasset,57461,NiagaraExamples,Unreal package (class unverified),format/extension only,added/custom content
Content/NiagaraExamples/Gallery/DemoPlatform/Materials/MD_Col.uasset,.uasset,8958,NiagaraExamples,Unreal package (class unverified),format/extension only,added/custom content
Content/NiagaraExamples/Gallery/DemoPlatform/Materials/MD_Warning_Beta.uasset,.uasset,13487,NiagaraExamples,Unreal package (class unverified),format/extension only,added/custom content
Content/NiagaraExamples/Gallery/DemoPlatform/Materials/MD_Warning_Deprecated.uasset,.uasset,13003,NiagaraExamples,Unreal package (class unverified),format/extension only,added/custom content
Content/NiagaraExamples/Gallery/DemoPlatform/Materials/MD_WarningBase.uasset,.uasset,53553,NiagaraExamples,Unreal package (class unverified),format/extension only,added/custom content
Content/NiagaraExamples/Gallery/DemoPlatform/Materials/Metal.uasset,.uasset,1469,NiagaraExamples,Unreal package (class unverified),format/extension only,added/custom content
Content/NiagaraExamples/Gallery/DemoPlatform/Materials/MI_Display_Blue.uasset,.uasset,9461,NiagaraExamples,Unreal package (class unverified),format/extension only,added/custom content
Content/NiagaraExamples/Gallery/DemoPlatform/Materials/MI_Display_Gray.uasset,.uasset,9036,NiagaraExamples,Unreal package (class unverified),format/extension only,added/custom content
Content/NiagaraExamples/Gallery/DemoPlatform/Materials/MI_DisplayButton_Emissive.uasset,.uasset,8589,NiagaraExamples,Unreal package (class unverified),format/extension only,added/custom content
Content/NiagaraExamples/Gallery/DemoPlatform/Materials/MI_Metal_Light.uasset,.uasset,9556,NiagaraExamples,Unreal package (class unverified),format/extension only,added/custom content
Content/NiagaraExamples/Gallery/DemoPlatform/Materials/MI_Tile_Ceiling.uasset,.uasset,10954,NiagaraExamples,Unreal package (class unverified),format/extension only,added/custom content
Content/NiagaraExamples/Gallery/DemoPlatform/Materials/MI_TileBlack.uasset,.uasset,8793,NiagaraExamples,Unreal package (class unverified),format/extension only,added/custom content
Content/NiagaraExamples/Gallery/DemoPlatform/Materials/MI_TileColour.uasset,.uasset,11160,NiagaraExamples,Unreal package (class unverified),format/extension only,added/custom content
Content/NiagaraExamples/Gallery/DemoPlatform/Materials/Rubber.uasset,.uasset,1568,NiagaraExamples,Unreal package (class unverified),format/extension only,added/custom content
Content/NiagaraExamples/Gallery/DemoPlatform/Meshes/Button.uasset,.uasset,365019,NiagaraExamples,Unreal package (class unverified),format/extension only,added/custom content
Content/NiagaraExamples/Gallery/DemoPlatform/Meshes/Display_Button.uasset,.uasset,247410,NiagaraExamples,Unreal package (class unverified),format/extension only,added/custom content
Content/NiagaraExamples/Gallery/DemoPlatform/Meshes/Display_Corner_B.uasset,.uasset,131814,NiagaraExamples,Unreal package (class unverified),format/extension only,added/custom content
Content/NiagaraExamples/Gallery/DemoPlatform/Meshes/Display_Curve_B.uasset,.uasset,34758,NiagaraExamples,Unreal package (class unverified),format/extension only,added/custom content
Content/NiagaraExamples/Gallery/DemoPlatform/Meshes/Display_EdgeCurve_B.uasset,.uasset,176600,NiagaraExamples,Unreal package (class unverified),format/extension only,added/custom content
Content/NiagaraExamples/Gallery/DemoPlatform/Meshes/Display_Main_B.uasset,.uasset,17881,NiagaraExamples,Unreal package (class unverified),format/extension only,added/custom content
Content/NiagaraExamples/Gallery/DemoPlatform/Meshes/Display_Side_B.uasset,.uasset,29716,NiagaraExamples,Unreal package (class unverified),format/extension only,added/custom content
Content/NiagaraExamples/Gallery/DemoPlatform/Meshes/Floor_Corner.uasset,.uasset,78109,NiagaraExamples,Unreal package (class unverified),format/extension only,added/custom content
Content/NiagaraExamples/Gallery/DemoPlatform/Meshes/Floor_Edge.uasset,.uasset,21987,NiagaraExamples,Unreal package (class unverified),format/extension only,added/custom content
Content/NiagaraExamples/Gallery/DemoPlatform/Meshes/Pipe.uasset,.uasset,21722,NiagaraExamples,Unreal package (class unverified),format/extension only,added/custom content
Content/NiagaraExamples/Gallery/DemoPlatform/Meshes/ShadowBox_1MPanel.uasset,.uasset,50059,NiagaraExamples,Unreal package (class unverified),format/extension only,added/custom content
Content/NiagaraExamples/Gallery/DemoPlatform/Meshes/ShadowBox_1MPanel2.uasset,.uasset,20540,NiagaraExamples,Unreal package (class unverified),format/extension only,added/custom content
Content/NiagaraExamples/Gallery/DemoPlatform/Meshes/ShadowBox_InteriorCorner.uasset,.uasset,24656,NiagaraExamples,Unreal package (class unverified),format/extension only,added/custom content
Content/NiagaraExamples/Gallery/DemoPlatform/Meshes/ShadowBox_RoundCorner.uasset,.uasset,133939,NiagaraExamples,Unreal package (class unverified),format/extension only,added/custom content
Content/NiagaraExamples/Gallery/DemoPlatform/Meshes/ShadowBox_RoundEdge.uasset,.uasset,61684,NiagaraExamples,Unreal package (class unverified),format/extension only,added/custom content
Content/NiagaraExamples/Gallery/DemoPlatform/Meshes/Slider_Button.uasset,.uasset,126631,NiagaraExamples,Unreal package (class unverified),format/extension only,added/custom content
Content/NiagaraExamples/Gallery/DemoPlatform/Meshes/SM_Door.uasset,.uasset,59395,NiagaraExamples,Unreal package (class unverified),format/extension only,added/custom content
Content/NiagaraExamples/Gallery/DemoPlatform/Meshes/SM_SliderBase.uasset,.uasset,26111,NiagaraExamples,Unreal package (class unverified),format/extension only,added/custom content
Content/NiagaraExamples/Gallery/DemoPlatform/Meshes/SM_SliderBase_Cap.uasset,.uasset,32499,NiagaraExamples,Unreal package (class unverified),format/extension only,added/custom content
Content/NiagaraExamples/Gallery/DemoPlatform/Meshes/SM_VizButton.uasset,.uasset,88992,NiagaraExamples,Unreal package (class unverified),format/extension only,added/custom content
Content/NiagaraExamples/Gallery/DemoPlatform/Meshes/Splitter_Curve.uasset,.uasset,70660,NiagaraExamples,Unreal package (class unverified),format/extension only,added/custom content
Content/NiagaraExamples/Gallery/DemoPlatform/Meshes/Splitter_Wall.uasset,.uasset,44000,NiagaraExamples,Unreal package (class unverified),format/extension only,added/custom content
Content/NiagaraExamples/Gallery/DemoPlatform/Meshes/Splitter_Wall2.uasset,.uasset,107233,NiagaraExamples,Unreal package (class unverified),format/extension only,added/custom content
Content/NiagaraExamples/Gallery/DemoPlatform/Meshes/TagBar_Middle.uasset,.uasset,42743,NiagaraExamples,Unreal package (class unverified),format/extension only,added/custom content
Content/NiagaraExamples/Gallery/DemoPlatform/Meshes/TagBar_TitleCap.uasset,.uasset,147683,NiagaraExamples,Unreal package (class unverified),format/extension only,added/custom content
Content/NiagaraExamples/Gallery/DemoPlatform/Meshes/TagBar_TitleCap1.uasset,.uasset,165445,NiagaraExamples,Unreal package (class unverified),format/extension only,added/custom content
Content/NiagaraExamples/Gallery/DemoPlatform/Meshes/Tile_10MPillar.uasset,.uasset,21871,NiagaraExamples,Unreal package (class unverified),format/extension only,added/custom content
Content/NiagaraExamples/Gallery/DemoPlatform/Meshes/Tile_10MPillar_B.uasset,.uasset,42753,NiagaraExamples,Unreal package (class unverified),format/extension only,added/custom content
Content/NiagaraExamples/Gallery/DemoPlatform/Meshes/Tile_10MWall.uasset,.uasset,17836,NiagaraExamples,Unreal package (class unverified),format/extension only,added/custom content
Content/NiagaraExamples/Gallery/DemoPlatform/Meshes/Tile_Edge.uasset,.uasset,19410,NiagaraExamples,Unreal package (class unverified),format/extension only,added/custom content
Content/NiagaraExamples/Gallery/DemoPlatform/Meshes/Tile_InnerCurve.uasset,.uasset,27312,NiagaraExamples,Unreal package (class unverified),format/extension only,added/custom content
Content/NiagaraExamples/Gallery/DemoPlatform/Meshes/Tile_InnerCurve_B.uasset,.uasset,3218415,NiagaraExamples,Unreal package (class unverified),format/extension only,added/custom content
Content/NiagaraExamples/Gallery/DemoPlatform/Meshes/Tile_InnerCurveEdge.uasset,.uasset,47920,NiagaraExamples,Unreal package (class unverified),format/extension only,added/custom content
Content/NiagaraExamples/Gallery/DemoPlatform/Meshes/Tile_InnerCurveEdge2.uasset,.uasset,68350,NiagaraExamples,Unreal package (class unverified),format/extension only,added/custom content
Content/NiagaraExamples/Gallery/DemoPlatform/Meshes/Tile_InteriorEdge.uasset,.uasset,17968,NiagaraExamples,Unreal package (class unverified),format/extension only,added/custom content
Content/NiagaraExamples/Gallery/DemoPlatform/Meshes/Tile_InteriorSquare.uasset,.uasset,17939,NiagaraExamples,Unreal package (class unverified),format/extension only,added/custom content
Content/NiagaraExamples/Gallery/DemoPlatform/Meshes/Tile_OuterCurve.uasset,.uasset,46242,NiagaraExamples,Unreal package (class unverified),format/extension only,added/custom content
Content/NiagaraExamples/Gallery/DemoPlatform/Meshes/TrimFeature_MetalTrim_Bend.uasset,.uasset,45717,NiagaraExamples,Unreal package (class unverified),format/extension only,added/custom content
Content/NiagaraExamples/Gallery/DemoPlatform/Meshes/TrimFeature_MetalTrim_Straight.uasset,.uasset,33373,NiagaraExamples,Unreal package (class unverified),format/extension only,added/custom content
Content/NiagaraExamples/Gallery/DemoPlatform/Meshes/UELogo.uasset,.uasset,3573316,NiagaraExamples,Unreal package (class unverified),format/extension only,added/custom content
Content/NiagaraExamples/Gallery/DemoPlatform/Misc/BP_QuickActions.uasset,.uasset,269072,NiagaraExamples,Unreal package (class unverified),format/extension only,added/custom content
Content/NiagaraExamples/Gallery/DemoPlatform/Misc/DT_Colourways.uasset,.uasset,2775,NiagaraExamples,Unreal package (class unverified),format/extension only,added/custom content
Content/NiagaraExamples/Gallery/DemoPlatform/Misc/E_EnclosureLevel.uasset,.uasset,2115,NiagaraExamples,Unreal package (class unverified),format/extension only,added/custom content
Content/NiagaraExamples/Gallery/DemoPlatform/Misc/E_ExteriorLightingPreset.uasset,.uasset,2635,NiagaraExamples,Unreal package (class unverified),format/extension only,added/custom content
Content/NiagaraExamples/Gallery/DemoPlatform/Misc/E_RoomLighting.uasset,.uasset,6226,NiagaraExamples,Unreal package (class unverified),format/extension only,added/custom content
Content/NiagaraExamples/Gallery/DemoPlatform/Misc/S_Colour.uasset,.uasset,4028,NiagaraExamples,Unreal package (class unverified),format/extension only,added/custom content
Content/NiagaraExamples/Gallery/DemoPlatform/Misc/S_RoomSettings.uasset,.uasset,16117,NiagaraExamples,Unreal package (class unverified),format/extension only,added/custom content
Content/NiagaraExamples/Gallery/DemoPlatform/Textures/DemoRoomThumb.uasset,.uasset,61944,NiagaraExamples,Unreal package (class unverified),format/extension only,added/custom content
Content/NiagaraExamples/Gallery/DemoPlatform/Textures/T_GrungySurface_slnneipc_4K_MR.uasset,.uasset,32867856,NiagaraExamples,Unreal package (class unverified),format/extension only,added/custom content
Content/NiagaraExamples/Gallery/DemoPlatform/Textures/T_Pattern_M.uasset,.uasset,1240992,NiagaraExamples,Unreal package (class unverified),format/extension only,added/custom content
Content/NiagaraExamples/Gallery/DemoPlatform/Textures/T_Warning_A.uasset,.uasset,26401,NiagaraExamples,Unreal package (class unverified),format/extension only,added/custom content
Content/NiagaraExamples/Gallery/Inputs/Actions/IA_Aim.uasset,.uasset,1195,NiagaraExamples,Unreal package (class unverified),format/extension only,added/custom content
Content/NiagaraExamples/Gallery/Inputs/Actions/IA_AutoExposureLimited.uasset,.uasset,1579,NiagaraExamples,Unreal package (class unverified),format/extension only,added/custom content
Content/NiagaraExamples/Gallery/Inputs/Actions/IA_AutoExposureOff.uasset,.uasset,1559,NiagaraExamples,Unreal package (class unverified),format/extension only,added/custom content
Content/NiagaraExamples/Gallery/Inputs/Actions/IA_AutoExposureOn.uasset,.uasset,1554,NiagaraExamples,Unreal package (class unverified),format/extension only,added/custom content
Content/NiagaraExamples/Gallery/Inputs/Actions/IA_DataChannelImpacts.uasset,.uasset,1574,NiagaraExamples,Unreal package (class unverified),format/extension only,added/custom content
Content/NiagaraExamples/Gallery/Inputs/Actions/IA_DayNight.uasset,.uasset,1524,NiagaraExamples,Unreal package (class unverified),format/extension only,added/custom content
Content/NiagaraExamples/Gallery/Inputs/Actions/IA_ExplosionsLarge.uasset,.uasset,1559,NiagaraExamples,Unreal package (class unverified),format/extension only,added/custom content
Content/NiagaraExamples/Gallery/Inputs/Actions/IA_ExplosionsMedium.uasset,.uasset,1564,NiagaraExamples,Unreal package (class unverified),format/extension only,added/custom content
Content/NiagaraExamples/Gallery/Inputs/Actions/IA_ExplosionsSmall.uasset,.uasset,1559,NiagaraExamples,Unreal package (class unverified),format/extension only,added/custom content
Content/NiagaraExamples/Gallery/Inputs/Actions/IA_Fire.uasset,.uasset,1706,NiagaraExamples,Unreal package (class unverified),format/extension only,added/custom content
Content/NiagaraExamples/Gallery/Inputs/Actions/IA_Interact.uasset,.uasset,1220,NiagaraExamples,Unreal package (class unverified),format/extension only,added/custom content
Content/NiagaraExamples/Gallery/Inputs/Actions/IA_Jump.uasset,.uasset,1706,NiagaraExamples,Unreal package (class unverified),format/extension only,added/custom content
Content/NiagaraExamples/Gallery/Inputs/Actions/IA_LineTrace.uasset,.uasset,1529,NiagaraExamples,Unreal package (class unverified),format/extension only,added/custom content
Content/NiagaraExamples/Gallery/Inputs/Actions/IA_Look.uasset,.uasset,1396,NiagaraExamples,Unreal package (class unverified),format/extension only,added/custom content
Content/NiagaraExamples/Gallery/Inputs/Actions/IA_MouseLook.uasset,.uasset,1421,NiagaraExamples,Unreal package (class unverified),format/extension only,added/custom content
Content/NiagaraExamples/Gallery/Inputs/Actions/IA_Move.uasset,.uasset,1396,NiagaraExamples,Unreal package (class unverified),format/extension only,added/custom content
Content/NiagaraExamples/Gallery/Inputs/Actions/IA_OpenDocs.uasset,.uasset,1524,NiagaraExamples,Unreal package (class unverified),format/extension only,added/custom content
Content/NiagaraExamples/Gallery/Inputs/Actions/IA_Ping.uasset,.uasset,1200,NiagaraExamples,Unreal package (class unverified),format/extension only,added/custom content
Content/NiagaraExamples/Gallery/Inputs/Actions/IA_Projectile.uasset,.uasset,1534,NiagaraExamples,Unreal package (class unverified),format/extension only,added/custom content
Content/NiagaraExamples/Gallery/Inputs/Actions/IA_Shift.uasset,.uasset,1832,NiagaraExamples,Unreal package (class unverified),format/extension only,added/custom content
Content/NiagaraExamples/Gallery/Inputs/Actions/IA_SpawnedImpacts.uasset,.uasset,1554,NiagaraExamples,Unreal package (class unverified),format/extension only,added/custom content
Content/NiagaraExamples/Gallery/Inputs/IMC_Default.uasset,.uasset,16667,NiagaraExamples,Unreal package (class unverified),format/extension only,added/custom content
Content/NiagaraExamples/Gallery/Inputs/IMC_MouseLook.uasset,.uasset,2688,NiagaraExamples,Unreal package (class unverified),format/extension only,added/custom content
Content/NiagaraExamples/Gallery/Inputs/Touch/BPI_TouchInterface.uasset,.uasset,16490,NiagaraExamples,Unreal package (class unverified),format/extension only,added/custom content
Content/NiagaraExamples/Gallery/Inputs/Touch/UI_Thumbstick.uasset,.uasset,223053,NiagaraExamples,Unreal package (class unverified),format/extension only,added/custom content
Content/NiagaraExamples/Gallery/Inputs/Touch/UI_TouchSimple.uasset,.uasset,85842,NiagaraExamples,Unreal package (class unverified),format/extension only,added/custom content
Content/NiagaraExamples/Gallery/LevelSequences/LS_DayNight.uasset,.uasset,41274,NiagaraExamples,Unreal package (class unverified),format/extension only,added/custom content
Content/NiagaraExamples/Gallery/LevelSequences/LS_Mesh_Loop.uasset,.uasset,38008,NiagaraExamples,Unreal package (class unverified),format/extension only,added/custom content
Content/NiagaraExamples/Gallery/Materials/M_Gallery_Text_Outline_Opaque.uasset,.uasset,34530,NiagaraExamples,Unreal package (class unverified),format/extension only,added/custom content
Content/NiagaraExamples/Gallery/Materials/M_GalleryTextMaterialTranslucent.uasset,.uasset,29260,NiagaraExamples,Unreal package (class unverified),format/extension only,added/custom content
Content/NiagaraExamples/Gallery/Materials/M_Glass.uasset,.uasset,14036,NiagaraExamples,Unreal package (class unverified),format/extension only,added/custom content
Content/NiagaraExamples/Gallery/Materials/M_HelpStand_BG.uasset,.uasset,20716,NiagaraExamples,Unreal package (class unverified),format/extension only,added/custom content
Content/NiagaraExamples/Gallery/Materials/M_HelpStand_Emissive.uasset,.uasset,26973,NiagaraExamples,Unreal package (class unverified),format/extension only,added/custom content
Content/NiagaraExamples/Gallery/Materials/M_HelpStand_Metal.uasset,.uasset,20688,NiagaraExamples,Unreal package (class unverified),format/extension only,added/custom content
Content/NiagaraExamples/Gallery/Materials/M_Lava.uasset,.uasset,32184,NiagaraExamples,Unreal package (class unverified),format/extension only,added/custom content
Content/NiagaraExamples/Gallery/Materials/M_LightFixture.uasset,.uasset,18505,NiagaraExamples,Unreal package (class unverified),format/extension only,added/custom content
Content/NiagaraExamples/Gallery/Materials/M_LightFixtureBlack.uasset,.uasset,11533,NiagaraExamples,Unreal package (class unverified),format/extension only,added/custom content
Content/NiagaraExamples/Gallery/Materials/M_LightFixtureWhite.uasset,.uasset,8873,NiagaraExamples,Unreal package (class unverified),format/extension only,added/custom content
Content/NiagaraExamples/Gallery/Materials/M_ProcGrid.uasset,.uasset,45046,NiagaraExamples,Unreal package (class unverified),format/extension only,added/custom content
Content/NiagaraExamples/Gallery/Materials/M_QuixelAsset_Simple.uasset,.uasset,21962,NiagaraExamples,Unreal package (class unverified),format/extension only,added/custom content
Content/NiagaraExamples/Gallery/Materials/M_QuixelDecal_Simple.uasset,.uasset,43445,NiagaraExamples,Unreal package (class unverified),format/extension only,added/custom content
Content/NiagaraExamples/Gallery/Materials/M_RangeFloor.uasset,.uasset,18774,NiagaraExamples,Unreal package (class unverified),format/extension only,added/custom content
Content/NiagaraExamples/Gallery/Materials/M_Target_Concrete.uasset,.uasset,13073,NiagaraExamples,Unreal package (class unverified),format/extension only,added/custom content
Content/NiagaraExamples/Gallery/Materials/M_Target_Glass.uasset,.uasset,14777,NiagaraExamples,Unreal package (class unverified),format/extension only,added/custom content
Content/NiagaraExamples/Gallery/Materials/M_Target_Gravel.uasset,.uasset,18358,NiagaraExamples,Unreal package (class unverified),format/extension only,added/custom content
Content/NiagaraExamples/Gallery/Materials/M_Target_Metal.uasset,.uasset,14310,NiagaraExamples,Unreal package (class unverified),format/extension only,added/custom content
Content/NiagaraExamples/Gallery/Materials/M_Target_Wood.uasset,.uasset,15386,NiagaraExamples,Unreal package (class unverified),format/extension only,added/custom content
Content/NiagaraExamples/Gallery/Materials/MannequinTarget/M_MannequinTarget_Concrete.uasset,.uasset,15175,NiagaraExamples,Unreal package (class unverified),format/extension only,added/custom content
Content/NiagaraExamples/Gallery/Materials/MannequinTarget/M_MannequinTarget_Glass.uasset,.uasset,15996,NiagaraExamples,Unreal package (class unverified),format/extension only,added/custom content
Content/NiagaraExamples/Gallery/Materials/MannequinTarget/M_MannequinTarget_Metal.uasset,.uasset,16413,NiagaraExamples,Unreal package (class unverified),format/extension only,added/custom content
Content/NiagaraExamples/Gallery/Materials/MannequinTarget/M_MannequinTarget_Wood.uasset,.uasset,19516,NiagaraExamples,Unreal package (class unverified),format/extension only,added/custom content
Content/NiagaraExamples/Gallery/Materials/MannequinTarget/ML_Concrete.uasset,.uasset,13037,NiagaraExamples,Unreal package (class unverified),format/extension only,added/custom content
Content/NiagaraExamples/Gallery/Materials/MannequinTarget/ML_Glass.uasset,.uasset,17233,NiagaraExamples,Unreal package (class unverified),format/extension only,added/custom content
Content/NiagaraExamples/Gallery/Materials/MannequinTarget/ML_Gravel.uasset,.uasset,20134,NiagaraExamples,Unreal package (class unverified),format/extension only,added/custom content
Content/NiagaraExamples/Gallery/Materials/MannequinTarget/ML_Mannequin.uasset,.uasset,16864,NiagaraExamples,Unreal package (class unverified),format/extension only,added/custom content
Content/NiagaraExamples/Gallery/Materials/MannequinTarget/ML_Metal.uasset,.uasset,16770,NiagaraExamples,Unreal package (class unverified),format/extension only,added/custom content
Content/NiagaraExamples/Gallery/Materials/MannequinTarget/ML_Target.uasset,.uasset,27790,NiagaraExamples,Unreal package (class unverified),format/extension only,added/custom content
Content/NiagaraExamples/Gallery/Materials/MannequinTarget/ML_Wood.uasset,.uasset,22638,NiagaraExamples,Unreal package (class unverified),format/extension only,added/custom content
Content/NiagaraExamples/Gallery/Materials/MannequinTarget/MLB_AoverB.uasset,.uasset,10652,NiagaraExamples,Unreal package (class unverified),format/extension only,added/custom content
Content/NiagaraExamples/Gallery/Materials/MannequinTarget/MLB_NormalBlend.uasset,.uasset,14830,NiagaraExamples,Unreal package (class unverified),format/extension only,added/custom content
Content/NiagaraExamples/Gallery/Materials/MaterialFunctions/MF_DesatAssets.uasset,.uasset,10875,NiagaraExamples,Unreal package (class unverified),format/extension only,added/custom content
Content/NiagaraExamples/Gallery/Materials/MaterialFunctions/MF_ProcGrid.uasset,.uasset,49414,NiagaraExamples,Unreal package (class unverified),format/extension only,added/custom content
Content/NiagaraExamples/Gallery/Materials/MI_Glass_Blue.uasset,.uasset,8629,NiagaraExamples,Unreal package (class unverified),format/extension only,added/custom content
Content/NiagaraExamples/Gallery/Materials/MI_Glass_Green.uasset,.uasset,8578,NiagaraExamples,Unreal package (class unverified),format/extension only,added/custom content
Content/NiagaraExamples/Gallery/Materials/MI_Grid_Gravel.uasset,.uasset,10996,NiagaraExamples,Unreal package (class unverified),format/extension only,added/custom content
Content/NiagaraExamples/Gallery/Materials/MI_Knot_Wood.uasset,.uasset,12064,NiagaraExamples,Unreal package (class unverified),format/extension only,added/custom content
Content/NiagaraExamples/Gallery/Materials/MI_LandscapeGrid.uasset,.uasset,12831,NiagaraExamples,Unreal package (class unverified),format/extension only,added/custom content
Content/NiagaraExamples/Gallery/Materials/MI_LandscapeGrid_Target.uasset,.uasset,9163,NiagaraExamples,Unreal package (class unverified),format/extension only,added/custom content
Content/NiagaraExamples/Gallery/Materials/MI_ProcGrid.uasset,.uasset,13311,NiagaraExamples,Unreal package (class unverified),format/extension only,added/custom content
Content/NiagaraExamples/Gallery/Materials/MI_ProcGrid_Range.uasset,.uasset,11831,NiagaraExamples,Unreal package (class unverified),format/extension only,added/custom content
Content/NiagaraExamples/Gallery/Materials/MI_RangeFloorDirt.uasset,.uasset,8960,NiagaraExamples,Unreal package (class unverified),format/extension only,added/custom content
Content/NiagaraExamples/Gallery/Materials/MI_RangeFloorFire.uasset,.uasset,8816,NiagaraExamples,Unreal package (class unverified),format/extension only,added/custom content
Content/NiagaraExamples/Gallery/Materials/MI_RangeFloorStylized.uasset,.uasset,9039,NiagaraExamples,Unreal package (class unverified),format/extension only,added/custom content
Content/NiagaraExamples/Gallery/Megascans/Surfaces/Gravel_Ground_xbnefjm/Medium/xbnefjm_tier_2/Materials/MI_xbnefjm.uasset,.uasset,70538,NiagaraExamples,Unreal package (class unverified),format/extension only,added/custom content
Content/NiagaraExamples/Gallery/Megascans/Surfaces/Gravel_Ground_xbnefjm/Medium/xbnefjm_tier_2/Textures/T_xbnefjm_2K_B.uasset,.uasset,9257303,NiagaraExamples,Unreal package (class unverified),format/extension only,added/custom content
Content/NiagaraExamples/Gallery/Megascans/Surfaces/Gravel_Ground_xbnefjm/Medium/xbnefjm_tier_2/Textures/T_xbnefjm_2K_N.uasset,.uasset,12964807,NiagaraExamples,Unreal package (class unverified),format/extension only,added/custom content
Content/NiagaraExamples/Gallery/Megascans/Surfaces/Gravel_Ground_xbnefjm/Medium/xbnefjm_tier_2/Textures/T_xbnefjm_2K_ORM.uasset,.uasset,7702135,NiagaraExamples,Unreal package (class unverified),format/extension only,added/custom content
Content/NiagaraExamples/Gallery/PhysMats/PhysM_Concrete.uasset,.uasset,1274,NiagaraExamples,Unreal package (class unverified),format/extension only,added/custom content
Content/NiagaraExamples/Gallery/PhysMats/PhysM_Dirt.uasset,.uasset,1254,NiagaraExamples,Unreal package (class unverified),format/extension only,added/custom content
Content/NiagaraExamples/Gallery/PhysMats/PhysM_Glass.uasset,.uasset,1259,NiagaraExamples,Unreal package (class unverified),format/extension only,added/custom content
Content/NiagaraExamples/Gallery/PhysMats/PhysM_Gravel.uasset,.uasset,1264,NiagaraExamples,Unreal package (class unverified),format/extension only,added/custom content
Content/NiagaraExamples/Gallery/PhysMats/PhysM_HitDissolve.uasset,.uasset,1289,NiagaraExamples,Unreal package (class unverified),format/extension only,added/custom content
Content/NiagaraExamples/Gallery/PhysMats/PhysM_HitShower.uasset,.uasset,1279,NiagaraExamples,Unreal package (class unverified),format/extension only,added/custom content
Content/NiagaraExamples/Gallery/PhysMats/PhysM_Lava.uasset,.uasset,1254,NiagaraExamples,Unreal package (class unverified),format/extension only,added/custom content
Content/NiagaraExamples/Gallery/PhysMats/PhysM_Metal.uasset,.uasset,1259,NiagaraExamples,Unreal package (class unverified),format/extension only,added/custom content
Content/NiagaraExamples/Gallery/PhysMats/PhysM_Wood.uasset,.uasset,1254,NiagaraExamples,Unreal package (class unverified),format/extension only,added/custom content
Content/NiagaraExamples/Gallery/SkeletalMesh/DinoDragon/Material/DINO.uasset,.uasset,25290,NiagaraExamples,Unreal package (class unverified),format/extension only,added/custom content
Content/NiagaraExamples/Gallery/SkeletalMesh/DinoDragon/Material/DINO_A.uasset,.uasset,1770067,NiagaraExamples,Unreal package (class unverified),format/extension only,added/custom content
Content/NiagaraExamples/Gallery/SkeletalMesh/DinoDragon/Material/DINO_D.uasset,.uasset,5014868,NiagaraExamples,Unreal package (class unverified),format/extension only,added/custom content
Content/NiagaraExamples/Gallery/SkeletalMesh/DinoDragon/Material/Dino_N.uasset,.uasset,2911334,NiagaraExamples,Unreal package (class unverified),format/extension only,added/custom content
Content/NiagaraExamples/Gallery/SkeletalMesh/DinoDragon/Material/Eyeball.uasset,.uasset,6532,NiagaraExamples,Unreal package (class unverified),format/extension only,added/custom content
Content/NiagaraExamples/Gallery/SkeletalMesh/DinoDragon/Material/EYES.uasset,.uasset,12274,NiagaraExamples,Unreal package (class unverified),format/extension only,added/custom content
Content/NiagaraExamples/Gallery/SkeletalMesh/DinoDragon/SK_DinoDragon.uasset,.uasset,21638725,NiagaraExamples,Unreal package (class unverified),format/extension only,added/custom content
Content/NiagaraExamples/Gallery/SkeletalMesh/DinoDragon/SK_DinoDragon_Physics.uasset,.uasset,95692,NiagaraExamples,Unreal package (class unverified),format/extension only,added/custom content
Content/NiagaraExamples/Gallery/SkeletalMesh/DinoDragon/SK_DinoDragon_Skeleton.uasset,.uasset,19614,NiagaraExamples,Unreal package (class unverified),format/extension only,added/custom content
Content/NiagaraExamples/Gallery/SkeletalMesh/Mannequins/Anims/ABP_Gallery.uasset,.uasset,525007,NiagaraExamples,Unreal package (class unverified),format/extension only,added/custom content
Content/NiagaraExamples/Gallery/SkeletalMesh/Mannequins/Anims/BS_Strafe.uasset,.uasset,30968,NiagaraExamples,Unreal package (class unverified),format/extension only,added/custom content
Content/NiagaraExamples/Gallery/SkeletalMesh/Mannequins/Anims/Enum_Footstep.uasset,.uasset,2353,NiagaraExamples,Unreal package (class unverified),format/extension only,added/custom content
Content/NiagaraExamples/Gallery/SkeletalMesh/Mannequins/Anims/Rifle/Jog/MF_Rifle_Jog_Bwd.uasset,.uasset,571839,NiagaraExamples,Unreal package (class unverified),format/extension only,added/custom content
Content/NiagaraExamples/Gallery/SkeletalMesh/Mannequins/Anims/Rifle/Jog/MF_Rifle_Jog_Fwd.uasset,.uasset,508465,NiagaraExamples,Unreal package (class unverified),format/extension only,added/custom content
Content/NiagaraExamples/Gallery/SkeletalMesh/Mannequins/Anims/Rifle/Jog/MF_Rifle_Jog_Left.uasset,.uasset,293541,NiagaraExamples,Unreal package (class unverified),format/extension only,added/custom content
Content/NiagaraExamples/Gallery/SkeletalMesh/Mannequins/Anims/Rifle/Jog/MF_Rifle_Jog_Right.uasset,.uasset,415597,NiagaraExamples,Unreal package (class unverified),format/extension only,added/custom content
Content/NiagaraExamples/Gallery/SkeletalMesh/Mannequins/Anims/Rifle/Jump/MM_Fall_Loop.uasset,.uasset,925196,NiagaraExamples,Unreal package (class unverified),format/extension only,added/custom content
Content/NiagaraExamples/Gallery/SkeletalMesh/Mannequins/Anims/Rifle/Jump/MM_Jump.uasset,.uasset,403575,NiagaraExamples,Unreal package (class unverified),format/extension only,added/custom content
Content/NiagaraExamples/Gallery/SkeletalMesh/Mannequins/Anims/Rifle/Jump/MM_Land.uasset,.uasset,413964,NiagaraExamples,Unreal package (class unverified),format/extension only,added/custom content
Content/NiagaraExamples/Gallery/SkeletalMesh/Mannequins/Anims/Rifle/MF_Rifle_Idle_ADS.uasset,.uasset,1700135,NiagaraExamples,Unreal package (class unverified),format/extension only,added/custom content
Content/NiagaraExamples/Gallery/SkeletalMesh/Mannequins/Anims/Rifle/Walk/MF_Rifle_Walk_Bwd.uasset,.uasset,456805,NiagaraExamples,Unreal package (class unverified),format/extension only,added/custom content
Content/NiagaraExamples/Gallery/SkeletalMesh/Mannequins/Anims/Rifle/Walk/MF_Rifle_Walk_Fwd.uasset,.uasset,497214,NiagaraExamples,Unreal package (class unverified),format/extension only,added/custom content
Content/NiagaraExamples/Gallery/SkeletalMesh/Mannequins/Anims/Rifle/Walk/MF_Rifle_Walk_Left.uasset,.uasset,460266,NiagaraExamples,Unreal package (class unverified),format/extension only,added/custom content
Content/NiagaraExamples/Gallery/SkeletalMesh/Mannequins/Anims/Rifle/Walk/MF_Rifle_Walk_Right.uasset,.uasset,517625,NiagaraExamples,Unreal package (class unverified),format/extension only,added/custom content
Content/NiagaraExamples/Gallery/SkeletalMesh/Mannequins/Materials/M_Mannequin.uasset,.uasset,79116,NiagaraExamples,Unreal package (class unverified),format/extension only,added/custom content
Content/NiagaraExamples/Gallery/SkeletalMesh/Mannequins/Materials/Manny/MI_Manny_01_New.uasset,.uasset,18188,NiagaraExamples,Unreal package (class unverified),format/extension only,added/custom content
Content/NiagaraExamples/Gallery/SkeletalMesh/Mannequins/Materials/Manny/MI_Manny_02_New.uasset,.uasset,20063,NiagaraExamples,Unreal package (class unverified),format/extension only,added/custom content
Content/NiagaraExamples/Gallery/SkeletalMesh/Mannequins/Materials/Quinn/MI_Quinn_01.uasset,.uasset,11603,NiagaraExamples,Unreal package (class unverified),format/extension only,added/custom content
Content/NiagaraExamples/Gallery/SkeletalMesh/Mannequins/Materials/Quinn/MI_Quinn_02.uasset,.uasset,11137,NiagaraExamples,Unreal package (class unverified),format/extension only,added/custom content
Content/NiagaraExamples/Gallery/SkeletalMesh/Mannequins/Meshes/SK_Mannequin.uasset,.uasset,191690,NiagaraExamples,Unreal package (class unverified),format/extension only,added/custom content
Content/NiagaraExamples/Gallery/SkeletalMesh/Mannequins/Meshes/SKM_Manny_Simple.uasset,.uasset,15824064,NiagaraExamples,Unreal package (class unverified),format/extension only,added/custom content
Content/NiagaraExamples/Gallery/SkeletalMesh/Mannequins/Meshes/SKM_Quinn_Simple.uasset,.uasset,16248600,NiagaraExamples,Unreal package (class unverified),format/extension only,added/custom content
Content/NiagaraExamples/Gallery/SkeletalMesh/Mannequins/Rigs/CR_Mannequin_Body.uasset,.uasset,16695545,NiagaraExamples,Unreal package (class unverified),format/extension only,added/custom content
Content/NiagaraExamples/Gallery/SkeletalMesh/Mannequins/Rigs/CR_Mannequin_FootIK.uasset,.uasset,328312,NiagaraExamples,Unreal package (class unverified),format/extension only,added/custom content
Content/NiagaraExamples/Gallery/SkeletalMesh/Mannequins/Rigs/PA_Mannequin.uasset,.uasset,303149,NiagaraExamples,Unreal package (class unverified),format/extension only,added/custom content
Content/NiagaraExamples/Gallery/SkeletalMesh/Mannequins/Textures/Manny/T_Manny_01_BN.uasset,.uasset,1418367,NiagaraExamples,Unreal package (class unverified),format/extension only,added/custom content
Content/NiagaraExamples/Gallery/SkeletalMesh/Mannequins/Textures/Manny/T_Manny_01_D.uasset,.uasset,691411,NiagaraExamples,Unreal package (class unverified),format/extension only,added/custom content
Content/NiagaraExamples/Gallery/SkeletalMesh/Mannequins/Textures/Manny/T_Manny_01_MRA.uasset,.uasset,698994,NiagaraExamples,Unreal package (class unverified),format/extension only,added/custom content
Content/NiagaraExamples/Gallery/SkeletalMesh/Mannequins/Textures/Manny/T_Manny_02_BN.uasset,.uasset,20842694,NiagaraExamples,Unreal package (class unverified),format/extension only,added/custom content
Content/NiagaraExamples/Gallery/SkeletalMesh/Mannequins/Textures/Manny/T_Manny_02_D.uasset,.uasset,1025278,NiagaraExamples,Unreal package (class unverified),format/extension only,added/custom content
Content/NiagaraExamples/Gallery/SkeletalMesh/Mannequins/Textures/Manny/T_Manny_02_MRA.uasset,.uasset,1029373,NiagaraExamples,Unreal package (class unverified),format/extension only,added/custom content
Content/NiagaraExamples/Gallery/SkeletalMesh/Mannequins/Textures/Quinn/T_Quinn_01_D.uasset,.uasset,661255,NiagaraExamples,Unreal package (class unverified),format/extension only,added/custom content
Content/NiagaraExamples/Gallery/SkeletalMesh/Mannequins/Textures/Quinn/T_Quinn_01_MRA.uasset,.uasset,764555,NiagaraExamples,Unreal package (class unverified),format/extension only,added/custom content
Content/NiagaraExamples/Gallery/SkeletalMesh/Mannequins/Textures/Quinn/T_Quinn_01_N.uasset,.uasset,1258761,NiagaraExamples,Unreal package (class unverified),format/extension only,added/custom content
Content/NiagaraExamples/Gallery/SkeletalMesh/Mannequins/Textures/Quinn/T_Quinn_02_D.uasset,.uasset,928520,NiagaraExamples,Unreal package (class unverified),format/extension only,added/custom content
Content/NiagaraExamples/Gallery/SkeletalMesh/Mannequins/Textures/Quinn/T_Quinn_02_MRA.uasset,.uasset,943572,NiagaraExamples,Unreal package (class unverified),format/extension only,added/custom content
Content/NiagaraExamples/Gallery/SkeletalMesh/Mannequins/Textures/Quinn/T_Quinn_02_N.uasset,.uasset,1517004,NiagaraExamples,Unreal package (class unverified),format/extension only,added/custom content
Content/NiagaraExamples/Gallery/SkeletalMesh/Mannequins/Textures/Shared/T_UE_Logo_M.uasset,.uasset,59621,NiagaraExamples,Unreal package (class unverified),format/extension only,added/custom content
Content/NiagaraExamples/Gallery/StaticMesh/BeachBall/M_BeachBall.uasset,.uasset,13355,NiagaraExamples,Unreal package (class unverified),format/extension only,added/custom content
Content/NiagaraExamples/Gallery/StaticMesh/BeachBall/M_BeachBallBlue.uasset,.uasset,9285,NiagaraExamples,Unreal package (class unverified),format/extension only,added/custom content
Content/NiagaraExamples/Gallery/StaticMesh/BeachBall/M_BeachBallRed.uasset,.uasset,9009,NiagaraExamples,Unreal package (class unverified),format/extension only,added/custom content
Content/NiagaraExamples/Gallery/StaticMesh/BeachBall/M_BeachBallWhite.uasset,.uasset,6964,NiagaraExamples,Unreal package (class unverified),format/extension only,added/custom content
Content/NiagaraExamples/Gallery/StaticMesh/BeachBall/M_BeachBallYellow.uasset,.uasset,9328,NiagaraExamples,Unreal package (class unverified),format/extension only,added/custom content
Content/NiagaraExamples/Gallery/StaticMesh/BeachBall/SM_BeachBall.uasset,.uasset,27568,NiagaraExamples,Unreal package (class unverified),format/extension only,added/custom content
Content/NiagaraExamples/Gallery/StaticMesh/EditorHelpCPUReadable.uasset,.uasset,81789,NiagaraExamples,Unreal package (class unverified),format/extension only,added/custom content
Content/NiagaraExamples/Gallery/StaticMesh/SM_Arrow.uasset,.uasset,18901,NiagaraExamples,Unreal package (class unverified),format/extension only,added/custom content
Content/NiagaraExamples/Gallery/StaticMesh/SM_Box.uasset,.uasset,17133,NiagaraExamples,Unreal package (class unverified),format/extension only,added/custom content
Content/NiagaraExamples/Gallery/StaticMesh/SM_ExplosionTarget.uasset,.uasset,22182,NiagaraExamples,Unreal package (class unverified),format/extension only,added/custom content
Content/NiagaraExamples/Gallery/StaticMesh/SM_FireplaceLogs.uasset,.uasset,31164,NiagaraExamples,Unreal package (class unverified),format/extension only,added/custom content
Content/NiagaraExamples/Gallery/StaticMesh/SM_Knot.uasset,.uasset,332784,NiagaraExamples,Unreal package (class unverified),format/extension only,added/custom content
Content/NiagaraExamples/Gallery/StaticMesh/SM_LightFixture.uasset,.uasset,16146,NiagaraExamples,Unreal package (class unverified),format/extension only,added/custom content
Content/NiagaraExamples/Gallery/StaticMesh/SM_LightFixtureWall.uasset,.uasset,41616,NiagaraExamples,Unreal package (class unverified),format/extension only,added/custom content
Content/NiagaraExamples/Gallery/StaticMesh/SM_MannequinTarget.uasset,.uasset,29915,NiagaraExamples,Unreal package (class unverified),format/extension only,added/custom content
Content/NiagaraExamples/Gallery/StaticMesh/SM_TorchBase.uasset,.uasset,28485,NiagaraExamples,Unreal package (class unverified),format/extension only,added/custom content
Content/NiagaraExamples/Gallery/StaticMesh/SM_TorchFuel.uasset,.uasset,15510,NiagaraExamples,Unreal package (class unverified),format/extension only,added/custom content
Content/NiagaraExamples/Gallery/StaticMesh/ToyCow/Materials/M_Toy_Cow.uasset,.uasset,42762,NiagaraExamples,Unreal package (class unverified),format/extension only,added/custom content
Content/NiagaraExamples/Gallery/StaticMesh/ToyCow/SM_ToyCow.uasset,.uasset,180950,NiagaraExamples,Unreal package (class unverified),format/extension only,added/custom content
Content/NiagaraExamples/Gallery/StaticMesh/ToyCow/Textures/T_Toy_Cow_M.uasset,.uasset,130112,NiagaraExamples,Unreal package (class unverified),format/extension only,added/custom content
Content/NiagaraExamples/Gallery/StaticMesh/ToyCow/Textures/T_Toy_Cow_N.uasset,.uasset,642202,NiagaraExamples,Unreal package (class unverified),format/extension only,added/custom content
Content/NiagaraExamples/Gallery/Textures/T_MannequinTarget.uasset,.uasset,354458,NiagaraExamples,Unreal package (class unverified),format/extension only,added/custom content
Content/NiagaraExamples/Gallery/Weapons/Generic/Materials/M_Weapon.uasset,.uasset,60762,NiagaraExamples,Unreal package (class unverified),format/extension only,added/custom content
Content/NiagaraExamples/Gallery/Weapons/Generic/Textures/T_Weapon_AORM.uasset,.uasset,5575,NiagaraExamples,Unreal package (class unverified),format/extension only,added/custom content
Content/NiagaraExamples/Gallery/Weapons/Generic/Textures/T_Weapon_D.uasset,.uasset,5281,NiagaraExamples,Unreal package (class unverified),format/extension only,added/custom content
Content/NiagaraExamples/Gallery/Weapons/Generic/Textures/T_Weapon_Mask.uasset,.uasset,5601,NiagaraExamples,Unreal package (class unverified),format/extension only,added/custom content
Content/NiagaraExamples/Gallery/Weapons/Generic/Textures/T_Weapon_N.uasset,.uasset,5604,NiagaraExamples,Unreal package (class unverified),format/extension only,added/custom content
Content/NiagaraExamples/Gallery/Weapons/Launcher/Materials/MI_Weapon_Launcher.uasset,.uasset,19381,NiagaraExamples,Unreal package (class unverified),format/extension only,added/custom content
Content/NiagaraExamples/Gallery/Weapons/Launcher/Mesh/SK_Launcher_PhysicsAsset.uasset,.uasset,9577,NiagaraExamples,Unreal package (class unverified),format/extension only,added/custom content
Content/NiagaraExamples/Gallery/Weapons/Launcher/Mesh/SK_Launcher_Skeleton.uasset,.uasset,10326,NiagaraExamples,Unreal package (class unverified),format/extension only,added/custom content
Content/NiagaraExamples/Gallery/Weapons/Launcher/Mesh/SKM_Launcher.uasset,.uasset,3307005,NiagaraExamples,Unreal package (class unverified),format/extension only,added/custom content
Content/NiagaraExamples/Gallery/Weapons/Launcher/Texture/T_Launcher_AORM.uasset,.uasset,17579625,NiagaraExamples,Unreal package (class unverified),format/extension only,added/custom content
Content/NiagaraExamples/Gallery/Weapons/Launcher/Texture/T_Launcher_D.uasset,.uasset,9990615,NiagaraExamples,Unreal package (class unverified),format/extension only,added/custom content
Content/NiagaraExamples/Gallery/Weapons/Launcher/Texture/T_Launcher_Mask.uasset,.uasset,342535,NiagaraExamples,Unreal package (class unverified),format/extension only,added/custom content
Content/NiagaraExamples/Gallery/Weapons/Launcher/Texture/T_Launcher_N.uasset,.uasset,17925745,NiagaraExamples,Unreal package (class unverified),format/extension only,added/custom content
Content/NiagaraExamples/Gallery/Weapons/Rifle/Animations/ABP_Weap_Rifle.uasset,.uasset,38907,NiagaraExamples,Unreal package (class unverified),format/extension only,added/custom content
Content/NiagaraExamples/Gallery/Weapons/Rifle/Animations/AM_MM_Rifle_DryFire.uasset,.uasset,12703,NiagaraExamples,Unreal package (class unverified),format/extension only,added/custom content
Content/NiagaraExamples/Gallery/Weapons/Rifle/Animations/AM_MM_Rifle_Equip.uasset,.uasset,15334,NiagaraExamples,Unreal package (class unverified),format/extension only,added/custom content
Content/NiagaraExamples/Gallery/Weapons/Rifle/Animations/AM_MM_Rifle_Fire.uasset,.uasset,14897,NiagaraExamples,Unreal package (class unverified),format/extension only,added/custom content
Content/NiagaraExamples/Gallery/Weapons/Rifle/Animations/AM_MM_Rifle_Reload.uasset,.uasset,18043,NiagaraExamples,Unreal package (class unverified),format/extension only,added/custom content
Content/NiagaraExamples/Gallery/Weapons/Rifle/Animations/AM_MM_Rifle_Reload_Emote_MW.uasset,.uasset,20655,NiagaraExamples,Unreal package (class unverified),format/extension only,added/custom content
Content/NiagaraExamples/Gallery/Weapons/Rifle/Animations/AM_Weap_Rifle_Fire.uasset,.uasset,8995,NiagaraExamples,Unreal package (class unverified),format/extension only,added/custom content
Content/NiagaraExamples/Gallery/Weapons/Rifle/Animations/AM_Weap_Rifle_Reload.uasset,.uasset,9013,NiagaraExamples,Unreal package (class unverified),format/extension only,added/custom content
Content/NiagaraExamples/Gallery/Weapons/Rifle/Animations/Weap_Rifle_Fire.uasset,.uasset,26913,NiagaraExamples,Unreal package (class unverified),format/extension only,added/custom content
Content/NiagaraExamples/Gallery/Weapons/Rifle/Animations/Weap_Rifle_Reload.uasset,.uasset,63826,NiagaraExamples,Unreal package (class unverified),format/extension only,added/custom content
Content/NiagaraExamples/Gallery/Weapons/Rifle/Materials/MI_Weapon_Rifle.uasset,.uasset,18652,NiagaraExamples,Unreal package (class unverified),format/extension only,added/custom content
Content/NiagaraExamples/Gallery/Weapons/Rifle/Mesh/SK_Rifle.uasset,.uasset,2452342,NiagaraExamples,Unreal package (class unverified),format/extension only,added/custom content
Content/NiagaraExamples/Gallery/Weapons/Rifle/Mesh/SK_Rifle_PhysicsAsset.uasset,.uasset,8683,NiagaraExamples,Unreal package (class unverified),format/extension only,added/custom content
Content/NiagaraExamples/Gallery/Weapons/Rifle/Mesh/SK_Rifle_Skeleton.uasset,.uasset,9802,NiagaraExamples,Unreal package (class unverified),format/extension only,added/custom content
Content/NiagaraExamples/Gallery/Weapons/Rifle/Mesh/SM_Rifle.uasset,.uasset,617588,NiagaraExamples,Unreal package (class unverified),format/extension only,added/custom content
Content/NiagaraExamples/Gallery/Weapons/Rifle/Sounds/Rifle_Load01.uasset,.uasset,153368,NiagaraExamples,Unreal package (class unverified),format/extension only,added/custom content
Content/NiagaraExamples/Gallery/Weapons/Rifle/Textures/T_Rifle_AORM.uasset,.uasset,18205871,NiagaraExamples,Unreal package (class unverified),format/extension only,added/custom content
Content/NiagaraExamples/Gallery/Weapons/Rifle/Textures/T_Rifle_Combined_N.uasset,.uasset,17257197,NiagaraExamples,Unreal package (class unverified),format/extension only,added/custom content
Content/NiagaraExamples/Gallery/Weapons/Rifle/Textures/T_Rifle_D.uasset,.uasset,10271782,NiagaraExamples,Unreal package (class unverified),format/extension only,added/custom content
Content/NiagaraExamples/Gallery/Weapons/Rifle/Textures/T_Rifle_Masks.uasset,.uasset,312711,NiagaraExamples,Unreal package (class unverified),format/extension only,added/custom content
Content/NiagaraExamples/Gallery/Widgets/Crosshair.uasset,.uasset,11403,NiagaraExamples,Unreal package (class unverified),format/extension only,added/custom content
Content/NiagaraExamples/Gallery/Widgets/WB_Crosshair.uasset,.uasset,171395,NiagaraExamples,Unreal package (class unverified),format/extension only,added/custom content
Content/NiagaraExamples/GalleryLevel.umap,.umap,2931609,NiagaraExamples,Unreal map (class unverified),format/extension only,added/custom content
Content/NiagaraExamples/GalleryLevel_BuiltData.uasset,.uasset,4764816,NiagaraExamples,Unreal package (class unverified),format/extension only,added/custom content
Content/NiagaraExamples/Materials/MasterMaterials/M_BakerBackgroundColor.uasset,.uasset,12625,NiagaraExamples,Unreal package (class unverified),format/extension only,added/custom content
Content/NiagaraExamples/Materials/MasterMaterials/M_BasicSprite.uasset,.uasset,20684,NiagaraExamples,Unreal package (class unverified),format/extension only,added/custom content
Content/NiagaraExamples/Materials/MasterMaterials/M_BrightCore.uasset,.uasset,32136,NiagaraExamples,Unreal package (class unverified),format/extension only,added/custom content
Content/NiagaraExamples/Materials/MasterMaterials/M_BubbleSprite.uasset,.uasset,31102,NiagaraExamples,Unreal package (class unverified),format/extension only,added/custom content
Content/NiagaraExamples/Materials/MasterMaterials/M_BulletHole.uasset,.uasset,28642,NiagaraExamples,Unreal package (class unverified),format/extension only,added/custom content
Content/NiagaraExamples/Materials/MasterMaterials/M_BulletHole_Glass.uasset,.uasset,19750,NiagaraExamples,Unreal package (class unverified),format/extension only,added/custom content
Content/NiagaraExamples/Materials/MasterMaterials/M_Decal_Boundary.uasset,.uasset,38385,NiagaraExamples,Unreal package (class unverified),format/extension only,added/custom content
Content/NiagaraExamples/Materials/MasterMaterials/M_Decal_Glow.uasset,.uasset,32273,NiagaraExamples,Unreal package (class unverified),format/extension only,added/custom content
Content/NiagaraExamples/Materials/MasterMaterials/M_Decal_SubUV.uasset,.uasset,26191,NiagaraExamples,Unreal package (class unverified),format/extension only,added/custom content
Content/NiagaraExamples/Materials/MasterMaterials/M_Distortion.uasset,.uasset,22889,NiagaraExamples,Unreal package (class unverified),format/extension only,added/custom content
Content/NiagaraExamples/Materials/MasterMaterials/M_Energy.uasset,.uasset,26099,NiagaraExamples,Unreal package (class unverified),format/extension only,added/custom content
Content/NiagaraExamples/Materials/MasterMaterials/M_Flames.uasset,.uasset,41316,NiagaraExamples,Unreal package (class unverified),format/extension only,added/custom content
Content/NiagaraExamples/Materials/MasterMaterials/M_FlamesCard.uasset,.uasset,54462,NiagaraExamples,Unreal package (class unverified),format/extension only,added/custom content
Content/NiagaraExamples/Materials/MasterMaterials/M_Flare.uasset,.uasset,26040,NiagaraExamples,Unreal package (class unverified),format/extension only,added/custom content
Content/NiagaraExamples/Materials/MasterMaterials/M_FogBankCard.uasset,.uasset,38868,NiagaraExamples,Unreal package (class unverified),format/extension only,added/custom content
Content/NiagaraExamples/Materials/MasterMaterials/M_FresnelGlow.uasset,.uasset,43797,NiagaraExamples,Unreal package (class unverified),format/extension only,added/custom content
Content/NiagaraExamples/Materials/MasterMaterials/M_GlassShard.uasset,.uasset,14441,NiagaraExamples,Unreal package (class unverified),format/extension only,added/custom content
Content/NiagaraExamples/Materials/MasterMaterials/M_Glow_Capsule.uasset,.uasset,40179,NiagaraExamples,Unreal package (class unverified),format/extension only,added/custom content
Content/NiagaraExamples/Materials/MasterMaterials/M_Mesh_Add.uasset,.uasset,59902,NiagaraExamples,Unreal package (class unverified),format/extension only,added/custom content
Content/NiagaraExamples/Materials/MasterMaterials/M_Mesh_Overlay.uasset,.uasset,67567,NiagaraExamples,Unreal package (class unverified),format/extension only,added/custom content
Content/NiagaraExamples/Materials/MasterMaterials/M_Pebbles.uasset,.uasset,26090,NiagaraExamples,Unreal package (class unverified),format/extension only,added/custom content
Content/NiagaraExamples/Materials/MasterMaterials/M_Quixel_Simple.uasset,.uasset,22770,NiagaraExamples,Unreal package (class unverified),format/extension only,added/custom content
Content/NiagaraExamples/Materials/MasterMaterials/M_Ribbon_Arc.uasset,.uasset,73245,NiagaraExamples,Unreal package (class unverified),format/extension only,added/custom content
Content/NiagaraExamples/Materials/MasterMaterials/M_SimpleAdditive.uasset,.uasset,21102,NiagaraExamples,Unreal package (class unverified),format/extension only,added/custom content
Content/NiagaraExamples/Materials/MasterMaterials/M_SimpleDebris.uasset,.uasset,26304,NiagaraExamples,Unreal package (class unverified),format/extension only,added/custom content
Content/NiagaraExamples/Materials/MasterMaterials/M_SimpleOpaque.uasset,.uasset,11961,NiagaraExamples,Unreal package (class unverified),format/extension only,added/custom content
Content/NiagaraExamples/Materials/MasterMaterials/M_SmokeAndFire_Sprites.uasset,.uasset,152885,NiagaraExamples,Unreal package (class unverified),format/extension only,added/custom content
Content/NiagaraExamples/Materials/MasterMaterials/M_SmokeAndFire_Sprites_Backup.uasset,.uasset,171176,NiagaraExamples,Unreal package (class unverified),format/extension only,added/custom content
Content/NiagaraExamples/Materials/MasterMaterials/M_Sparks.uasset,.uasset,31237,NiagaraExamples,Unreal package (class unverified),format/extension only,added/custom content
Content/NiagaraExamples/Materials/MasterMaterials/M_Tracer.uasset,.uasset,42977,NiagaraExamples,Unreal package (class unverified),format/extension only,added/custom content
Content/NiagaraExamples/Materials/MasterMaterials/M_TracerRibbon.uasset,.uasset,15630,NiagaraExamples,Unreal package (class unverified),format/extension only,added/custom content
Content/NiagaraExamples/Materials/MasterMaterials/M_Turbulent_SmokeSubUV.uasset,.uasset,20300,NiagaraExamples,Unreal package (class unverified),format/extension only,added/custom content
Content/NiagaraExamples/Materials/MaterialFunctions/MF_DecalNormalFade.uasset,.uasset,15377,NiagaraExamples,Unreal package (class unverified),format/extension only,added/custom content
Content/NiagaraExamples/Materials/MaterialFunctions/MF_ExposureCompensation.uasset,.uasset,13944,NiagaraExamples,Unreal package (class unverified),format/extension only,added/custom content
Content/NiagaraExamples/Materials/MaterialFunctions/MF_FastSphereNormal.uasset,.uasset,18404,NiagaraExamples,Unreal package (class unverified),format/extension only,added/custom content
Content/NiagaraExamples/Materials/MaterialFunctions/MF_MotionStretchSpark.uasset,.uasset,25154,NiagaraExamples,Unreal package (class unverified),format/extension only,added/custom content
Content/NiagaraExamples/Materials/MaterialFunctions/MF_TrigSphereNormal.uasset,.uasset,21185,NiagaraExamples,Unreal package (class unverified),format/extension only,added/custom content
Content/NiagaraExamples/Materials/MI_BasicSprite.uasset,.uasset,6573,NiagaraExamples,Unreal package (class unverified),format/extension only,added/custom content
Content/NiagaraExamples/Materials/MI_BasicSprite_Masked.uasset,.uasset,8571,NiagaraExamples,Unreal package (class unverified),format/extension only,added/custom content
Content/NiagaraExamples/Materials/MI_BasicSprite_Translucent.uasset,.uasset,8498,NiagaraExamples,Unreal package (class unverified),format/extension only,added/custom content
Content/NiagaraExamples/Materials/MI_Boundary_TechGrid.uasset,.uasset,7913,NiagaraExamples,Unreal package (class unverified),format/extension only,added/custom content
Content/NiagaraExamples/Materials/MI_BubbleSprite.uasset,.uasset,8092,NiagaraExamples,Unreal package (class unverified),format/extension only,added/custom content
Content/NiagaraExamples/Materials/MI_BulletHole.uasset,.uasset,7273,NiagaraExamples,Unreal package (class unverified),format/extension only,added/custom content
Content/NiagaraExamples/Materials/MI_BulletHole_Glass.uasset,.uasset,9717,NiagaraExamples,Unreal package (class unverified),format/extension only,added/custom content
Content/NiagaraExamples/Materials/MI_Distortion.uasset,.uasset,6608,NiagaraExamples,Unreal package (class unverified),format/extension only,added/custom content
Content/NiagaraExamples/Materials/MI_Explosion_8x8.uasset,.uasset,16033,NiagaraExamples,Unreal package (class unverified),format/extension only,added/custom content
Content/NiagaraExamples/Materials/MI_Explosion_Decal.uasset,.uasset,9029,NiagaraExamples,Unreal package (class unverified),format/extension only,added/custom content
Content/NiagaraExamples/Materials/MI_Explosion_Decal_Frame0.uasset,.uasset,7284,NiagaraExamples,Unreal package (class unverified),format/extension only,added/custom content
Content/NiagaraExamples/Materials/MI_Explosion_Decal_Frame1.uasset,.uasset,7284,NiagaraExamples,Unreal package (class unverified),format/extension only,added/custom content
Content/NiagaraExamples/Materials/MI_Explosion_Decal_Frame2.uasset,.uasset,7284,NiagaraExamples,Unreal package (class unverified),format/extension only,added/custom content
Content/NiagaraExamples/Materials/MI_Explosion_Decal_Frame3.uasset,.uasset,7284,NiagaraExamples,Unreal package (class unverified),format/extension only,added/custom content
Content/NiagaraExamples/Materials/MI_ExplosionBurst_8x8.uasset,.uasset,19136,NiagaraExamples,Unreal package (class unverified),format/extension only,added/custom content
Content/NiagaraExamples/Materials/MI_ExplosionFlare.uasset,.uasset,8517,NiagaraExamples,Unreal package (class unverified),format/extension only,added/custom content
Content/NiagaraExamples/Materials/MI_ExplosionRoil_8x8.uasset,.uasset,19638,NiagaraExamples,Unreal package (class unverified),format/extension only,added/custom content
Content/NiagaraExamples/Materials/MI_ExplosionWide_8x16.uasset,.uasset,18525,NiagaraExamples,Unreal package (class unverified),format/extension only,added/custom content
Content/NiagaraExamples/Materials/MI_FireBall_8x8.uasset,.uasset,16181,NiagaraExamples,Unreal package (class unverified),format/extension only,added/custom content
Content/NiagaraExamples/Materials/MI_FireRoil_8x8.uasset,.uasset,16325,NiagaraExamples,Unreal package (class unverified),format/extension only,added/custom content
Content/NiagaraExamples/Materials/MI_Fireworks.uasset,.uasset,7302,NiagaraExamples,Unreal package (class unverified),format/extension only,added/custom content
Content/NiagaraExamples/Materials/MI_Flames.uasset,.uasset,8471,NiagaraExamples,Unreal package (class unverified),format/extension only,added/custom content
Content/NiagaraExamples/Materials/MI_Flames_ExportVelocity.uasset,.uasset,9734,NiagaraExamples,Unreal package (class unverified),format/extension only,added/custom content
Content/NiagaraExamples/Materials/MI_Flare.uasset,.uasset,5843,NiagaraExamples,Unreal package (class unverified),format/extension only,added/custom content
Content/NiagaraExamples/Materials/MI_Flare_TeslaCoil.uasset,.uasset,8458,NiagaraExamples,Unreal package (class unverified),format/extension only,added/custom content
Content/NiagaraExamples/Materials/MI_GlassShard.uasset,.uasset,6069,NiagaraExamples,Unreal package (class unverified),format/extension only,added/custom content
Content/NiagaraExamples/Materials/MI_ImpactFlash.uasset,.uasset,10514,NiagaraExamples,Unreal package (class unverified),format/extension only,added/custom content
Content/NiagaraExamples/Materials/MI_Marker_Target.uasset,.uasset,9866,NiagaraExamples,Unreal package (class unverified),format/extension only,added/custom content
Content/NiagaraExamples/Materials/MI_Mesh_Overlay_TeslaCoil.uasset,.uasset,17485,NiagaraExamples,Unreal package (class unverified),format/extension only,added/custom content
Content/NiagaraExamples/Materials/MI_Mesh_Overlay_TeslaCoil_Player.uasset,.uasset,16495,NiagaraExamples,Unreal package (class unverified),format/extension only,added/custom content
Content/NiagaraExamples/Materials/MI_Overlay_Player_Buff.uasset,.uasset,10497,NiagaraExamples,Unreal package (class unverified),format/extension only,added/custom content
Content/NiagaraExamples/Materials/MI_Overlay_Player_DeBuff.uasset,.uasset,10573,NiagaraExamples,Unreal package (class unverified),format/extension only,added/custom content
Content/NiagaraExamples/Materials/MI_Overlay_Weapon_Buff.uasset,.uasset,11577,NiagaraExamples,Unreal package (class unverified),format/extension only,added/custom content
Content/NiagaraExamples/Materials/MI_Overlay_Weapon_DeBuff.uasset,.uasset,11662,NiagaraExamples,Unreal package (class unverified),format/extension only,added/custom content
Content/NiagaraExamples/Materials/MI_Pebbles.uasset,.uasset,6811,NiagaraExamples,Unreal package (class unverified),format/extension only,added/custom content
Content/NiagaraExamples/Materials/MI_RocketFlareCore.uasset,.uasset,9361,NiagaraExamples,Unreal package (class unverified),format/extension only,added/custom content
Content/NiagaraExamples/Materials/MI_RocketTrail_8x8.uasset,.uasset,16446,NiagaraExamples,Unreal package (class unverified),format/extension only,added/custom content
Content/NiagaraExamples/Materials/MI_SimpleDebris.uasset,.uasset,7118,NiagaraExamples,Unreal package (class unverified),format/extension only,added/custom content
Content/NiagaraExamples/Materials/MI_SimpleDebris_Translucent.uasset,.uasset,8292,NiagaraExamples,Unreal package (class unverified),format/extension only,added/custom content
Content/NiagaraExamples/Materials/MI_SimpleGlassShards.uasset,.uasset,9635,NiagaraExamples,Unreal package (class unverified),format/extension only,added/custom content
Content/NiagaraExamples/Materials/MI_SimpleProjectile.uasset,.uasset,5543,NiagaraExamples,Unreal package (class unverified),format/extension only,added/custom content
Content/NiagaraExamples/Materials/MI_SmokePuff_8x8.uasset,.uasset,15224,NiagaraExamples,Unreal package (class unverified),format/extension only,added/custom content
Content/NiagaraExamples/Materials/MI_SmokePuffLight_8x8.uasset,.uasset,15786,NiagaraExamples,Unreal package (class unverified),format/extension only,added/custom content
Content/NiagaraExamples/Materials/MI_SmokePuffLight_8x8_Emissive.uasset,.uasset,15854,NiagaraExamples,Unreal package (class unverified),format/extension only,added/custom content
Content/NiagaraExamples/Materials/MI_SmokePuffLight_8x8_Emissive_Tesla.uasset,.uasset,16226,NiagaraExamples,Unreal package (class unverified),format/extension only,added/custom content
Content/NiagaraExamples/Materials/MI_SmokePuffLight_Impact.uasset,.uasset,17667,NiagaraExamples,Unreal package (class unverified),format/extension only,added/custom content
Content/NiagaraExamples/Materials/MI_SmokeRoil_8x8.uasset,.uasset,14696,NiagaraExamples,Unreal package (class unverified),format/extension only,added/custom content
Content/NiagaraExamples/Materials/MI_SmokeTrail_2x16.uasset,.uasset,16028,NiagaraExamples,Unreal package (class unverified),format/extension only,added/custom content
Content/NiagaraExamples/Materials/MI_SmokeWispy_8x8_Emissive.uasset,.uasset,15007,NiagaraExamples,Unreal package (class unverified),format/extension only,added/custom content
Content/NiagaraExamples/Materials/MI_Sparks.uasset,.uasset,7340,NiagaraExamples,Unreal package (class unverified),format/extension only,added/custom content
Content/NiagaraExamples/Materials/MI_TestSprite.uasset,.uasset,10130,NiagaraExamples,Unreal package (class unverified),format/extension only,added/custom content
Content/NiagaraExamples/Materials/MI_Tracer.uasset,.uasset,8192,NiagaraExamples,Unreal package (class unverified),format/extension only,added/custom content
Content/NiagaraExamples/Materials/MI_TracerRibbon.uasset,.uasset,6825,NiagaraExamples,Unreal package (class unverified),format/extension only,added/custom content
Content/NiagaraExamples/Materials/Reference/M_SubUV_Utilities.uasset,.uasset,21669,NiagaraExamples,Unreal package (class unverified),format/extension only,added/custom content
Content/NiagaraExamples/Materials/Reference/NS_SubUV_Utilities.uasset,.uasset,380414,NiagaraExamples,Unreal package (class unverified),format/extension only,added/custom content
Content/NiagaraExamples/Materials/Reference/NumberGrid.uasset,.uasset,33661,NiagaraExamples,Unreal package (class unverified),format/extension only,added/custom content
Content/NiagaraExamples/MPC_NiagaraExamples.uasset,.uasset,1881,NiagaraExamples,Unreal package (class unverified),format/extension only,added/custom content
Content/NiagaraExamples/NPC_NiagaraExamples.uasset,.uasset,4477,NiagaraExamples,Unreal package (class unverified),format/extension only,added/custom content
Content/NiagaraExamples/StaticMesh/Broken_Concrete_Slab_tmclbcpiw/MI_Broken_Concrete_Slab_tmclbcpiw_1K.uasset,.uasset,12875,NiagaraExamples,Unreal package (class unverified),format/extension only,added/custom content
Content/NiagaraExamples/StaticMesh/Broken_Concrete_Slab_tmclbcpiw/T_Broken_Concrete_Slab_tmclbcpiw_1K_D.uasset,.uasset,1170937,NiagaraExamples,Unreal package (class unverified),format/extension only,added/custom content
Content/NiagaraExamples/StaticMesh/Broken_Concrete_Slab_tmclbcpiw/T_Broken_Concrete_Slab_tmclbcpiw_1K_N.uasset,.uasset,1143552,NiagaraExamples,Unreal package (class unverified),format/extension only,added/custom content
Content/NiagaraExamples/StaticMesh/Broken_Concrete_Slab_tmclbcpiw/T_BrokenConcreteSlab_tmclbcpiw_1K_DpR.uasset,.uasset,336639,NiagaraExamples,Unreal package (class unverified),format/extension only,added/custom content
Content/NiagaraExamples/StaticMesh/Broken_Concrete_Slab_tmjgderjw/MI_Broken_Concrete_Slab_tmjgderjw_1K.uasset,.uasset,12199,NiagaraExamples,Unreal package (class unverified),format/extension only,added/custom content
Content/NiagaraExamples/StaticMesh/Broken_Concrete_Slab_tmjgderjw/T_Broken_Concrete_Slab_tmjgderjw_1K_D.uasset,.uasset,1117414,NiagaraExamples,Unreal package (class unverified),format/extension only,added/custom content
Content/NiagaraExamples/StaticMesh/Broken_Concrete_Slab_tmjgderjw/T_Broken_Concrete_Slab_tmjgderjw_1K_N.uasset,.uasset,1134397,NiagaraExamples,Unreal package (class unverified),format/extension only,added/custom content
Content/NiagaraExamples/StaticMesh/Broken_Concrete_Slab_tmjgderjw/T_BrokenConcreteSlab_tmjgderjw_1K_DpR.uasset,.uasset,400278,NiagaraExamples,Unreal package (class unverified),format/extension only,added/custom content
Content/NiagaraExamples/StaticMesh/Concrete_Rubble_uc1iccejw/MI_Concrete_Rubble_uc1iccejw_1K.uasset,.uasset,13361,NiagaraExamples,Unreal package (class unverified),format/extension only,added/custom content
Content/NiagaraExamples/StaticMesh/Concrete_Rubble_uc1iccejw/T_Concrete_Rubble_uc1iccejw_1K_D.uasset,.uasset,1195197,NiagaraExamples,Unreal package (class unverified),format/extension only,added/custom content
Content/NiagaraExamples/StaticMesh/Concrete_Rubble_uc1iccejw/T_Concrete_Rubble_uc1iccejw_1K_N.uasset,.uasset,1146480,NiagaraExamples,Unreal package (class unverified),format/extension only,added/custom content
Content/NiagaraExamples/StaticMesh/Concrete_Rubble_uc1iccejw/T_ConcreteRubble_uc1iccejw_1K_DpR.uasset,.uasset,458054,NiagaraExamples,Unreal package (class unverified),format/extension only,added/custom content
Content/NiagaraExamples/StaticMesh/Concrete_Rubble_uc1jagbjw/MI_Concrete_Rubble_uc1jagbjw_1K.uasset,.uasset,12584,NiagaraExamples,Unreal package (class unverified),format/extension only,added/custom content
Content/NiagaraExamples/StaticMesh/Concrete_Rubble_uc1jagbjw/T_Concrete_Rubble_uc1jagbjw_1K_D.uasset,.uasset,1150815,NiagaraExamples,Unreal package (class unverified),format/extension only,added/custom content
Content/NiagaraExamples/StaticMesh/Concrete_Rubble_uc1jagbjw/T_Concrete_Rubble_uc1jagbjw_1K_N.uasset,.uasset,1164110,NiagaraExamples,Unreal package (class unverified),format/extension only,added/custom content
Content/NiagaraExamples/StaticMesh/Concrete_Rubble_uc1jagbjw/T_ConcreteRubble_uc1jagbjw_1K_DpR.uasset,.uasset,452889,NiagaraExamples,Unreal package (class unverified),format/extension only,added/custom content
Content/NiagaraExamples/StaticMesh/Concrete_Rubble_uc1jagnjw/MI_Concrete_Rubble_uc1jagnjw_1K.uasset,.uasset,13033,NiagaraExamples,Unreal package (class unverified),format/extension only,added/custom content
Content/NiagaraExamples/StaticMesh/Concrete_Rubble_uc1jagnjw/T_Concrete_Rubble_uc1jagnjw_1K_D.uasset,.uasset,1183636,NiagaraExamples,Unreal package (class unverified),format/extension only,added/custom content
Content/NiagaraExamples/StaticMesh/Concrete_Rubble_uc1jagnjw/T_Concrete_Rubble_uc1jagnjw_1K_N.uasset,.uasset,1086965,NiagaraExamples,Unreal package (class unverified),format/extension only,added/custom content
Content/NiagaraExamples/StaticMesh/Concrete_Rubble_uc1jagnjw/T_ConcreteRubble_uc1jagnjw_1K_DpR.uasset,.uasset,433113,NiagaraExamples,Unreal package (class unverified),format/extension only,added/custom content
Content/NiagaraExamples/StaticMesh/Pine_Bark_Piece_wjtsdevs/MI_Pine_Bark_Piece_wjtsdevs_2K.uasset,.uasset,12701,NiagaraExamples,Unreal package (class unverified),format/extension only,added/custom content
Content/NiagaraExamples/StaticMesh/Pine_Bark_Piece_wjtsdevs/T_Pine_Bark_Piece_wjtsdevs_2K_D.uasset,.uasset,1394427,NiagaraExamples,Unreal package (class unverified),format/extension only,added/custom content
Content/NiagaraExamples/StaticMesh/Pine_Bark_Piece_wjtsdevs/T_Pine_Bark_Piece_wjtsdevs_2K_N.uasset,.uasset,1248226,NiagaraExamples,Unreal package (class unverified),format/extension only,added/custom content
Content/NiagaraExamples/StaticMesh/Pine_Bark_Piece_wjtsdevs/T_PineBarkPiece_wjtsdevs_2K_DpR.uasset,.uasset,482430,NiagaraExamples,Unreal package (class unverified),format/extension only,added/custom content
Content/NiagaraExamples/StaticMesh/Pine_Bark_Piece_wjtuebms/MI_Pine_Bark_Piece_wjtuebms_2K.uasset,.uasset,12871,NiagaraExamples,Unreal package (class unverified),format/extension only,added/custom content
Content/NiagaraExamples/StaticMesh/Pine_Bark_Piece_wjtuebms/T_Pine_Bark_Piece_wjtuebms_2K_D.uasset,.uasset,1388047,NiagaraExamples,Unreal package (class unverified),format/extension only,added/custom content
Content/NiagaraExamples/StaticMesh/Pine_Bark_Piece_wjtuebms/T_Pine_Bark_Piece_wjtuebms_2K_N.uasset,.uasset,1234338,NiagaraExamples,Unreal package (class unverified),format/extension only,added/custom content
Content/NiagaraExamples/StaticMesh/Pine_Bark_Piece_wjtuebms/T_PineBarkPiece_wjtuebms_2K_DpR.uasset,.uasset,501130,NiagaraExamples,Unreal package (class unverified),format/extension only,added/custom content
Content/NiagaraExamples/StaticMesh/Rock_shopk/MI_Rock_shopk_2K.uasset,.uasset,13453,NiagaraExamples,Unreal package (class unverified),format/extension only,added/custom content
Content/NiagaraExamples/StaticMesh/Rock_shopk/T_Rock_shopk_2K_D.uasset,.uasset,1279522,NiagaraExamples,Unreal package (class unverified),format/extension only,added/custom content
Content/NiagaraExamples/StaticMesh/Rock_shopk/T_Rock_shopk_2K_DpR.uasset,.uasset,547638,NiagaraExamples,Unreal package (class unverified),format/extension only,added/custom content
Content/NiagaraExamples/StaticMesh/Rock_shopk/T_Rock_shopk_2K_N.uasset,.uasset,1069019,NiagaraExamples,Unreal package (class unverified),format/extension only,added/custom content
Content/NiagaraExamples/StaticMesh/S_Broken_Concrete_Slab_tmclbcpiw.uasset,.uasset,34883,NiagaraExamples,Unreal package (class unverified),format/extension only,added/custom content
Content/NiagaraExamples/StaticMesh/S_Broken_Concrete_Slab_tmjgderjw.uasset,.uasset,28476,NiagaraExamples,Unreal package (class unverified),format/extension only,added/custom content
Content/NiagaraExamples/StaticMesh/S_Concrete_Rubble_uc1iccejw.uasset,.uasset,36372,NiagaraExamples,Unreal package (class unverified),format/extension only,added/custom content
Content/NiagaraExamples/StaticMesh/S_Concrete_Rubble_uc1jagbjw.uasset,.uasset,36866,NiagaraExamples,Unreal package (class unverified),format/extension only,added/custom content
Content/NiagaraExamples/StaticMesh/S_Concrete_Rubble_uc1jagnjw.uasset,.uasset,26443,NiagaraExamples,Unreal package (class unverified),format/extension only,added/custom content
Content/NiagaraExamples/StaticMesh/S_Pine_Bark_Piece_wjtsdevs.uasset,.uasset,29188,NiagaraExamples,Unreal package (class unverified),format/extension only,added/custom content
Content/NiagaraExamples/StaticMesh/S_Pine_Bark_Piece_wjtuebms.uasset,.uasset,31047,NiagaraExamples,Unreal package (class unverified),format/extension only,added/custom content
Content/NiagaraExamples/StaticMesh/S_Rock_shopk.uasset,.uasset,31254,NiagaraExamples,Unreal package (class unverified),format/extension only,added/custom content
Content/NiagaraExamples/StaticMesh/S_Test_LODs.uasset,.uasset,32089,NiagaraExamples,Unreal package (class unverified),format/extension only,added/custom content
Content/NiagaraExamples/StaticMesh/S_Tree_Debris_wjtuagls.uasset,.uasset,31048,NiagaraExamples,Unreal package (class unverified),format/extension only,added/custom content
Content/NiagaraExamples/StaticMesh/S_Wood_Debris_vb2mfeliw.uasset,.uasset,30486,NiagaraExamples,Unreal package (class unverified),format/extension only,added/custom content
Content/NiagaraExamples/StaticMesh/SM_Box_1Unit.uasset,.uasset,113529,NiagaraExamples,Unreal package (class unverified),format/extension only,added/custom content
Content/NiagaraExamples/StaticMesh/SM_Cylinder_1Unit.uasset,.uasset,17353,NiagaraExamples,Unreal package (class unverified),format/extension only,added/custom content
Content/NiagaraExamples/StaticMesh/SM_Disk.uasset,.uasset,14952,NiagaraExamples,Unreal package (class unverified),format/extension only,added/custom content
Content/NiagaraExamples/StaticMesh/SM_GlassShard_01.uasset,.uasset,30621,NiagaraExamples,Unreal package (class unverified),format/extension only,added/custom content
Content/NiagaraExamples/StaticMesh/SM_GlassShard_02.uasset,.uasset,28814,NiagaraExamples,Unreal package (class unverified),format/extension only,added/custom content
Content/NiagaraExamples/StaticMesh/SM_GlassShard_03.uasset,.uasset,34725,NiagaraExamples,Unreal package (class unverified),format/extension only,added/custom content
Content/NiagaraExamples/StaticMesh/SM_InvertedSphere.uasset,.uasset,23948,NiagaraExamples,Unreal package (class unverified),format/extension only,added/custom content
Content/NiagaraExamples/StaticMesh/SM_SimpleProjectile.uasset,.uasset,15447,NiagaraExamples,Unreal package (class unverified),format/extension only,added/custom content
Content/NiagaraExamples/StaticMesh/SM_Sphere_1Unit.uasset,.uasset,86894,NiagaraExamples,Unreal package (class unverified),format/extension only,added/custom content
Content/NiagaraExamples/StaticMesh/TestLODsMaterials/M_LODS.uasset,.uasset,11699,NiagaraExamples,Unreal package (class unverified),format/extension only,added/custom content
Content/NiagaraExamples/StaticMesh/TestLODsMaterials/MI_LOD0.uasset,.uasset,7138,NiagaraExamples,Unreal package (class unverified),format/extension only,added/custom content
Content/NiagaraExamples/StaticMesh/TestLODsMaterials/MI_LOD1.uasset,.uasset,8109,NiagaraExamples,Unreal package (class unverified),format/extension only,added/custom content
Content/NiagaraExamples/StaticMesh/TestLODsMaterials/MI_LOD2.uasset,.uasset,7798,NiagaraExamples,Unreal package (class unverified),format/extension only,added/custom content
Content/NiagaraExamples/StaticMesh/TestLODsMaterials/MI_LOD3.uasset,.uasset,8086,NiagaraExamples,Unreal package (class unverified),format/extension only,added/custom content
Content/NiagaraExamples/StaticMesh/Tree_Debris_wjtuagls/MI_Tree_Debris_wjtuagls_2K.uasset,.uasset,13982,NiagaraExamples,Unreal package (class unverified),format/extension only,added/custom content
Content/NiagaraExamples/StaticMesh/Tree_Debris_wjtuagls/T_Tree_Debris_wjtuagls_2K_D.uasset,.uasset,1374307,NiagaraExamples,Unreal package (class unverified),format/extension only,added/custom content
Content/NiagaraExamples/StaticMesh/Tree_Debris_wjtuagls/T_Tree_Debris_wjtuagls_2K_N.uasset,.uasset,1232921,NiagaraExamples,Unreal package (class unverified),format/extension only,added/custom content
Content/NiagaraExamples/StaticMesh/Tree_Debris_wjtuagls/T_TreeDebris_wjtuagls_2K_DpR.uasset,.uasset,500828,NiagaraExamples,Unreal package (class unverified),format/extension only,added/custom content
Content/NiagaraExamples/StaticMesh/Wood_Debris_vb2mfeliw/MI_Wood_Debris_vb2mfeliw_2K.uasset,.uasset,13425,NiagaraExamples,Unreal package (class unverified),format/extension only,added/custom content
Content/NiagaraExamples/StaticMesh/Wood_Debris_vb2mfeliw/T_Wood_Debris_vb2mfeliw_2K_D.uasset,.uasset,1303587,NiagaraExamples,Unreal package (class unverified),format/extension only,added/custom content
Content/NiagaraExamples/StaticMesh/Wood_Debris_vb2mfeliw/T_Wood_Debris_vb2mfeliw_2K_N.uasset,.uasset,1152740,NiagaraExamples,Unreal package (class unverified),format/extension only,added/custom content
Content/NiagaraExamples/StaticMesh/Wood_Debris_vb2mfeliw/T_WoodDebris_vb2mfeliw_2K_DpR.uasset,.uasset,408471,NiagaraExamples,Unreal package (class unverified),format/extension only,added/custom content
Content/NiagaraExamples/Textures/ColorCurves/Atlas_FXColorCurves.uasset,.uasset,6924,NiagaraExamples,Unreal package (class unverified),format/extension only,added/custom content
Content/NiagaraExamples/Textures/ColorCurves/EmissiveColorCurve.uasset,.uasset,5560,NiagaraExamples,Unreal package (class unverified),format/extension only,added/custom content
Content/NiagaraExamples/Textures/Decals/BulletHole.uasset,.uasset,66222,NiagaraExamples,Unreal package (class unverified),format/extension only,added/custom content
Content/NiagaraExamples/Textures/Decals/BulletHole_Normals.uasset,.uasset,131528,NiagaraExamples,Unreal package (class unverified),format/extension only,added/custom content
Content/NiagaraExamples/Textures/Decals/ExplosionDecalMasks.uasset,.uasset,2103938,NiagaraExamples,Unreal package (class unverified),format/extension only,added/custom content
Content/NiagaraExamples/Textures/Flares/LensFlare_01.uasset,.uasset,129501,NiagaraExamples,Unreal package (class unverified),format/extension only,added/custom content
Content/NiagaraExamples/Textures/Flares/LensFlare_02.uasset,.uasset,73488,NiagaraExamples,Unreal package (class unverified),format/extension only,added/custom content
Content/NiagaraExamples/Textures/Noise/M_NoiseDistortionExample.uasset,.uasset,26500,NiagaraExamples,Unreal package (class unverified),format/extension only,added/custom content
Content/NiagaraExamples/Textures/Noise/T_AlligatorNoise_CenteredTiling.uasset,.uasset,3010289,NiagaraExamples,Unreal package (class unverified),format/extension only,added/custom content
Content/NiagaraExamples/Textures/Noise/T_Hermite2Noise_CenteredTiling.uasset,.uasset,3812552,NiagaraExamples,Unreal package (class unverified),format/extension only,added/custom content
Content/NiagaraExamples/Textures/Noise/T_HermiteNoise_CenteredTiling.uasset,.uasset,3184261,NiagaraExamples,Unreal package (class unverified),format/extension only,added/custom content
Content/NiagaraExamples/Textures/Noise/T_SparseConvolutionNoise_CenteredTiling.uasset,.uasset,3782531,NiagaraExamples,Unreal package (class unverified),format/extension only,added/custom content
Content/NiagaraExamples/Textures/Sprites/T_Explosion_EOO.uasset,.uasset,6534162,NiagaraExamples,Unreal package (class unverified),format/extension only,added/custom content
Content/NiagaraExamples/Textures/Sprites/T_Explosion_Normals.uasset,.uasset,27390948,NiagaraExamples,Unreal package (class unverified),format/extension only,added/custom content
Content/NiagaraExamples/Textures/Sprites/T_ExplosionBurst_EOO_Loop.uasset,.uasset,6267088,NiagaraExamples,Unreal package (class unverified),format/extension only,added/custom content
Content/NiagaraExamples/Textures/Sprites/T_ExplosionBurst_Normals_Loop.uasset,.uasset,2349745,NiagaraExamples,Unreal package (class unverified),format/extension only,added/custom content
Content/NiagaraExamples/Textures/Sprites/T_ExplosionRoil_EOO_Loop.uasset,.uasset,4944463,NiagaraExamples,Unreal package (class unverified),format/extension only,added/custom content
Content/NiagaraExamples/Textures/Sprites/T_ExplosionRoil_Normals_Loop.uasset,.uasset,8276631,NiagaraExamples,Unreal package (class unverified),format/extension only,added/custom content
Content/NiagaraExamples/Textures/Sprites/T_ExplosionWide_EOO.uasset,.uasset,26873688,NiagaraExamples,Unreal package (class unverified),format/extension only,added/custom content
Content/NiagaraExamples/Textures/Sprites/T_ExplosionWide_Normals.uasset,.uasset,13823556,NiagaraExamples,Unreal package (class unverified),format/extension only,added/custom content
Content/NiagaraExamples/Textures/Sprites/T_FireBall_EOO_Loop.uasset,.uasset,4798788,NiagaraExamples,Unreal package (class unverified),format/extension only,added/custom content
Content/NiagaraExamples/Textures/Sprites/T_FireBall_Normals_Loop.uasset,.uasset,8379734,NiagaraExamples,Unreal package (class unverified),format/extension only,added/custom content
Content/NiagaraExamples/Textures/Sprites/T_FireRoil_EOO_Loop.uasset,.uasset,4903366,NiagaraExamples,Unreal package (class unverified),format/extension only,added/custom content
Content/NiagaraExamples/Textures/Sprites/T_FireRoil_Normals_Loop.uasset,.uasset,8189451,NiagaraExamples,Unreal package (class unverified),format/extension only,added/custom content
Content/NiagaraExamples/Textures/Sprites/T_Plasma_Wisps.uasset,.uasset,8502983,NiagaraExamples,Unreal package (class unverified),format/extension only,added/custom content
Content/NiagaraExamples/Textures/Sprites/T_Smoke_Wispy.uasset,.uasset,6111953,NiagaraExamples,Unreal package (class unverified),format/extension only,added/custom content
Content/NiagaraExamples/Textures/Sprites/T_Smoke_Wispy_Normals.uasset,.uasset,4731468,NiagaraExamples,Unreal package (class unverified),format/extension only,added/custom content
Content/NiagaraExamples/Textures/Sprites/T_SmokePuff_EOO_Loop.uasset,.uasset,3476259,NiagaraExamples,Unreal package (class unverified),format/extension only,added/custom content
Content/NiagaraExamples/Textures/Sprites/T_SmokePuff_Normals_Loop.uasset,.uasset,7238007,NiagaraExamples,Unreal package (class unverified),format/extension only,added/custom content
Content/NiagaraExamples/Textures/Sprites/T_SmokePuffLight_EOO_Loop.uasset,.uasset,4154715,NiagaraExamples,Unreal package (class unverified),format/extension only,added/custom content
Content/NiagaraExamples/Textures/Sprites/T_SmokePuffLight_Normals_Loop.uasset,.uasset,7740249,NiagaraExamples,Unreal package (class unverified),format/extension only,added/custom content
Content/NiagaraExamples/Textures/Sprites/T_SmokeRoil_EOO_Loop.uasset,.uasset,3933803,NiagaraExamples,Unreal package (class unverified),format/extension only,added/custom content
Content/NiagaraExamples/Textures/Sprites/T_SmokeRoil_Normals_Loop.uasset,.uasset,5886219,NiagaraExamples,Unreal package (class unverified),format/extension only,added/custom content
Content/NiagaraExamples/Textures/Sprites/T_SmokeTrail_EOO_Loop.uasset,.uasset,7061640,NiagaraExamples,Unreal package (class unverified),format/extension only,added/custom content
Content/NiagaraExamples/Textures/Sprites/T_SmokeTrail_Normals_Loop.uasset,.uasset,10013939,NiagaraExamples,Unreal package (class unverified),format/extension only,added/custom content
Content/NiagaraExamples/Textures/Utils/BaseEOO.uasset,.uasset,10181,NiagaraExamples,Unreal package (class unverified),format/extension only,added/custom content
Content/NiagaraExamples/Textures/Utils/BaseNormal.uasset,.uasset,10724,NiagaraExamples,Unreal package (class unverified),format/extension only,added/custom content
Content/NiagaraExamples/Textures/Utils/CutoutMask.uasset,.uasset,11185,NiagaraExamples,Unreal package (class unverified),format/extension only,added/custom content
Content/NiagaraExamples/Textures/Utils/CutoutMask_8x8.uasset,.uasset,24514,NiagaraExamples,Unreal package (class unverified),format/extension only,added/custom content
Content/NiagaraExamples/Textures/Utils/NumberGrid.uasset,.uasset,33510,NiagaraExamples,Unreal package (class unverified),format/extension only,added/custom content
Content/NiagaraExamples/Textures/Utils/NumberGrid_BandW.uasset,.uasset,20203,NiagaraExamples,Unreal package (class unverified),format/extension only,added/custom content
Content/NiagaraExamples/Textures/Utils/RedGradient.uasset,.uasset,196869,NiagaraExamples,Unreal package (class unverified),format/extension only,added/custom content
Content/NiagaraExamples/Utilities/Blueprints/BP_VFX_Preview_Spawner.uasset,.uasset,150626,NiagaraExamples,Unreal package (class unverified),format/extension only,added/custom content
Content/NiagaraExamples/Utilities/Blueprints/EUB_CrossFadeSpriteLoop.uasset,.uasset,270159,NiagaraExamples,Unreal package (class unverified),format/extension only,added/custom content
Content/NiagaraExamples/Utilities/Blueprints/EUB_HeightToNormals.uasset,.uasset,154197,NiagaraExamples,Unreal package (class unverified),format/extension only,added/custom content
Content/NiagaraExamples/Utilities/Blueprints/EUB_ShuffleTextureChannels.uasset,.uasset,317933,NiagaraExamples,Unreal package (class unverified),format/extension only,added/custom content
Content/NiagaraExamples/Utilities/Blueprints/EUB_SnapToActor.uasset,.uasset,443094,NiagaraExamples,Unreal package (class unverified),format/extension only,added/custom content
Content/NiagaraExamples/Utilities/Blueprints/SupportData/M_CrossFadeSpriteLoop.uasset,.uasset,54762,NiagaraExamples,Unreal package (class unverified),format/extension only,added/custom content
Content/NiagaraExamples/Utilities/Blueprints/SupportData/M_NormalizeRGB.uasset,.uasset,16761,NiagaraExamples,Unreal package (class unverified),format/extension only,added/custom content
Content/NiagaraExamples/Utilities/Blueprints/SupportData/M_NormalsFromHeight.uasset,.uasset,20081,NiagaraExamples,Unreal package (class unverified),format/extension only,added/custom content
Content/NiagaraExamples/Utilities/Blueprints/SupportData/M_ShuffleTextureChannelsCrowd.uasset,.uasset,22368,NiagaraExamples,Unreal package (class unverified),format/extension only,added/custom content
Content/NiagaraExamples/Utilities/Blueprints/SupportData/ShuffleChannelsRGBA.uasset,.uasset,3608,NiagaraExamples,Unreal package (class unverified),format/extension only,added/custom content
Content/NiagaraExamples/Utilities/Icons/NiagaraExamplesIcon.uasset,.uasset,36223,NiagaraExamples,Unreal package (class unverified),format/extension only,added/custom content
Content/NiagaraExamples/Utilities/SpriteGeneration/ExplosionRoil/NS_ExplosionRoil.uasset,.uasset,8084490,NiagaraExamples,Unreal package (class unverified),format/extension only,added/custom content
Content/NiagaraExamples/Utilities/SpriteGeneration/ExplosionRoil/NS_ExplosionRoil_BakedAtlas_Alpha.uasset,.uasset,24463774,NiagaraExamples,Unreal package (class unverified),format/extension only,added/custom content
Content/NiagaraExamples/Utilities/SpriteGeneration/ExplosionRoil/NS_ExplosionRoil_BakedAtlas_Emissive.uasset,.uasset,17571227,NiagaraExamples,Unreal package (class unverified),format/extension only,added/custom content
Content/NiagaraExamples/Utilities/SpriteGeneration/ExplosionRoil/NS_ExplosionRoil_BakedAtlas_Normals.uasset,.uasset,29234804,NiagaraExamples,Unreal package (class unverified),format/extension only,added/custom content
Content/NiagaraExamples/Utilities/SpriteGeneration/ExplosionRoil/NS_ExplosionRoil_BakedAtlas_Occlusion.uasset,.uasset,19841912,NiagaraExamples,Unreal package (class unverified),format/extension only,added/custom content
Content/NiagaraExamples/Utilities/SpriteGeneration/ExplosionRoil/T_ExplosionRoil_EOO_Loop.uasset,.uasset,18000373,NiagaraExamples,Unreal package (class unverified),format/extension only,added/custom content
Content/NiagaraExamples/Utilities/SpriteGeneration/ExplosionRoil/T_ExplosionRoil_Normals_Loop.uasset,.uasset,31110613,NiagaraExamples,Unreal package (class unverified),format/extension only,added/custom content
Content/NiagaraExamples/Utilities/SpriteGeneration/NS_TestSprite.uasset,.uasset,470282,NiagaraExamples,Unreal package (class unverified),format/extension only,added/custom content
Content/NiagaraExamples/Utilities/SpriteGeneration/SmokePuffLight/NS_SmokePuffLight.uasset,.uasset,7918189,NiagaraExamples,Unreal package (class unverified),format/extension only,added/custom content
Content/NiagaraExamples/Utilities/SpriteGeneration/SmokePuffLight/NS_SmokePuffLight_BakedAtlas_Emissive.uasset,.uasset,9915331,NiagaraExamples,Unreal package (class unverified),format/extension only,added/custom content
Content/NiagaraExamples/Utilities/SpriteGeneration/SmokePuffLight/NS_SmokePuffLight_BakedAtlas_Normals.uasset,.uasset,7050790,NiagaraExamples,Unreal package (class unverified),format/extension only,added/custom content
Content/NiagaraExamples/Utilities/SpriteGeneration/SmokePuffLight/NS_SmokePuffLight_BakedAtlas_Occlusion.uasset,.uasset,5272449,NiagaraExamples,Unreal package (class unverified),format/extension only,added/custom content
Content/NiagaraExamples/Utilities/SpriteGeneration/SmokePuffLight/NS_SmokePuffLight_BakedAtlas_Smoke_2048_RGB.uasset,.uasset,3293942,NiagaraExamples,Unreal package (class unverified),format/extension only,added/custom content
Content/NiagaraExamples/Utilities/SpriteGeneration/TestSpriteMap.umap,.umap,217123,NiagaraExamples,Unreal map (class unverified),format/extension only,added/custom content
Content/NiagaraExamples/Utilities/TABC_NiagaraExamples.uasset,.uasset,10827,NiagaraExamples,Unreal package (class unverified),format/extension only,added/custom content
Content/sA_Megapack_v1/Levels/LVL_Attackpack.umap,.umap,636181,sA_Megapack_v1,Unreal map (class unverified),format/extension only,added/custom content
Content/sA_Megapack_v1/Levels/LVL_Attackpack_BuiltData.uasset,.uasset,1574109,sA_Megapack_v1,Unreal package (class unverified),format/extension only,added/custom content
Content/sA_Megapack_v1/Levels/LVL_IceSkillSet.umap,.umap,657800,sA_Megapack_v1,Unreal map (class unverified),format/extension only,added/custom content
Content/sA_Megapack_v1/Levels/LVL_IceSkillSet_BuiltData.uasset,.uasset,1574113,sA_Megapack_v1,Unreal package (class unverified),format/extension only,added/custom content
Content/sA_Megapack_v1/Levels/LVL_Pickup.umap,.umap,1345051,sA_Megapack_v1,Unreal map (class unverified),format/extension only,added/custom content
Content/sA_Megapack_v1/Levels/LVL_Pickup_BuiltData.uasset,.uasset,1574093,sA_Megapack_v1,Unreal package (class unverified),format/extension only,added/custom content
Content/sA_Megapack_v1/Levels/LVL_Projectilevfx.umap,.umap,250550,sA_Megapack_v1,Unreal map (class unverified),format/extension only,added/custom content
Content/sA_Megapack_v1/Levels/LVL_Projectilevfx_BuiltData.uasset,.uasset,1574121,sA_Megapack_v1,Unreal package (class unverified),format/extension only,added/custom content
Content/sA_Megapack_v1/Levels/LVL_Ray.umap,.umap,630221,sA_Megapack_v1,Unreal map (class unverified),format/extension only,added/custom content
Content/sA_Megapack_v1/Levels/LVL_Ray_BuiltData.uasset,.uasset,1574081,sA_Megapack_v1,Unreal package (class unverified),format/extension only,added/custom content
Content/sA_Megapack_v1/Levels/LVL_Shooting.umap,.umap,628161,sA_Megapack_v1,Unreal map (class unverified),format/extension only,added/custom content
Content/sA_Megapack_v1/Levels/LVL_Shooting_BuiltData.uasset,.uasset,1574101,sA_Megapack_v1,Unreal package (class unverified),format/extension only,added/custom content
Content/sA_Megapack_v1/sA_PickupSet_1/Blueprints/BP_RAY_Spawner.uasset,.uasset,187120,sA_Megapack_v1,Unreal package (class unverified),format/extension only,added/custom content
Content/sA_Megapack_v1/sA_PickupSet_1/Fx/NiagaraEmitters/Ne_Aura.uasset,.uasset,87026,sA_Megapack_v1,Unreal package (class unverified),format/extension only,added/custom content
Content/sA_Megapack_v1/sA_PickupSet_1/Fx/NiagaraEmitters/NE_CoinBurst.uasset,.uasset,130720,sA_Megapack_v1,Unreal package (class unverified),format/extension only,added/custom content
Content/sA_Megapack_v1/sA_PickupSet_1/Fx/NiagaraEmitters/NE_Light.uasset,.uasset,60183,sA_Megapack_v1,Unreal package (class unverified),format/extension only,added/custom content
Content/sA_Megapack_v1/sA_PickupSet_1/Fx/NiagaraEmitters/NE_PickupCricle.uasset,.uasset,77626,sA_Megapack_v1,Unreal package (class unverified),format/extension only,added/custom content
Content/sA_Megapack_v1/sA_PickupSet_1/Fx/NiagaraEmitters/NE_SimpleBurst.uasset,.uasset,139221,sA_Megapack_v1,Unreal package (class unverified),format/extension only,added/custom content
Content/sA_Megapack_v1/sA_PickupSet_1/Fx/NiagaraEmitters/NE_SimpleSprite.uasset,.uasset,71433,sA_Megapack_v1,Unreal package (class unverified),format/extension only,added/custom content
Content/sA_Megapack_v1/sA_PickupSet_1/Fx/NiagaraSystems/NS_Coin_Shower.uasset,.uasset,531449,sA_Megapack_v1,Unreal package (class unverified),format/extension only,added/custom content
Content/sA_Megapack_v1/sA_PickupSet_1/Fx/NiagaraSystems/NS_CoinBurst.uasset,.uasset,513293,sA_Megapack_v1,Unreal package (class unverified),format/extension only,added/custom content
Content/sA_Megapack_v1/sA_PickupSet_1/Fx/NiagaraSystems/NS_CoinBurst2.uasset,.uasset,568925,sA_Megapack_v1,Unreal package (class unverified),format/extension only,added/custom content
Content/sA_Megapack_v1/sA_PickupSet_1/Fx/NiagaraSystems/NS_Energy_1.uasset,.uasset,796228,sA_Megapack_v1,Unreal package (class unverified),format/extension only,added/custom content
Content/sA_Megapack_v1/sA_PickupSet_1/Fx/NiagaraSystems/NS_Energy_2.uasset,.uasset,456410,sA_Megapack_v1,Unreal package (class unverified),format/extension only,added/custom content
Content/sA_Megapack_v1/sA_PickupSet_1/Fx/NiagaraSystems/NS_Healing_1.uasset,.uasset,455728,sA_Megapack_v1,Unreal package (class unverified),format/extension only,added/custom content
Content/sA_Megapack_v1/sA_PickupSet_1/Fx/NiagaraSystems/NS_Healing_2.uasset,.uasset,659570,sA_Megapack_v1,Unreal package (class unverified),format/extension only,added/custom content
Content/sA_Megapack_v1/sA_PickupSet_1/Fx/NiagaraSystems/NS_Healing_3.uasset,.uasset,783067,sA_Megapack_v1,Unreal package (class unverified),format/extension only,added/custom content
Content/sA_Megapack_v1/sA_PickupSet_1/Fx/NiagaraSystems/NS_Magic_1.uasset,.uasset,806325,sA_Megapack_v1,Unreal package (class unverified),format/extension only,added/custom content
Content/sA_Megapack_v1/sA_PickupSet_1/Fx/NiagaraSystems/NS_Magic_2.uasset,.uasset,894836,sA_Megapack_v1,Unreal package (class unverified),format/extension only,added/custom content
Content/sA_Megapack_v1/sA_PickupSet_1/Fx/NiagaraSystems/NS_Pickup_1.uasset,.uasset,799769,sA_Megapack_v1,Unreal package (class unverified),format/extension only,added/custom content
Content/sA_Megapack_v1/sA_PickupSet_1/Fx/NiagaraSystems/NS_Pickup_2.uasset,.uasset,794987,sA_Megapack_v1,Unreal package (class unverified),format/extension only,added/custom content
Content/sA_Megapack_v1/sA_PickupSet_1/Fx/NiagaraSystems/NS_Pickup_3.uasset,.uasset,837445,sA_Megapack_v1,Unreal package (class unverified),format/extension only,added/custom content
Content/sA_Megapack_v1/sA_PickupSet_1/Fx/NiagaraSystems/NS_Pickup_4.uasset,.uasset,754632,sA_Megapack_v1,Unreal package (class unverified),format/extension only,added/custom content
Content/sA_Megapack_v1/sA_PickupSet_1/Fx/NiagaraSystems/NS_Pickup_5.uasset,.uasset,817234,sA_Megapack_v1,Unreal package (class unverified),format/extension only,added/custom content
Content/sA_Megapack_v1/sA_PickupSet_1/Fx/NiagaraSystems/NS_Shield.uasset,.uasset,490307,sA_Megapack_v1,Unreal package (class unverified),format/extension only,added/custom content
Content/sA_Megapack_v1/sA_PickupSet_1/Fx/NiagaraSystems/NS_Shield_2.uasset,.uasset,672405,sA_Megapack_v1,Unreal package (class unverified),format/extension only,added/custom content
Content/sA_Megapack_v1/sA_PickupSet_1/Fx/NiagaraSystems/NS_Shield_3.uasset,.uasset,787960,sA_Megapack_v1,Unreal package (class unverified),format/extension only,added/custom content
Content/sA_Megapack_v1/sA_PickupSet_1/Levels/LVL_Showroom.umap,.umap,1346056,sA_Megapack_v1,Unreal map (class unverified),format/extension only,added/custom content
Content/sA_Megapack_v1/sA_PickupSet_1/Levels/LVL_Showroom_BuiltData.uasset,.uasset,1574131,sA_Megapack_v1,Unreal package (class unverified),format/extension only,added/custom content
Content/sA_Megapack_v1/sA_PickupSet_1/Materials/M_AdditiveScrollNiagara.uasset,.uasset,86615,sA_Megapack_v1,Unreal package (class unverified),format/extension only,added/custom content
Content/sA_Megapack_v1/sA_PickupSet_1/Materials/M_Ground.uasset,.uasset,85177,sA_Megapack_v1,Unreal package (class unverified),format/extension only,added/custom content
Content/sA_Megapack_v1/sA_PickupSet_1/Materials/M_Master_Fresnel.uasset,.uasset,59779,sA_Megapack_v1,Unreal package (class unverified),format/extension only,added/custom content
Content/sA_Megapack_v1/sA_PickupSet_1/Materials/M_Master_MetalFX.uasset,.uasset,64191,sA_Megapack_v1,Unreal package (class unverified),format/extension only,added/custom content
Content/sA_Megapack_v1/sA_PickupSet_1/Materials/M_Master_RadialBeam.uasset,.uasset,73293,sA_Megapack_v1,Unreal package (class unverified),format/extension only,added/custom content
Content/sA_Megapack_v1/sA_PickupSet_1/Materials/M_sA_Aura.uasset,.uasset,91284,sA_Megapack_v1,Unreal package (class unverified),format/extension only,added/custom content
Content/sA_Megapack_v1/sA_PickupSet_1/Materials/MI_Aura_1.uasset,.uasset,65382,sA_Megapack_v1,Unreal package (class unverified),format/extension only,added/custom content
Content/sA_Megapack_v1/sA_PickupSet_1/Materials/MI_Coin_1.uasset,.uasset,59881,sA_Megapack_v1,Unreal package (class unverified),format/extension only,added/custom content
Content/sA_Megapack_v1/sA_PickupSet_1/Materials/MI_Fresnel.uasset,.uasset,76389,sA_Megapack_v1,Unreal package (class unverified),format/extension only,added/custom content
Content/sA_Megapack_v1/sA_PickupSet_1/Materials/MI_Ground_Showscene.uasset,.uasset,87235,sA_Megapack_v1,Unreal package (class unverified),format/extension only,added/custom content
Content/sA_Megapack_v1/sA_PickupSet_1/Materials/MI_Scroll_1.uasset,.uasset,74600,sA_Megapack_v1,Unreal package (class unverified),format/extension only,added/custom content
Content/sA_Megapack_v1/sA_PickupSet_1/Materials/MI_Shield_1.uasset,.uasset,76322,sA_Megapack_v1,Unreal package (class unverified),format/extension only,added/custom content
Content/sA_Megapack_v1/sA_PickupSet_1/Materials/Textures/T_Beam_01.uasset,.uasset,511285,sA_Megapack_v1,Unreal package (class unverified),format/extension only,added/custom content
Content/sA_Megapack_v1/sA_PickupSet_1/Materials/Textures/T_Noise_DistortedCaustic.uasset,.uasset,458895,sA_Megapack_v1,Unreal package (class unverified),format/extension only,added/custom content
Content/sA_Megapack_v1/sA_PickupSet_1/Materials/Textures/T_NoiseCloud_1.uasset,.uasset,198338,sA_Megapack_v1,Unreal package (class unverified),format/extension only,added/custom content
Content/sA_Megapack_v1/sA_PickupSet_1/Materials/Textures/T_NoiseCloud_2.uasset,.uasset,232289,sA_Megapack_v1,Unreal package (class unverified),format/extension only,added/custom content
Content/sA_Megapack_v1/sA_PickupSet_1/Materials/Textures/T_NoiseFurry.uasset,.uasset,1154711,sA_Megapack_v1,Unreal package (class unverified),format/extension only,added/custom content
Content/sA_Megapack_v1/sA_PickupSet_1/Materials/Textures/T_Ray_5.uasset,.uasset,5145147,sA_Megapack_v1,Unreal package (class unverified),format/extension only,added/custom content
Content/sA_Megapack_v1/sA_PickupSet_1/Materials/Textures/T_Shield_1.uasset,.uasset,1790145,sA_Megapack_v1,Unreal package (class unverified),format/extension only,added/custom content
Content/sA_Megapack_v1/sA_PickupSet_1/Models/SM_Coin_1.uasset,.uasset,94892,sA_Megapack_v1,Unreal package (class unverified),format/extension only,added/custom content
Content/sA_Megapack_v1/sA_PickupSet_1/Models/SM_Energy_1.uasset,.uasset,92827,sA_Megapack_v1,Unreal package (class unverified),format/extension only,added/custom content
Content/sA_Megapack_v1/sA_PickupSet_1/Models/SM_Pickup_Defence.uasset,.uasset,106463,sA_Megapack_v1,Unreal package (class unverified),format/extension only,added/custom content
Content/sA_Megapack_v1/sA_PickupSet_1/Models/SM_Pickup_Defence_2.uasset,.uasset,133035,sA_Megapack_v1,Unreal package (class unverified),format/extension only,added/custom content
Content/sA_Megapack_v1/sA_PickupSet_1/Models/SM_Pickup_Defence_3.uasset,.uasset,106296,sA_Megapack_v1,Unreal package (class unverified),format/extension only,added/custom content
Content/sA_Megapack_v1/sA_PickupSet_1/Models/SM_Pickup_Gem.uasset,.uasset,91853,sA_Megapack_v1,Unreal package (class unverified),format/extension only,added/custom content
Content/sA_Megapack_v1/sA_PickupSet_1/Models/SM_Pickup_Health.uasset,.uasset,271625,sA_Megapack_v1,Unreal package (class unverified),format/extension only,added/custom content
Content/sA_Megapack_v1/sA_PickupSet_1/Models/SM_Pickup_Magic.uasset,.uasset,113920,sA_Megapack_v1,Unreal package (class unverified),format/extension only,added/custom content
Content/sA_Megapack_v1/sA_PickupSet_1/Models/SM_Pickup_ss.uasset,.uasset,93903,sA_Megapack_v1,Unreal package (class unverified),format/extension only,added/custom content
Content/sA_Megapack_v1/sA_PickupSet_1/Models/SM_Plane.uasset,.uasset,90147,sA_Megapack_v1,Unreal package (class unverified),format/extension only,added/custom content
Content/sA_Megapack_v1/sA_Projectilevfx/Vfx/Blueprints/BP_CameraShake01.uasset,.uasset,6671,sA_Megapack_v1,Unreal package (class unverified),format/extension only,added/custom content
Content/sA_Megapack_v1/sA_Projectilevfx/Vfx/Blueprints/BP_Def_Pawn.uasset,.uasset,36942,sA_Megapack_v1,Unreal package (class unverified),format/extension only,added/custom content
Content/sA_Megapack_v1/sA_Projectilevfx/Vfx/Blueprints/BP_Projectile_1_Small.uasset,.uasset,135971,sA_Megapack_v1,Unreal package (class unverified),format/extension only,added/custom content
Content/sA_Megapack_v1/sA_Projectilevfx/Vfx/Blueprints/BP_Projectile_2_Small.uasset,.uasset,135977,sA_Megapack_v1,Unreal package (class unverified),format/extension only,added/custom content
Content/sA_Megapack_v1/sA_Projectilevfx/Vfx/Blueprints/BP_Projectile_3_Small.uasset,.uasset,136109,sA_Megapack_v1,Unreal package (class unverified),format/extension only,added/custom content
Content/sA_Megapack_v1/sA_Projectilevfx/Vfx/Blueprints/BP_Projectile_4_Small.uasset,.uasset,135985,sA_Megapack_v1,Unreal package (class unverified),format/extension only,added/custom content
Content/sA_Megapack_v1/sA_Projectilevfx/Vfx/Blueprints/BP_Projectile_5.uasset,.uasset,135986,sA_Megapack_v1,Unreal package (class unverified),format/extension only,added/custom content
Content/sA_Megapack_v1/sA_Projectilevfx/Vfx/Blueprints/BP_Projectile_6.uasset,.uasset,109175,sA_Megapack_v1,Unreal package (class unverified),format/extension only,added/custom content
Content/sA_Megapack_v1/sA_Projectilevfx/Vfx/Blueprints/BP_Projectile_7.uasset,.uasset,108902,sA_Megapack_v1,Unreal package (class unverified),format/extension only,added/custom content
Content/sA_Megapack_v1/sA_Projectilevfx/Vfx/Blueprints/BP_Projectile_7A.uasset,.uasset,134578,sA_Megapack_v1,Unreal package (class unverified),format/extension only,added/custom content
Content/sA_Megapack_v1/sA_Projectilevfx/Vfx/Blueprints/BP_Projectile_Spawner.uasset,.uasset,224272,sA_Megapack_v1,Unreal package (class unverified),format/extension only,added/custom content
Content/sA_Megapack_v1/sA_Projectilevfx/Vfx/Fx/Niagara_Emitters/NE_CircleTail.uasset,.uasset,82193,sA_Megapack_v1,Unreal package (class unverified),format/extension only,added/custom content
Content/sA_Megapack_v1/sA_Projectilevfx/Vfx/Fx/Niagara_Emitters/NE_Flash.uasset,.uasset,98065,sA_Megapack_v1,Unreal package (class unverified),format/extension only,added/custom content
Content/sA_Megapack_v1/sA_Projectilevfx/Vfx/Fx/Niagara_Emitters/NE_Particles.uasset,.uasset,103800,sA_Megapack_v1,Unreal package (class unverified),format/extension only,added/custom content
Content/sA_Megapack_v1/sA_Projectilevfx/Vfx/Fx/Niagara_Emitters/NE_Projectile.uasset,.uasset,164045,sA_Megapack_v1,Unreal package (class unverified),format/extension only,added/custom content
Content/sA_Megapack_v1/sA_Projectilevfx/Vfx/Fx/Niagara_Emitters/NE_Projectile_Sphere.uasset,.uasset,109091,sA_Megapack_v1,Unreal package (class unverified),format/extension only,added/custom content
Content/sA_Megapack_v1/sA_Projectilevfx/Vfx/Fx/Niagara_Emitters/NE_RingMesh.uasset,.uasset,76011,sA_Megapack_v1,Unreal package (class unverified),format/extension only,added/custom content
Content/sA_Megapack_v1/sA_Projectilevfx/Vfx/Fx/Niagara_Emitters/NE_Smoke3.uasset,.uasset,139024,sA_Megapack_v1,Unreal package (class unverified),format/extension only,added/custom content
Content/sA_Megapack_v1/sA_Projectilevfx/Vfx/Fx/Niagara_Emitters/NE_Smoke_0.uasset,.uasset,114382,sA_Megapack_v1,Unreal package (class unverified),format/extension only,added/custom content
Content/sA_Megapack_v1/sA_Projectilevfx/Vfx/Fx/Niagara_Emitters/NE_Smoke_01.uasset,.uasset,139066,sA_Megapack_v1,Unreal package (class unverified),format/extension only,added/custom content
Content/sA_Megapack_v1/sA_Projectilevfx/Vfx/Fx/Niagara_Emitters/NE_Sparks.uasset,.uasset,127599,sA_Megapack_v1,Unreal package (class unverified),format/extension only,added/custom content
Content/sA_Megapack_v1/sA_Projectilevfx/Vfx/Fx/Niagara_Emitters/NE_Trail.uasset,.uasset,113584,sA_Megapack_v1,Unreal package (class unverified),format/extension only,added/custom content
Content/sA_Megapack_v1/sA_Projectilevfx/Vfx/Fx/Niagara_Systems/NS_Hit.uasset,.uasset,1820819,sA_Megapack_v1,Unreal package (class unverified),format/extension only,added/custom content
Content/sA_Megapack_v1/sA_Projectilevfx/Vfx/Fx/Niagara_Systems/NS_Hit2.uasset,.uasset,2058025,sA_Megapack_v1,Unreal package (class unverified),format/extension only,added/custom content
Content/sA_Megapack_v1/sA_Projectilevfx/Vfx/Fx/Niagara_Systems/NS_Hit3.uasset,.uasset,1984267,sA_Megapack_v1,Unreal package (class unverified),format/extension only,added/custom content
Content/sA_Megapack_v1/sA_Projectilevfx/Vfx/Fx/Niagara_Systems/NS_Hit4.uasset,.uasset,1914337,sA_Megapack_v1,Unreal package (class unverified),format/extension only,added/custom content
Content/sA_Megapack_v1/sA_Projectilevfx/Vfx/Fx/Niagara_Systems/NS_Hit5.uasset,.uasset,1760583,sA_Megapack_v1,Unreal package (class unverified),format/extension only,added/custom content
Content/sA_Megapack_v1/sA_Projectilevfx/Vfx/Fx/Niagara_Systems/NS_Hit6.uasset,.uasset,1634467,sA_Megapack_v1,Unreal package (class unverified),format/extension only,added/custom content
Content/sA_Megapack_v1/sA_Projectilevfx/Vfx/Fx/Niagara_Systems/NS_Hit7.uasset,.uasset,817370,sA_Megapack_v1,Unreal package (class unverified),format/extension only,added/custom content
Content/sA_Megapack_v1/sA_Projectilevfx/Vfx/Fx/Niagara_Systems/NS_Muzzle.uasset,.uasset,1994609,sA_Megapack_v1,Unreal package (class unverified),format/extension only,added/custom content
Content/sA_Megapack_v1/sA_Projectilevfx/Vfx/Fx/Niagara_Systems/NS_Muzzle_2.uasset,.uasset,2039433,sA_Megapack_v1,Unreal package (class unverified),format/extension only,added/custom content
Content/sA_Megapack_v1/sA_Projectilevfx/Vfx/Fx/Niagara_Systems/NS_Muzzle_3.uasset,.uasset,1964551,sA_Megapack_v1,Unreal package (class unverified),format/extension only,added/custom content
Content/sA_Megapack_v1/sA_Projectilevfx/Vfx/Fx/Niagara_Systems/NS_Muzzle_4.uasset,.uasset,2058696,sA_Megapack_v1,Unreal package (class unverified),format/extension only,added/custom content
Content/sA_Megapack_v1/sA_Projectilevfx/Vfx/Fx/Niagara_Systems/NS_Muzzle_5.uasset,.uasset,2143752,sA_Megapack_v1,Unreal package (class unverified),format/extension only,added/custom content
Content/sA_Megapack_v1/sA_Projectilevfx/Vfx/Fx/Niagara_Systems/NS_Muzzle_6.uasset,.uasset,1338733,sA_Megapack_v1,Unreal package (class unverified),format/extension only,added/custom content
Content/sA_Megapack_v1/sA_Projectilevfx/Vfx/Fx/Niagara_Systems/NS_Muzzle_7.uasset,.uasset,1295063,sA_Megapack_v1,Unreal package (class unverified),format/extension only,added/custom content
Content/sA_Megapack_v1/sA_Projectilevfx/Vfx/Fx/Niagara_Systems/NS_Projectile1_Small.uasset,.uasset,1554446,sA_Megapack_v1,Unreal package (class unverified),format/extension only,added/custom content
Content/sA_Megapack_v1/sA_Projectilevfx/Vfx/Fx/Niagara_Systems/NS_Projectile2_Small.uasset,.uasset,1650443,sA_Megapack_v1,Unreal package (class unverified),format/extension only,added/custom content
Content/sA_Megapack_v1/sA_Projectilevfx/Vfx/Fx/Niagara_Systems/NS_Projectile3_Small.uasset,.uasset,1853999,sA_Megapack_v1,Unreal package (class unverified),format/extension only,added/custom content
Content/sA_Megapack_v1/sA_Projectilevfx/Vfx/Fx/Niagara_Systems/NS_Projectile4_Small.uasset,.uasset,1712379,sA_Megapack_v1,Unreal package (class unverified),format/extension only,added/custom content
Content/sA_Megapack_v1/sA_Projectilevfx/Vfx/Fx/Niagara_Systems/NS_Projectile5.uasset,.uasset,2165035,sA_Megapack_v1,Unreal package (class unverified),format/extension only,added/custom content
Content/sA_Megapack_v1/sA_Projectilevfx/Vfx/Fx/Niagara_Systems/NS_Projectile6.uasset,.uasset,1068698,sA_Megapack_v1,Unreal package (class unverified),format/extension only,added/custom content
Content/sA_Megapack_v1/sA_Projectilevfx/Vfx/Fx/Niagara_Systems/NS_Projectile7.uasset,.uasset,1062435,sA_Megapack_v1,Unreal package (class unverified),format/extension only,added/custom content
Content/sA_Megapack_v1/sA_Projectilevfx/Vfx/Materials/M_ABNiagara.uasset,.uasset,73663,sA_Megapack_v1,Unreal package (class unverified),format/extension only,added/custom content
Content/sA_Megapack_v1/sA_Projectilevfx/Vfx/Materials/M_ABScrollNiagara.uasset,.uasset,86717,sA_Megapack_v1,Unreal package (class unverified),format/extension only,added/custom content
Content/sA_Megapack_v1/sA_Projectilevfx/Vfx/Materials/M_AdditiveNiagara.uasset,.uasset,73913,sA_Megapack_v1,Unreal package (class unverified),format/extension only,added/custom content
Content/sA_Megapack_v1/sA_Projectilevfx/Vfx/Materials/M_AdditiveScrollNiagara.uasset,.uasset,86293,sA_Megapack_v1,Unreal package (class unverified),format/extension only,added/custom content
Content/sA_Megapack_v1/sA_Projectilevfx/Vfx/Materials/M_DemoScene.uasset,.uasset,77769,sA_Megapack_v1,Unreal package (class unverified),format/extension only,added/custom content
Content/sA_Megapack_v1/sA_Projectilevfx/Vfx/Materials/M_sA_Aura.uasset,.uasset,89919,sA_Megapack_v1,Unreal package (class unverified),format/extension only,added/custom content
Content/sA_Megapack_v1/sA_Projectilevfx/Vfx/Materials/M_Simple_Bram.uasset,.uasset,73890,sA_Megapack_v1,Unreal package (class unverified),format/extension only,added/custom content
Content/sA_Megapack_v1/sA_Projectilevfx/Vfx/Materials/M_Smoke.uasset,.uasset,74552,sA_Megapack_v1,Unreal package (class unverified),format/extension only,added/custom content
Content/sA_Megapack_v1/sA_Projectilevfx/Vfx/Materials/MI_Additive.uasset,.uasset,68947,sA_Megapack_v1,Unreal package (class unverified),format/extension only,added/custom content
Content/sA_Megapack_v1/sA_Projectilevfx/Vfx/Materials/MI_Additive1.uasset,.uasset,68953,sA_Megapack_v1,Unreal package (class unverified),format/extension only,added/custom content
Content/sA_Megapack_v1/sA_Projectilevfx/Vfx/Materials/Mi_Beam01_AB.uasset,.uasset,69639,sA_Megapack_v1,Unreal package (class unverified),format/extension only,added/custom content
Content/sA_Megapack_v1/sA_Projectilevfx/Vfx/Materials/Mi_Beam01_Add.uasset,.uasset,69886,sA_Megapack_v1,Unreal package (class unverified),format/extension only,added/custom content
Content/sA_Megapack_v1/sA_Projectilevfx/Vfx/Materials/MI_Dark_Hit_Skull.uasset,.uasset,78945,sA_Megapack_v1,Unreal package (class unverified),format/extension only,added/custom content
Content/sA_Megapack_v1/sA_Projectilevfx/Vfx/Materials/MI_Dark_Hit_Skull_Cloud.uasset,.uasset,83314,sA_Megapack_v1,Unreal package (class unverified),format/extension only,added/custom content
Content/sA_Megapack_v1/sA_Projectilevfx/Vfx/Materials/MI_Dark_Projectile_7.uasset,.uasset,78920,sA_Megapack_v1,Unreal package (class unverified),format/extension only,added/custom content
Content/sA_Megapack_v1/sA_Projectilevfx/Vfx/Materials/MI_DarkProjectile.uasset,.uasset,82050,sA_Megapack_v1,Unreal package (class unverified),format/extension only,added/custom content
Content/sA_Megapack_v1/sA_Projectilevfx/Vfx/Materials/MI_DarkProjectile_2.uasset,.uasset,81198,sA_Megapack_v1,Unreal package (class unverified),format/extension only,added/custom content
Content/sA_Megapack_v1/sA_Projectilevfx/Vfx/Materials/MI_DarkProjectile_3.uasset,.uasset,85126,sA_Megapack_v1,Unreal package (class unverified),format/extension only,added/custom content
Content/sA_Megapack_v1/sA_Projectilevfx/Vfx/Materials/MI_DarkProjectile_4.uasset,.uasset,83895,sA_Megapack_v1,Unreal package (class unverified),format/extension only,added/custom content
Content/sA_Megapack_v1/sA_Projectilevfx/Vfx/Materials/MI_DarkProjectile_5.uasset,.uasset,80553,sA_Megapack_v1,Unreal package (class unverified),format/extension only,added/custom content
Content/sA_Megapack_v1/sA_Projectilevfx/Vfx/Materials/MI_DarkTail.uasset,.uasset,81574,sA_Megapack_v1,Unreal package (class unverified),format/extension only,added/custom content
Content/sA_Megapack_v1/sA_Projectilevfx/Vfx/Materials/MI_DarkTail_2.uasset,.uasset,82385,sA_Megapack_v1,Unreal package (class unverified),format/extension only,added/custom content
Content/sA_Megapack_v1/sA_Projectilevfx/Vfx/Materials/MI_DarkTail_3.uasset,.uasset,82545,sA_Megapack_v1,Unreal package (class unverified),format/extension only,added/custom content
Content/sA_Megapack_v1/sA_Projectilevfx/Vfx/Materials/MI_DarkTail_4.uasset,.uasset,84200,sA_Megapack_v1,Unreal package (class unverified),format/extension only,added/custom content
Content/sA_Megapack_v1/sA_Projectilevfx/Vfx/Materials/MI_Hit_Skull.uasset,.uasset,74531,sA_Megapack_v1,Unreal package (class unverified),format/extension only,added/custom content
Content/sA_Megapack_v1/sA_Projectilevfx/Vfx/Materials/MI_Hit_Skull_Cloud.uasset,.uasset,75208,sA_Megapack_v1,Unreal package (class unverified),format/extension only,added/custom content
Content/sA_Megapack_v1/sA_Projectilevfx/Vfx/Materials/MI_Projectile_1.uasset,.uasset,75126,sA_Megapack_v1,Unreal package (class unverified),format/extension only,added/custom content
Content/sA_Megapack_v1/sA_Projectilevfx/Vfx/Materials/MI_Projectile_2.uasset,.uasset,75323,sA_Megapack_v1,Unreal package (class unverified),format/extension only,added/custom content
Content/sA_Megapack_v1/sA_Projectilevfx/Vfx/Materials/MI_Projectile_3.uasset,.uasset,76102,sA_Megapack_v1,Unreal package (class unverified),format/extension only,added/custom content
Content/sA_Megapack_v1/sA_Projectilevfx/Vfx/Materials/MI_Projectile_4.uasset,.uasset,75594,sA_Megapack_v1,Unreal package (class unverified),format/extension only,added/custom content
Content/sA_Megapack_v1/sA_Projectilevfx/Vfx/Materials/MI_Projectile_5.uasset,.uasset,74724,sA_Megapack_v1,Unreal package (class unverified),format/extension only,added/custom content
Content/sA_Megapack_v1/sA_Projectilevfx/Vfx/Materials/MI_Projectile_7.uasset,.uasset,74649,sA_Megapack_v1,Unreal package (class unverified),format/extension only,added/custom content
Content/sA_Megapack_v1/sA_Projectilevfx/Vfx/Materials/MI_sA_Aura_Inst.uasset,.uasset,71808,sA_Megapack_v1,Unreal package (class unverified),format/extension only,added/custom content
Content/sA_Megapack_v1/sA_Projectilevfx/Vfx/Materials/MI_Simple_Circle.uasset,.uasset,70510,sA_Megapack_v1,Unreal package (class unverified),format/extension only,added/custom content
Content/sA_Megapack_v1/sA_Projectilevfx/Vfx/Materials/MI_Tail_1.uasset,.uasset,74401,sA_Megapack_v1,Unreal package (class unverified),format/extension only,added/custom content
Content/sA_Megapack_v1/sA_Projectilevfx/Vfx/Materials/MI_Tail_2.uasset,.uasset,74782,sA_Megapack_v1,Unreal package (class unverified),format/extension only,added/custom content
Content/sA_Megapack_v1/sA_Projectilevfx/Vfx/Materials/MI_Tail_3.uasset,.uasset,75323,sA_Megapack_v1,Unreal package (class unverified),format/extension only,added/custom content
Content/sA_Megapack_v1/sA_Projectilevfx/Vfx/Materials/MI_Tail_4.uasset,.uasset,75823,sA_Megapack_v1,Unreal package (class unverified),format/extension only,added/custom content
Content/sA_Megapack_v1/sA_Projectilevfx/Vfx/Materials/Textures/Noise00.uasset,.uasset,266646,sA_Megapack_v1,Unreal package (class unverified),format/extension only,added/custom content
Content/sA_Megapack_v1/sA_Projectilevfx/Vfx/Materials/Textures/Noise000.uasset,.uasset,318338,sA_Megapack_v1,Unreal package (class unverified),format/extension only,added/custom content
Content/sA_Megapack_v1/sA_Projectilevfx/Vfx/Materials/Textures/Noise01.uasset,.uasset,48383,sA_Megapack_v1,Unreal package (class unverified),format/extension only,added/custom content
Content/sA_Megapack_v1/sA_Projectilevfx/Vfx/Materials/Textures/Noise02.uasset,.uasset,435216,sA_Megapack_v1,Unreal package (class unverified),format/extension only,added/custom content
Content/sA_Megapack_v1/sA_Projectilevfx/Vfx/Materials/Textures/Noise03.uasset,.uasset,400094,sA_Megapack_v1,Unreal package (class unverified),format/extension only,added/custom content
Content/sA_Megapack_v1/sA_Projectilevfx/Vfx/Materials/Textures/Noise04.uasset,.uasset,125070,sA_Megapack_v1,Unreal package (class unverified),format/extension only,added/custom content
Content/sA_Megapack_v1/sA_Projectilevfx/Vfx/Materials/Textures/Noise06.uasset,.uasset,3818587,sA_Megapack_v1,Unreal package (class unverified),format/extension only,added/custom content
Content/sA_Megapack_v1/sA_Projectilevfx/Vfx/Materials/Textures/Noise07.uasset,.uasset,182008,sA_Megapack_v1,Unreal package (class unverified),format/extension only,added/custom content
Content/sA_Megapack_v1/sA_Projectilevfx/Vfx/Materials/Textures/Noise08.uasset,.uasset,325004,sA_Megapack_v1,Unreal package (class unverified),format/extension only,added/custom content
Content/sA_Megapack_v1/sA_Projectilevfx/Vfx/Materials/Textures/Noise09.uasset,.uasset,417865,sA_Megapack_v1,Unreal package (class unverified),format/extension only,added/custom content
Content/sA_Megapack_v1/sA_Projectilevfx/Vfx/Materials/Textures/Noise10.uasset,.uasset,1468155,sA_Megapack_v1,Unreal package (class unverified),format/extension only,added/custom content
Content/sA_Megapack_v1/sA_Projectilevfx/Vfx/Materials/Textures/Noise11.uasset,.uasset,146009,sA_Megapack_v1,Unreal package (class unverified),format/extension only,added/custom content
Content/sA_Megapack_v1/sA_Projectilevfx/Vfx/Materials/Textures/Noise12.uasset,.uasset,45713,sA_Megapack_v1,Unreal package (class unverified),format/extension only,added/custom content
Content/sA_Megapack_v1/sA_Projectilevfx/Vfx/Materials/Textures/T_Beam_01.uasset,.uasset,511297,sA_Megapack_v1,Unreal package (class unverified),format/extension only,added/custom content
Content/sA_Megapack_v1/sA_Projectilevfx/Vfx/Materials/Textures/T_Circle_01.uasset,.uasset,361596,sA_Megapack_v1,Unreal package (class unverified),format/extension only,added/custom content
Content/sA_Megapack_v1/sA_Projectilevfx/Vfx/Materials/Textures/T_Flame.uasset,.uasset,4660399,sA_Megapack_v1,Unreal package (class unverified),format/extension only,added/custom content
Content/sA_Megapack_v1/sA_Projectilevfx/Vfx/Materials/Textures/T_Noise00.uasset,.uasset,314705,sA_Megapack_v1,Unreal package (class unverified),format/extension only,added/custom content
Content/sA_Megapack_v1/sA_Projectilevfx/Vfx/Materials/Textures/T_Noise000.uasset,.uasset,378084,sA_Megapack_v1,Unreal package (class unverified),format/extension only,added/custom content
Content/sA_Megapack_v1/sA_Projectilevfx/Vfx/Materials/Textures/T_Noise01.uasset,.uasset,400532,sA_Megapack_v1,Unreal package (class unverified),format/extension only,added/custom content
Content/sA_Megapack_v1/sA_Projectilevfx/Vfx/Materials/Textures/T_Noise02.uasset,.uasset,387969,sA_Megapack_v1,Unreal package (class unverified),format/extension only,added/custom content
Content/sA_Megapack_v1/sA_Projectilevfx/Vfx/Materials/Textures/T_Noise03.uasset,.uasset,750598,sA_Megapack_v1,Unreal package (class unverified),format/extension only,added/custom content
Content/sA_Megapack_v1/sA_Projectilevfx/Vfx/Materials/Textures/T_Noise04.uasset,.uasset,348885,sA_Megapack_v1,Unreal package (class unverified),format/extension only,added/custom content
Content/sA_Megapack_v1/sA_Projectilevfx/Vfx/Materials/Textures/T_Noise06.uasset,.uasset,815669,sA_Megapack_v1,Unreal package (class unverified),format/extension only,added/custom content
Content/sA_Megapack_v1/sA_Projectilevfx/Vfx/Materials/Textures/T_Noise07.uasset,.uasset,601737,sA_Megapack_v1,Unreal package (class unverified),format/extension only,added/custom content
Content/sA_Megapack_v1/sA_Projectilevfx/Vfx/Materials/Textures/T_Noise08.uasset,.uasset,415335,sA_Megapack_v1,Unreal package (class unverified),format/extension only,added/custom content
Content/sA_Megapack_v1/sA_Projectilevfx/Vfx/Materials/Textures/T_Noise09.uasset,.uasset,484367,sA_Megapack_v1,Unreal package (class unverified),format/extension only,added/custom content
Content/sA_Megapack_v1/sA_Projectilevfx/Vfx/Materials/Textures/T_Noise10.uasset,.uasset,462091,sA_Megapack_v1,Unreal package (class unverified),format/extension only,added/custom content
Content/sA_Megapack_v1/sA_Projectilevfx/Vfx/Materials/Textures/T_Noise11.uasset,.uasset,392600,sA_Megapack_v1,Unreal package (class unverified),format/extension only,added/custom content
Content/sA_Megapack_v1/sA_Projectilevfx/Vfx/Materials/Textures/T_Noise12.uasset,.uasset,373654,sA_Megapack_v1,Unreal package (class unverified),format/extension only,added/custom content
Content/sA_Megapack_v1/sA_Projectilevfx/Vfx/Materials/Textures/T_Projectile_1.uasset,.uasset,3825297,sA_Megapack_v1,Unreal package (class unverified),format/extension only,added/custom content
Content/sA_Megapack_v1/sA_Projectilevfx/Vfx/Materials/Textures/T_Projectile_2.uasset,.uasset,2529801,sA_Megapack_v1,Unreal package (class unverified),format/extension only,added/custom content
Content/sA_Megapack_v1/sA_Projectilevfx/Vfx/Materials/Textures/T_Projectile_3.uasset,.uasset,3871303,sA_Megapack_v1,Unreal package (class unverified),format/extension only,added/custom content
Content/sA_Megapack_v1/sA_Projectilevfx/Vfx/Materials/Textures/T_Projectile_4.uasset,.uasset,3541796,sA_Megapack_v1,Unreal package (class unverified),format/extension only,added/custom content
Content/sA_Megapack_v1/sA_Projectilevfx/Vfx/Materials/Textures/T_Projectile_7.uasset,.uasset,2509287,sA_Megapack_v1,Unreal package (class unverified),format/extension only,added/custom content
Content/sA_Megapack_v1/sA_Projectilevfx/Vfx/Materials/Textures/T_Projectile_Tail.uasset,.uasset,5145225,sA_Megapack_v1,Unreal package (class unverified),format/extension only,added/custom content
Content/sA_Megapack_v1/sA_Projectilevfx/Vfx/Materials/Textures/T_Skull_Cloud.uasset,.uasset,1076066,sA_Megapack_v1,Unreal package (class unverified),format/extension only,added/custom content
Content/sA_Megapack_v1/sA_Projectilevfx/Vfx/Materials/Textures/T_Skull_Projectile.uasset,.uasset,2656417,sA_Megapack_v1,Unreal package (class unverified),format/extension only,added/custom content
Content/sA_Megapack_v1/sA_Projectilevfx/Vfx/Materials/Textures/T_Skull_Solo.uasset,.uasset,561020,sA_Megapack_v1,Unreal package (class unverified),format/extension only,added/custom content
Content/sA_Megapack_v1/sA_Projectilevfx/Vfx/Materials/Textures/T_Smoke_SubUV.uasset,.uasset,1331681,sA_Megapack_v1,Unreal package (class unverified),format/extension only,added/custom content
Content/sA_Megapack_v1/sA_Projectilevfx/Vfx/Materials/Textures/T_Trail_2.uasset,.uasset,5429706,sA_Megapack_v1,Unreal package (class unverified),format/extension only,added/custom content
Content/sA_Megapack_v1/sA_Projectilevfx/Vfx/Materials/Textures/T_Trail_3.uasset,.uasset,3109786,sA_Megapack_v1,Unreal package (class unverified),format/extension only,added/custom content
Content/sA_Megapack_v1/sA_Projectilevfx/Vfx/Materials/Textures/T_Trail_4.uasset,.uasset,5793024,sA_Megapack_v1,Unreal package (class unverified),format/extension only,added/custom content
Content/sA_Megapack_v1/sA_Projectilevfx/Vfx/Models/SM_Cyl.uasset,.uasset,104570,sA_Megapack_v1,Unreal package (class unverified),format/extension only,added/custom content
Content/sA_Megapack_v1/sA_Projectilevfx/Vfx/Models/SM_Fx_NinStar.uasset,.uasset,132286,sA_Megapack_v1,Unreal package (class unverified),format/extension only,added/custom content
Content/sA_Megapack_v1/sA_Projectilevfx/Vfx/Models/SM_Fx_Ring.uasset,.uasset,92809,sA_Megapack_v1,Unreal package (class unverified),format/extension only,added/custom content
Content/sA_Megapack_v1/sA_Projectilevfx/Vfx/Models/SM_Fx_Sphere.uasset,.uasset,133856,sA_Megapack_v1,Unreal package (class unverified),format/extension only,added/custom content
Content/sA_Megapack_v1/sA_Projectilevfx/Vfx/Models/SM_Fx_Sphere_2.uasset,.uasset,131089,sA_Megapack_v1,Unreal package (class unverified),format/extension only,added/custom content
Content/sA_Megapack_v1/sA_Projectilevfx/Vfx/Models/SM_Fx_Sphere_3.uasset,.uasset,126466,sA_Megapack_v1,Unreal package (class unverified),format/extension only,added/custom content
Content/sA_Megapack_v1/sA_Projectilevfx/Vfx/Models/SM_Projectile_1.uasset,.uasset,185882,sA_Megapack_v1,Unreal package (class unverified),format/extension only,added/custom content
Content/sA_Megapack_v1/sA_Projectilevfx/Vfx/Models/SM_Projectile_2.uasset,.uasset,211220,sA_Megapack_v1,Unreal package (class unverified),format/extension only,added/custom content
Content/sA_Megapack_v1/sA_Rayvfx/Blueprints/BP_RAY_Spawner.uasset,.uasset,199213,sA_Megapack_v1,Unreal package (class unverified),format/extension only,added/custom content
Content/sA_Megapack_v1/sA_Rayvfx/Fx/NiagaraEmitters/NE_Beam.uasset,.uasset,102025,sA_Megapack_v1,Unreal package (class unverified),format/extension only,added/custom content
Content/sA_Megapack_v1/sA_Rayvfx/Fx/NiagaraEmitters/NE_Flash_0.uasset,.uasset,71254,sA_Megapack_v1,Unreal package (class unverified),format/extension only,added/custom content
Content/sA_Megapack_v1/sA_Rayvfx/Fx/NiagaraEmitters/NE_Omniburst.uasset,.uasset,139558,sA_Megapack_v1,Unreal package (class unverified),format/extension only,added/custom content
Content/sA_Megapack_v1/sA_Rayvfx/Fx/NiagaraEmitters/NE_Ray1.uasset,.uasset,85347,sA_Megapack_v1,Unreal package (class unverified),format/extension only,added/custom content
Content/sA_Megapack_v1/sA_Rayvfx/Fx/NiagaraEmitters/NE_sphere.uasset,.uasset,74526,sA_Megapack_v1,Unreal package (class unverified),format/extension only,added/custom content
Content/sA_Megapack_v1/sA_Rayvfx/Fx/NiagaraEmitters/NE_Trail.uasset,.uasset,120238,sA_Megapack_v1,Unreal package (class unverified),format/extension only,added/custom content
Content/sA_Megapack_v1/sA_Rayvfx/Fx/NiagaraSystems/NS_Energy_1.uasset,.uasset,1404060,sA_Megapack_v1,Unreal package (class unverified),format/extension only,added/custom content
Content/sA_Megapack_v1/sA_Rayvfx/Fx/NiagaraSystems/NS_Energy_2.uasset,.uasset,891378,sA_Megapack_v1,Unreal package (class unverified),format/extension only,added/custom content
Content/sA_Megapack_v1/sA_Rayvfx/Fx/NiagaraSystems/NS_Energy_3.uasset,.uasset,1101299,sA_Megapack_v1,Unreal package (class unverified),format/extension only,added/custom content
Content/sA_Megapack_v1/sA_Rayvfx/Fx/NiagaraSystems/NS_Energy_4.uasset,.uasset,1426088,sA_Megapack_v1,Unreal package (class unverified),format/extension only,added/custom content
Content/sA_Megapack_v1/sA_Rayvfx/Fx/NiagaraSystems/NS_Energy_5.uasset,.uasset,1194389,sA_Megapack_v1,Unreal package (class unverified),format/extension only,added/custom content
Content/sA_Megapack_v1/sA_Rayvfx/Fx/NiagaraSystems/NS_Hit_1.uasset,.uasset,989072,sA_Megapack_v1,Unreal package (class unverified),format/extension only,added/custom content
Content/sA_Megapack_v1/sA_Rayvfx/Fx/NiagaraSystems/NS_Hit_2.uasset,.uasset,1185749,sA_Megapack_v1,Unreal package (class unverified),format/extension only,added/custom content
Content/sA_Megapack_v1/sA_Rayvfx/Fx/NiagaraSystems/NS_Hit_3.uasset,.uasset,696528,sA_Megapack_v1,Unreal package (class unverified),format/extension only,added/custom content
Content/sA_Megapack_v1/sA_Rayvfx/Fx/NiagaraSystems/NS_Hit_4.uasset,.uasset,1300144,sA_Megapack_v1,Unreal package (class unverified),format/extension only,added/custom content
Content/sA_Megapack_v1/sA_Rayvfx/Fx/NiagaraSystems/NS_Hit_5.uasset,.uasset,1387363,sA_Megapack_v1,Unreal package (class unverified),format/extension only,added/custom content
Content/sA_Megapack_v1/sA_Rayvfx/Fx/NiagaraSystems/NS_Ray_1.uasset,.uasset,1289644,sA_Megapack_v1,Unreal package (class unverified),format/extension only,added/custom content
Content/sA_Megapack_v1/sA_Rayvfx/Fx/NiagaraSystems/NS_Ray_2.uasset,.uasset,1178612,sA_Megapack_v1,Unreal package (class unverified),format/extension only,added/custom content
Content/sA_Megapack_v1/sA_Rayvfx/Fx/NiagaraSystems/NS_Ray_3.uasset,.uasset,720188,sA_Megapack_v1,Unreal package (class unverified),format/extension only,added/custom content
Content/sA_Megapack_v1/sA_Rayvfx/Fx/NiagaraSystems/NS_Ray_4.uasset,.uasset,1530956,sA_Megapack_v1,Unreal package (class unverified),format/extension only,added/custom content
Content/sA_Megapack_v1/sA_Rayvfx/Fx/NiagaraSystems/NS_Ray_5.uasset,.uasset,1580684,sA_Megapack_v1,Unreal package (class unverified),format/extension only,added/custom content
Content/sA_Megapack_v1/sA_Rayvfx/Materials/M_ABScrollNiagara.uasset,.uasset,90586,sA_Megapack_v1,Unreal package (class unverified),format/extension only,added/custom content
Content/sA_Megapack_v1/sA_Rayvfx/Materials/M_AdditiveScrollNiagara.uasset,.uasset,86687,sA_Megapack_v1,Unreal package (class unverified),format/extension only,added/custom content
Content/sA_Megapack_v1/sA_Rayvfx/Materials/M_Master_Fresnel.uasset,.uasset,104864,sA_Megapack_v1,Unreal package (class unverified),format/extension only,added/custom content
Content/sA_Megapack_v1/sA_Rayvfx/Materials/M_Master_Fresnel_Inst.uasset,.uasset,72881,sA_Megapack_v1,Unreal package (class unverified),format/extension only,added/custom content
Content/sA_Megapack_v1/sA_Rayvfx/Materials/M_Master_Fresnel_Masked.uasset,.uasset,92776,sA_Megapack_v1,Unreal package (class unverified),format/extension only,added/custom content
Content/sA_Megapack_v1/sA_Rayvfx/Materials/M_Master_RadialBeam.uasset,.uasset,73283,sA_Megapack_v1,Unreal package (class unverified),format/extension only,added/custom content
Content/sA_Megapack_v1/sA_Rayvfx/Materials/M_Master_RefractFresnel.uasset,.uasset,78410,sA_Megapack_v1,Unreal package (class unverified),format/extension only,added/custom content
Content/sA_Megapack_v1/sA_Rayvfx/Materials/M_Master_Solid_Panner.uasset,.uasset,73803,sA_Megapack_v1,Unreal package (class unverified),format/extension only,added/custom content
Content/sA_Megapack_v1/sA_Rayvfx/Materials/M_PannerScroll.uasset,.uasset,90443,sA_Megapack_v1,Unreal package (class unverified),format/extension only,added/custom content
Content/sA_Megapack_v1/sA_Rayvfx/Materials/M_sA_Aura.uasset,.uasset,91589,sA_Megapack_v1,Unreal package (class unverified),format/extension only,added/custom content
Content/sA_Megapack_v1/sA_Rayvfx/Materials/MI_Aura_1.uasset,.uasset,73388,sA_Megapack_v1,Unreal package (class unverified),format/extension only,added/custom content
Content/sA_Megapack_v1/sA_Rayvfx/Materials/MI_Aura_2.uasset,.uasset,73388,sA_Megapack_v1,Unreal package (class unverified),format/extension only,added/custom content
Content/sA_Megapack_v1/sA_Rayvfx/Materials/MI_Aura_3.uasset,.uasset,74579,sA_Megapack_v1,Unreal package (class unverified),format/extension only,added/custom content
Content/sA_Megapack_v1/sA_Rayvfx/Materials/MI_Aura_4.uasset,.uasset,80650,sA_Megapack_v1,Unreal package (class unverified),format/extension only,added/custom content
Content/sA_Megapack_v1/sA_Rayvfx/Materials/MI_Enegy_1.uasset,.uasset,74912,sA_Megapack_v1,Unreal package (class unverified),format/extension only,added/custom content
Content/sA_Megapack_v1/sA_Rayvfx/Materials/MI_Enegy_4.uasset,.uasset,75926,sA_Megapack_v1,Unreal package (class unverified),format/extension only,added/custom content
Content/sA_Megapack_v1/sA_Rayvfx/Materials/MI_Energy_1_Dark.uasset,.uasset,81202,sA_Megapack_v1,Unreal package (class unverified),format/extension only,added/custom content
Content/sA_Megapack_v1/sA_Rayvfx/Materials/MI_Energy_4_Dark.uasset,.uasset,81741,sA_Megapack_v1,Unreal package (class unverified),format/extension only,added/custom content
Content/sA_Megapack_v1/sA_Rayvfx/Materials/MI_Energy_5_Dark.uasset,.uasset,80395,sA_Megapack_v1,Unreal package (class unverified),format/extension only,added/custom content
Content/sA_Megapack_v1/sA_Rayvfx/Materials/MI_Fresnel_Space.uasset,.uasset,98860,sA_Megapack_v1,Unreal package (class unverified),format/extension only,added/custom content
Content/sA_Megapack_v1/sA_Rayvfx/Materials/MI_PannerScroll.uasset,.uasset,72985,sA_Megapack_v1,Unreal package (class unverified),format/extension only,added/custom content
Content/sA_Megapack_v1/sA_Rayvfx/Materials/MI_Projectile_3.uasset,.uasset,74266,sA_Megapack_v1,Unreal package (class unverified),format/extension only,added/custom content
Content/sA_Megapack_v1/sA_Rayvfx/Materials/MI_Refract_Inst.uasset,.uasset,70703,sA_Megapack_v1,Unreal package (class unverified),format/extension only,added/custom content
Content/sA_Megapack_v1/sA_Rayvfx/Materials/MI_SolidPanner.uasset,.uasset,75968,sA_Megapack_v1,Unreal package (class unverified),format/extension only,added/custom content
Content/sA_Megapack_v1/sA_Rayvfx/Materials/MI_SolidPanner_2.uasset,.uasset,77326,sA_Megapack_v1,Unreal package (class unverified),format/extension only,added/custom content
Content/sA_Megapack_v1/sA_Rayvfx/Materials/MI_SolidPanner_3.uasset,.uasset,78082,sA_Megapack_v1,Unreal package (class unverified),format/extension only,added/custom content
Content/sA_Megapack_v1/sA_Rayvfx/Materials/MI_SolidPanner_3_a.uasset,.uasset,78329,sA_Megapack_v1,Unreal package (class unverified),format/extension only,added/custom content
Content/sA_Megapack_v1/sA_Rayvfx/Materials/MI_Tail_2.uasset,.uasset,75214,sA_Megapack_v1,Unreal package (class unverified),format/extension only,added/custom content
Content/sA_Megapack_v1/sA_Rayvfx/Materials/Textures/Noise00.uasset,.uasset,266512,sA_Megapack_v1,Unreal package (class unverified),format/extension only,added/custom content
Content/sA_Megapack_v1/sA_Rayvfx/Materials/Textures/Noise000.uasset,.uasset,318204,sA_Megapack_v1,Unreal package (class unverified),format/extension only,added/custom content
Content/sA_Megapack_v1/sA_Rayvfx/Materials/Textures/Noise01.uasset,.uasset,48249,sA_Megapack_v1,Unreal package (class unverified),format/extension only,added/custom content
Content/sA_Megapack_v1/sA_Rayvfx/Materials/Textures/Noise02.uasset,.uasset,435082,sA_Megapack_v1,Unreal package (class unverified),format/extension only,added/custom content
Content/sA_Megapack_v1/sA_Rayvfx/Materials/Textures/Noise04.uasset,.uasset,124936,sA_Megapack_v1,Unreal package (class unverified),format/extension only,added/custom content
Content/sA_Megapack_v1/sA_Rayvfx/Materials/Textures/Noise06.uasset,.uasset,3818454,sA_Megapack_v1,Unreal package (class unverified),format/extension only,added/custom content
Content/sA_Megapack_v1/sA_Rayvfx/Materials/Textures/Noise07.uasset,.uasset,181875,sA_Megapack_v1,Unreal package (class unverified),format/extension only,added/custom content
Content/sA_Megapack_v1/sA_Rayvfx/Materials/Textures/Noise08.uasset,.uasset,324871,sA_Megapack_v1,Unreal package (class unverified),format/extension only,added/custom content
Content/sA_Megapack_v1/sA_Rayvfx/Materials/Textures/Noise09.uasset,.uasset,417732,sA_Megapack_v1,Unreal package (class unverified),format/extension only,added/custom content
Content/sA_Megapack_v1/sA_Rayvfx/Materials/Textures/Noise10.uasset,.uasset,1468022,sA_Megapack_v1,Unreal package (class unverified),format/extension only,added/custom content
Content/sA_Megapack_v1/sA_Rayvfx/Materials/Textures/Noise11.uasset,.uasset,145877,sA_Megapack_v1,Unreal package (class unverified),format/extension only,added/custom content
Content/sA_Megapack_v1/sA_Rayvfx/Materials/Textures/Noise12.uasset,.uasset,45581,sA_Megapack_v1,Unreal package (class unverified),format/extension only,added/custom content
Content/sA_Megapack_v1/sA_Rayvfx/Materials/Textures/T_Beam_01.uasset,.uasset,511275,sA_Megapack_v1,Unreal package (class unverified),format/extension only,added/custom content
Content/sA_Megapack_v1/sA_Rayvfx/Materials/Textures/T_Energy_1.uasset,.uasset,2529767,sA_Megapack_v1,Unreal package (class unverified),format/extension only,added/custom content
Content/sA_Megapack_v1/sA_Rayvfx/Materials/Textures/T_Noise00.uasset,.uasset,314683,sA_Megapack_v1,Unreal package (class unverified),format/extension only,added/custom content
Content/sA_Megapack_v1/sA_Rayvfx/Materials/Textures/T_Noise000.uasset,.uasset,378062,sA_Megapack_v1,Unreal package (class unverified),format/extension only,added/custom content
Content/sA_Megapack_v1/sA_Rayvfx/Materials/Textures/T_Noise01.uasset,.uasset,400510,sA_Megapack_v1,Unreal package (class unverified),format/extension only,added/custom content
Content/sA_Megapack_v1/sA_Rayvfx/Materials/Textures/T_Noise02.uasset,.uasset,387947,sA_Megapack_v1,Unreal package (class unverified),format/extension only,added/custom content
Content/sA_Megapack_v1/sA_Rayvfx/Materials/Textures/T_Noise03.uasset,.uasset,750576,sA_Megapack_v1,Unreal package (class unverified),format/extension only,added/custom content
Content/sA_Megapack_v1/sA_Rayvfx/Materials/Textures/T_Noise04.uasset,.uasset,348863,sA_Megapack_v1,Unreal package (class unverified),format/extension only,added/custom content
Content/sA_Megapack_v1/sA_Rayvfx/Materials/Textures/T_Noise06.uasset,.uasset,815647,sA_Megapack_v1,Unreal package (class unverified),format/extension only,added/custom content
Content/sA_Megapack_v1/sA_Rayvfx/Materials/Textures/T_Noise07.uasset,.uasset,601715,sA_Megapack_v1,Unreal package (class unverified),format/extension only,added/custom content
Content/sA_Megapack_v1/sA_Rayvfx/Materials/Textures/T_Noise08.uasset,.uasset,415313,sA_Megapack_v1,Unreal package (class unverified),format/extension only,added/custom content
Content/sA_Megapack_v1/sA_Rayvfx/Materials/Textures/T_Noise09.uasset,.uasset,484345,sA_Megapack_v1,Unreal package (class unverified),format/extension only,added/custom content
Content/sA_Megapack_v1/sA_Rayvfx/Materials/Textures/T_Noise10.uasset,.uasset,462069,sA_Megapack_v1,Unreal package (class unverified),format/extension only,added/custom content
Content/sA_Megapack_v1/sA_Rayvfx/Materials/Textures/T_Noise11.uasset,.uasset,392578,sA_Megapack_v1,Unreal package (class unverified),format/extension only,added/custom content
Content/sA_Megapack_v1/sA_Rayvfx/Materials/Textures/T_Noise12.uasset,.uasset,373632,sA_Megapack_v1,Unreal package (class unverified),format/extension only,added/custom content
Content/sA_Megapack_v1/sA_Rayvfx/Materials/Textures/T_Ray_5.uasset,.uasset,5145137,sA_Megapack_v1,Unreal package (class unverified),format/extension only,added/custom content
Content/sA_Megapack_v1/sA_Rayvfx/Materials/Textures/T_Snow_Flake.uasset,.uasset,361981,sA_Megapack_v1,Unreal package (class unverified),format/extension only,added/custom content
Content/sA_Megapack_v1/sA_Rayvfx/Materials/Textures/T_Space_1.uasset,.uasset,2156999,sA_Megapack_v1,Unreal package (class unverified),format/extension only,added/custom content
Content/sA_Megapack_v1/sA_Rayvfx/Models/SM_Bended_X.uasset,.uasset,94105,sA_Megapack_v1,Unreal package (class unverified),format/extension only,added/custom content
Content/sA_Megapack_v1/sA_Rayvfx/Models/SM_Hemi_Sphere.uasset,.uasset,103433,sA_Megapack_v1,Unreal package (class unverified),format/extension only,added/custom content
Content/sA_Megapack_v1/sA_Rayvfx/Models/SM_RayTube_1.uasset,.uasset,210284,sA_Megapack_v1,Unreal package (class unverified),format/extension only,added/custom content
Content/sA_Megapack_v1/sA_Rayvfx/Models/SM_RayTube_2.uasset,.uasset,224994,sA_Megapack_v1,Unreal package (class unverified),format/extension only,added/custom content
Content/sA_Megapack_v1/sA_Rayvfx/Models/SM_UV_Sphere.uasset,.uasset,109460,sA_Megapack_v1,Unreal package (class unverified),format/extension only,added/custom content
Content/sA_Megapack_v1/sA_ShootingVfxPack/Blueprints/BP_Greande_Throw.uasset,.uasset,202191,sA_Megapack_v1,Unreal package (class unverified),format/extension only,added/custom content
Content/sA_Megapack_v1/sA_ShootingVfxPack/Blueprints/BP_Impact.uasset,.uasset,25597,sA_Megapack_v1,Unreal package (class unverified),format/extension only,added/custom content
Content/sA_Megapack_v1/sA_ShootingVfxPack/Blueprints/BP_Impact_2.uasset,.uasset,24639,sA_Megapack_v1,Unreal package (class unverified),format/extension only,added/custom content
Content/sA_Megapack_v1/sA_ShootingVfxPack/Blueprints/BP_Impact_3.uasset,.uasset,33782,sA_Megapack_v1,Unreal package (class unverified),format/extension only,added/custom content
Content/sA_Megapack_v1/sA_ShootingVfxPack/Blueprints/BP_Projectile_1_Small.uasset,.uasset,150308,sA_Megapack_v1,Unreal package (class unverified),format/extension only,added/custom content
Content/sA_Megapack_v1/sA_ShootingVfxPack/Blueprints/BP_Projectile_2.uasset,.uasset,132524,sA_Megapack_v1,Unreal package (class unverified),format/extension only,added/custom content
Content/sA_Megapack_v1/sA_ShootingVfxPack/Blueprints/BP_Projectile_3.uasset,.uasset,132524,sA_Megapack_v1,Unreal package (class unverified),format/extension only,added/custom content
Content/sA_Megapack_v1/sA_ShootingVfxPack/Blueprints/BP_Projectile_Grenade.uasset,.uasset,179950,sA_Megapack_v1,Unreal package (class unverified),format/extension only,added/custom content
Content/sA_Megapack_v1/sA_ShootingVfxPack/Blueprints/BP_Projectile_Missle.uasset,.uasset,158800,sA_Megapack_v1,Unreal package (class unverified),format/extension only,added/custom content
Content/sA_Megapack_v1/sA_ShootingVfxPack/Blueprints/BP_Projectile_Spawner.uasset,.uasset,249876,sA_Megapack_v1,Unreal package (class unverified),format/extension only,added/custom content
Content/sA_Megapack_v1/sA_ShootingVfxPack/Blueprints/BP_RocketLauncher.uasset,.uasset,214000,sA_Megapack_v1,Unreal package (class unverified),format/extension only,added/custom content
Content/sA_Megapack_v1/sA_ShootingVfxPack/Blueprints/BP_Sniper.uasset,.uasset,213471,sA_Megapack_v1,Unreal package (class unverified),format/extension only,added/custom content
Content/sA_Megapack_v1/sA_ShootingVfxPack/Blueprints/BP_Weapon.uasset,.uasset,138346,sA_Megapack_v1,Unreal package (class unverified),format/extension only,added/custom content
Content/sA_Megapack_v1/sA_ShootingVfxPack/FX/NiagaraEmitters/NE_Beam.uasset,.uasset,103479,sA_Megapack_v1,Unreal package (class unverified),format/extension only,added/custom content
Content/sA_Megapack_v1/sA_ShootingVfxPack/FX/NiagaraEmitters/NE_Muzzle_Flash.uasset,.uasset,103291,sA_Megapack_v1,Unreal package (class unverified),format/extension only,added/custom content
Content/sA_Megapack_v1/sA_ShootingVfxPack/FX/NiagaraEmitters/NE_Muzzle_Part2.uasset,.uasset,99292,sA_Megapack_v1,Unreal package (class unverified),format/extension only,added/custom content
Content/sA_Megapack_v1/sA_ShootingVfxPack/FX/NiagaraEmitters/NE_Plane.uasset,.uasset,78295,sA_Megapack_v1,Unreal package (class unverified),format/extension only,added/custom content
Content/sA_Megapack_v1/sA_ShootingVfxPack/FX/NiagaraEmitters/NE_Ribbon.uasset,.uasset,73298,sA_Megapack_v1,Unreal package (class unverified),format/extension only,added/custom content
Content/sA_Megapack_v1/sA_ShootingVfxPack/FX/NiagaraEmitters/NE_SimpleBurst.uasset,.uasset,139400,sA_Megapack_v1,Unreal package (class unverified),format/extension only,added/custom content
Content/sA_Megapack_v1/sA_ShootingVfxPack/FX/NiagaraEmitters/Ne_SimpleSprite.uasset,.uasset,71441,sA_Megapack_v1,Unreal package (class unverified),format/extension only,added/custom content
Content/sA_Megapack_v1/sA_ShootingVfxPack/FX/NiagaraEmitters/NE_Smoke_001.uasset,.uasset,139114,sA_Megapack_v1,Unreal package (class unverified),format/extension only,added/custom content
Content/sA_Megapack_v1/sA_ShootingVfxPack/FX/NiagaraEmitters/NE_Smoke_01.uasset,.uasset,139058,sA_Megapack_v1,Unreal package (class unverified),format/extension only,added/custom content
Content/sA_Megapack_v1/sA_ShootingVfxPack/FX/NiagaraEmitters/NE_Sparks.uasset,.uasset,115543,sA_Megapack_v1,Unreal package (class unverified),format/extension only,added/custom content
Content/sA_Megapack_v1/sA_ShootingVfxPack/FX/NiagaraSystems/NS_AR_Muzzleflash_1_INFINITE.uasset,.uasset,1045277,sA_Megapack_v1,Unreal package (class unverified),format/extension only,added/custom content
Content/sA_Megapack_v1/sA_ShootingVfxPack/FX/NiagaraSystems/NS_AR_Muzzleflash_1_ONCE.uasset,.uasset,1356592,sA_Megapack_v1,Unreal package (class unverified),format/extension only,added/custom content
Content/sA_Megapack_v1/sA_ShootingVfxPack/FX/NiagaraSystems/NS_AR_Muzzleflash_2_INFINITE.uasset,.uasset,975396,sA_Megapack_v1,Unreal package (class unverified),format/extension only,added/custom content
Content/sA_Megapack_v1/sA_ShootingVfxPack/FX/NiagaraSystems/NS_AR_Muzzleflash_2_ONCE.uasset,.uasset,979031,sA_Megapack_v1,Unreal package (class unverified),format/extension only,added/custom content
Content/sA_Megapack_v1/sA_ShootingVfxPack/FX/NiagaraSystems/NS_BulletTrail_1.uasset,.uasset,475911,sA_Megapack_v1,Unreal package (class unverified),format/extension only,added/custom content
Content/sA_Megapack_v1/sA_ShootingVfxPack/FX/NiagaraSystems/NS_BulletTrail_1_b.uasset,.uasset,388772,sA_Megapack_v1,Unreal package (class unverified),format/extension only,added/custom content
Content/sA_Megapack_v1/sA_ShootingVfxPack/FX/NiagaraSystems/NS_BulletTrail_2.uasset,.uasset,763364,sA_Megapack_v1,Unreal package (class unverified),format/extension only,added/custom content
Content/sA_Megapack_v1/sA_ShootingVfxPack/FX/NiagaraSystems/NS_BulletTrail_3.uasset,.uasset,716975,sA_Megapack_v1,Unreal package (class unverified),format/extension only,added/custom content
Content/sA_Megapack_v1/sA_ShootingVfxPack/FX/NiagaraSystems/NS_Energy_Muzzleflash_1_INFINITE.uasset,.uasset,657588,sA_Megapack_v1,Unreal package (class unverified),format/extension only,added/custom content
Content/sA_Megapack_v1/sA_ShootingVfxPack/FX/NiagaraSystems/NS_ENERGY_Muzzleflash_2_ONCE.uasset,.uasset,657751,sA_Megapack_v1,Unreal package (class unverified),format/extension only,added/custom content
Content/sA_Megapack_v1/sA_ShootingVfxPack/FX/NiagaraSystems/NS_Explossion.uasset,.uasset,1039127,sA_Megapack_v1,Unreal package (class unverified),format/extension only,added/custom content
Content/sA_Megapack_v1/sA_ShootingVfxPack/FX/NiagaraSystems/NS_GRENADE_RibbonTrail.uasset,.uasset,268917,sA_Megapack_v1,Unreal package (class unverified),format/extension only,added/custom content
Content/sA_Megapack_v1/sA_ShootingVfxPack/FX/NiagaraSystems/NS_Impact_1.uasset,.uasset,675580,sA_Megapack_v1,Unreal package (class unverified),format/extension only,added/custom content
Content/sA_Megapack_v1/sA_ShootingVfxPack/FX/NiagaraSystems/NS_Impact_2.uasset,.uasset,940129,sA_Megapack_v1,Unreal package (class unverified),format/extension only,added/custom content
Content/sA_Megapack_v1/sA_ShootingVfxPack/FX/NiagaraSystems/NS_ROCKET_Muzzle.uasset,.uasset,1583280,sA_Megapack_v1,Unreal package (class unverified),format/extension only,added/custom content
Content/sA_Megapack_v1/sA_ShootingVfxPack/FX/NiagaraSystems/NS_ROCKET_Trail.uasset,.uasset,1137959,sA_Megapack_v1,Unreal package (class unverified),format/extension only,added/custom content
Content/sA_Megapack_v1/sA_ShootingVfxPack/FX/NiagaraSystems/NS_SNIPER_Muzzle.uasset,.uasset,1038977,sA_Megapack_v1,Unreal package (class unverified),format/extension only,added/custom content
Content/sA_Megapack_v1/sA_ShootingVfxPack/Levels/LVL_Showroom.umap,.umap,629274,sA_Megapack_v1,Unreal map (class unverified),format/extension only,added/custom content
Content/sA_Megapack_v1/sA_ShootingVfxPack/Levels/LVL_Showroom_BuiltData.uasset,.uasset,1574139,sA_Megapack_v1,Unreal package (class unverified),format/extension only,added/custom content
Content/sA_Megapack_v1/sA_ShootingVfxPack/Materials/M_Basic_Particle.uasset,.uasset,72315,sA_Megapack_v1,Unreal package (class unverified),format/extension only,added/custom content
Content/sA_Megapack_v1/sA_ShootingVfxPack/Materials/M_Ground.uasset,.uasset,85185,sA_Megapack_v1,Unreal package (class unverified),format/extension only,added/custom content
Content/sA_Megapack_v1/sA_ShootingVfxPack/Materials/M_Master_Muzzle.uasset,.uasset,79812,sA_Megapack_v1,Unreal package (class unverified),format/extension only,added/custom content
Content/sA_Megapack_v1/sA_ShootingVfxPack/Materials/M_Master_RadialBeam.uasset,.uasset,73301,sA_Megapack_v1,Unreal package (class unverified),format/extension only,added/custom content
Content/sA_Megapack_v1/sA_ShootingVfxPack/Materials/M_Ribbon.uasset,.uasset,72231,sA_Megapack_v1,Unreal package (class unverified),format/extension only,added/custom content
Content/sA_Megapack_v1/sA_ShootingVfxPack/Materials/M_Smoke.uasset,.uasset,74622,sA_Megapack_v1,Unreal package (class unverified),format/extension only,added/custom content
Content/sA_Megapack_v1/sA_ShootingVfxPack/Materials/M_Smoke_00.uasset,.uasset,72539,sA_Megapack_v1,Unreal package (class unverified),format/extension only,added/custom content
Content/sA_Megapack_v1/sA_ShootingVfxPack/Materials/MI_Ground_Showscene.uasset,.uasset,87251,sA_Megapack_v1,Unreal package (class unverified),format/extension only,added/custom content
Content/sA_Megapack_v1/sA_ShootingVfxPack/Materials/MI_Muzzle_1.uasset,.uasset,73657,sA_Megapack_v1,Unreal package (class unverified),format/extension only,added/custom content
Content/sA_Megapack_v1/sA_ShootingVfxPack/Materials/MI_Muzzle_2.uasset,.uasset,72509,sA_Megapack_v1,Unreal package (class unverified),format/extension only,added/custom content
Content/sA_Megapack_v1/sA_ShootingVfxPack/Materials/MI_Muzzle_3.uasset,.uasset,72865,sA_Megapack_v1,Unreal package (class unverified),format/extension only,added/custom content
Content/sA_Megapack_v1/sA_ShootingVfxPack/Materials/Textures/T_Circle_1.uasset,.uasset,267863,sA_Megapack_v1,Unreal package (class unverified),format/extension only,added/custom content
Content/sA_Megapack_v1/sA_ShootingVfxPack/Materials/Textures/T_Gradient_1.uasset,.uasset,834845,sA_Megapack_v1,Unreal package (class unverified),format/extension only,added/custom content
Content/sA_Megapack_v1/sA_ShootingVfxPack/Materials/Textures/T_Gray_Noise_1.uasset,.uasset,1424706,sA_Megapack_v1,Unreal package (class unverified),format/extension only,added/custom content
Content/sA_Megapack_v1/sA_ShootingVfxPack/Materials/Textures/T_Muzzle_1.uasset,.uasset,449523,sA_Megapack_v1,Unreal package (class unverified),format/extension only,added/custom content
Content/sA_Megapack_v1/sA_ShootingVfxPack/Materials/Textures/T_Muzzle_3.uasset,.uasset,760285,sA_Megapack_v1,Unreal package (class unverified),format/extension only,added/custom content
Content/sA_Megapack_v1/sA_ShootingVfxPack/Materials/Textures/T_Muzzle_Sniperr.uasset,.uasset,476951,sA_Megapack_v1,Unreal package (class unverified),format/extension only,added/custom content
Content/sA_Megapack_v1/sA_ShootingVfxPack/Materials/Textures/T_RGB_Noise_1.uasset,.uasset,6633082,sA_Megapack_v1,Unreal package (class unverified),format/extension only,added/custom content
Content/sA_Megapack_v1/sA_ShootingVfxPack/Materials/Textures/T_Smoke00_SubUV.uasset,.uasset,1331687,sA_Megapack_v1,Unreal package (class unverified),format/extension only,added/custom content
Content/sA_Megapack_v1/sA_ShootingVfxPack/Materials/Textures/T_Smoke_SubUV.uasset,.uasset,1331677,sA_Megapack_v1,Unreal package (class unverified),format/extension only,added/custom content
Content/sA_Megapack_v1/sA_ShootingVfxPack/Meshes/SM_Bullet_1.uasset,.uasset,85867,sA_Megapack_v1,Unreal package (class unverified),format/extension only,added/custom content
Content/sA_Megapack_v1/sA_ShootingVfxPack/Meshes/SM_Fx_Sphere.uasset,.uasset,134153,sA_Megapack_v1,Unreal package (class unverified),format/extension only,added/custom content
Content/sA_Megapack_v1/sA_ShootingVfxPack/Meshes/SM_Muzzle.uasset,.uasset,84441,sA_Megapack_v1,Unreal package (class unverified),format/extension only,added/custom content
Content/sA_Megapack_v1/sA_ShootingVfxPack/Meshes/SM_Muzzle_1.uasset,.uasset,84119,sA_Megapack_v1,Unreal package (class unverified),format/extension only,added/custom content
Content/sA_Megapack_v1/sA_ShootingVfxPack/Meshes/SM_Muzzle_Part2.uasset,.uasset,87030,sA_Megapack_v1,Unreal package (class unverified),format/extension only,added/custom content
Content/sA_Megapack_v1/sA_ShootingVfxPack/Meshes/SM_Plane.uasset,.uasset,90155,sA_Megapack_v1,Unreal package (class unverified),format/extension only,added/custom content
Content/sA_Megapack_v1/sA_ShootingVfxPack/Meshes/SM_Rifle.uasset,.uasset,120659,sA_Megapack_v1,Unreal package (class unverified),format/extension only,added/custom content
Content/sA_Megapack_v1/sA_ShootingVfxPack/Meshes/SM_Rocket.uasset,.uasset,99331,sA_Megapack_v1,Unreal package (class unverified),format/extension only,added/custom content
Content/sA_Megapack_v1/sA_ShootingVfxPack/Meshes/SM_RocketLauncher.uasset,.uasset,112163,sA_Megapack_v1,Unreal package (class unverified),format/extension only,added/custom content
Content/sA_Megapack_v1/sA_ShootingVfxPack/Meshes/SM_Sniper_Riffle.uasset,.uasset,113413,sA_Megapack_v1,Unreal package (class unverified),format/extension only,added/custom content
Content/sA_Megapack_v1/sA_ShootingVfxPack/Meshes/SM_Tail_1.uasset,.uasset,81540,sA_Megapack_v1,Unreal package (class unverified),format/extension only,added/custom content
Content/sA_Megapack_v1/sA_SkillSet_1/Blueprints/BP_Projectile_1_Small.uasset,.uasset,134079,sA_Megapack_v1,Unreal package (class unverified),format/extension only,added/custom content
Content/sA_Megapack_v1/sA_SkillSet_1/Blueprints/BP_Projectile_2.uasset,.uasset,133975,sA_Megapack_v1,Unreal package (class unverified),format/extension only,added/custom content
Content/sA_Megapack_v1/sA_SkillSet_1/Blueprints/BP_Projectile_Spawner.uasset,.uasset,211336,sA_Megapack_v1,Unreal package (class unverified),format/extension only,added/custom content
Content/sA_Megapack_v1/sA_SkillSet_1/Blueprints/BP_RAY_Spawner.uasset,.uasset,208866,sA_Megapack_v1,Unreal package (class unverified),format/extension only,added/custom content
Content/sA_Megapack_v1/sA_SkillSet_1/Fx/NiagaraEmitters/Ne_Aura.uasset,.uasset,87023,sA_Megapack_v1,Unreal package (class unverified),format/extension only,added/custom content
Content/sA_Megapack_v1/sA_SkillSet_1/Fx/NiagaraEmitters/Ne_Boulder.uasset,.uasset,76281,sA_Megapack_v1,Unreal package (class unverified),format/extension only,added/custom content
Content/sA_Megapack_v1/sA_SkillSet_1/Fx/NiagaraEmitters/Ne_Boulder_Cycle.uasset,.uasset,77244,sA_Megapack_v1,Unreal package (class unverified),format/extension only,added/custom content
Content/sA_Megapack_v1/sA_SkillSet_1/Fx/NiagaraEmitters/Ne_Boulder_Orbital.uasset,.uasset,76888,sA_Megapack_v1,Unreal package (class unverified),format/extension only,added/custom content
Content/sA_Megapack_v1/sA_SkillSet_1/Fx/NiagaraEmitters/NE_BoulderBurst.uasset,.uasset,133987,sA_Megapack_v1,Unreal package (class unverified),format/extension only,added/custom content
Content/sA_Megapack_v1/sA_SkillSet_1/Fx/NiagaraEmitters/NE_Flash.uasset,.uasset,98065,sA_Megapack_v1,Unreal package (class unverified),format/extension only,added/custom content
Content/sA_Megapack_v1/sA_SkillSet_1/Fx/NiagaraEmitters/NE_Omniburst.uasset,.uasset,139570,sA_Megapack_v1,Unreal package (class unverified),format/extension only,added/custom content
Content/sA_Megapack_v1/sA_SkillSet_1/Fx/NiagaraEmitters/NE_Ray1.uasset,.uasset,85363,sA_Megapack_v1,Unreal package (class unverified),format/extension only,added/custom content
Content/sA_Megapack_v1/sA_SkillSet_1/Fx/NiagaraEmitters/NE_Smoke_01.uasset,.uasset,139043,sA_Megapack_v1,Unreal package (class unverified),format/extension only,added/custom content
Content/sA_Megapack_v1/sA_SkillSet_1/Fx/NiagaraEmitters/NE_sphere.uasset,.uasset,74542,sA_Megapack_v1,Unreal package (class unverified),format/extension only,added/custom content
Content/sA_Megapack_v1/sA_SkillSet_1/Fx/NiagaraEmitters/NE_Thorn.uasset,.uasset,82801,sA_Megapack_v1,Unreal package (class unverified),format/extension only,added/custom content
Content/sA_Megapack_v1/sA_SkillSet_1/Fx/NiagaraEmitters/NE_Trail.uasset,.uasset,120262,sA_Megapack_v1,Unreal package (class unverified),format/extension only,added/custom content
Content/sA_Megapack_v1/sA_SkillSet_1/Fx/NiagaraSystems/NS_Aoe.uasset,.uasset,1648861,sA_Megapack_v1,Unreal package (class unverified),format/extension only,added/custom content
Content/sA_Megapack_v1/sA_SkillSet_1/Fx/NiagaraSystems/NS_Cast.uasset,.uasset,1103445,sA_Megapack_v1,Unreal package (class unverified),format/extension only,added/custom content
Content/sA_Megapack_v1/sA_SkillSet_1/Fx/NiagaraSystems/NS_Energy.uasset,.uasset,1451814,sA_Megapack_v1,Unreal package (class unverified),format/extension only,added/custom content
Content/sA_Megapack_v1/sA_SkillSet_1/Fx/NiagaraSystems/NS_Hit_Ray.uasset,.uasset,1315049,sA_Megapack_v1,Unreal package (class unverified),format/extension only,added/custom content
Content/sA_Megapack_v1/sA_SkillSet_1/Fx/NiagaraSystems/NS_Projectile.uasset,.uasset,705492,sA_Megapack_v1,Unreal package (class unverified),format/extension only,added/custom content
Content/sA_Megapack_v1/sA_SkillSet_1/Fx/NiagaraSystems/NS_Projectile_Hit.uasset,.uasset,1339492,sA_Megapack_v1,Unreal package (class unverified),format/extension only,added/custom content
Content/sA_Megapack_v1/sA_SkillSet_1/Fx/NiagaraSystems/NS_Ray.uasset,.uasset,1586247,sA_Megapack_v1,Unreal package (class unverified),format/extension only,added/custom content
Content/sA_Megapack_v1/sA_SkillSet_1/Fx/NiagaraSystems/NS_Thorn_2.uasset,.uasset,1715080,sA_Megapack_v1,Unreal package (class unverified),format/extension only,added/custom content
Content/sA_Megapack_v1/sA_SkillSet_1/Fx/NiagaraSystems/NS_Thorn_3.uasset,.uasset,1504492,sA_Megapack_v1,Unreal package (class unverified),format/extension only,added/custom content
Content/sA_Megapack_v1/sA_SkillSet_1/Fx/NiagaraSystems/NS_Thorn_Projectile.uasset,.uasset,676130,sA_Megapack_v1,Unreal package (class unverified),format/extension only,added/custom content
Content/sA_Megapack_v1/sA_SkillSet_1/Fx/NiagaraSystems/NS_Thorns_1.uasset,.uasset,1654825,sA_Megapack_v1,Unreal package (class unverified),format/extension only,added/custom content
Content/sA_Megapack_v1/sA_SkillSet_1/Materials/M_ABScrollNiagara.uasset,.uasset,90982,sA_Megapack_v1,Unreal package (class unverified),format/extension only,added/custom content
Content/sA_Megapack_v1/sA_SkillSet_1/Materials/M_AdditiveScrollNiagara.uasset,.uasset,86409,sA_Megapack_v1,Unreal package (class unverified),format/extension only,added/custom content
Content/sA_Megapack_v1/sA_SkillSet_1/Materials/M_Master_AoRoughMet.uasset,.uasset,87618,sA_Megapack_v1,Unreal package (class unverified),format/extension only,added/custom content
Content/sA_Megapack_v1/sA_SkillSet_1/Materials/M_Master_RadialBeam.uasset,.uasset,73348,sA_Megapack_v1,Unreal package (class unverified),format/extension only,added/custom content
Content/sA_Megapack_v1/sA_SkillSet_1/Materials/M_Master_Solid_Panner.uasset,.uasset,73684,sA_Megapack_v1,Unreal package (class unverified),format/extension only,added/custom content
Content/sA_Megapack_v1/sA_SkillSet_1/Materials/M_PannerScroll.uasset,.uasset,90545,sA_Megapack_v1,Unreal package (class unverified),format/extension only,added/custom content
Content/sA_Megapack_v1/sA_SkillSet_1/Materials/M_sA_Aura.uasset,.uasset,84254,sA_Megapack_v1,Unreal package (class unverified),format/extension only,added/custom content
Content/sA_Megapack_v1/sA_SkillSet_1/Materials/M_Smoke.uasset,.uasset,74531,sA_Megapack_v1,Unreal package (class unverified),format/extension only,added/custom content
Content/sA_Megapack_v1/sA_SkillSet_1/Materials/MI_Aura_1.uasset,.uasset,75241,sA_Megapack_v1,Unreal package (class unverified),format/extension only,added/custom content
Content/sA_Megapack_v1/sA_SkillSet_1/Materials/MI_Aura_2.uasset,.uasset,75770,sA_Megapack_v1,Unreal package (class unverified),format/extension only,added/custom content
Content/sA_Megapack_v1/sA_SkillSet_1/Materials/MI_Aura_3.uasset,.uasset,75212,sA_Megapack_v1,Unreal package (class unverified),format/extension only,added/custom content
Content/sA_Megapack_v1/sA_SkillSet_1/Materials/MI_Boulder.uasset,.uasset,83062,sA_Megapack_v1,Unreal package (class unverified),format/extension only,added/custom content
Content/sA_Megapack_v1/sA_SkillSet_1/Materials/MI_Enegy_4.uasset,.uasset,75943,sA_Megapack_v1,Unreal package (class unverified),format/extension only,added/custom content
Content/sA_Megapack_v1/sA_SkillSet_1/Materials/MI_Energy_4_Dark.uasset,.uasset,81815,sA_Megapack_v1,Unreal package (class unverified),format/extension only,added/custom content
Content/sA_Megapack_v1/sA_SkillSet_1/Materials/MI_Flash_1.uasset,.uasset,66128,sA_Megapack_v1,Unreal package (class unverified),format/extension only,added/custom content
Content/sA_Megapack_v1/sA_SkillSet_1/Materials/MI_PannerScroll.uasset,.uasset,72911,sA_Megapack_v1,Unreal package (class unverified),format/extension only,added/custom content
Content/sA_Megapack_v1/sA_SkillSet_1/Materials/MI_SolidPanner.uasset,.uasset,75895,sA_Megapack_v1,Unreal package (class unverified),format/extension only,added/custom content
Content/sA_Megapack_v1/sA_SkillSet_1/Materials/MI_SolidPanner_2.uasset,.uasset,77435,sA_Megapack_v1,Unreal package (class unverified),format/extension only,added/custom content
Content/sA_Megapack_v1/sA_SkillSet_1/Materials/MI_Thorn_1.uasset,.uasset,81056,sA_Megapack_v1,Unreal package (class unverified),format/extension only,added/custom content
Content/sA_Megapack_v1/sA_SkillSet_1/Materials/MI_Thorn_3.uasset,.uasset,83671,sA_Megapack_v1,Unreal package (class unverified),format/extension only,added/custom content
Content/sA_Megapack_v1/sA_SkillSet_1/Materials/MI_Thorn_4.uasset,.uasset,86667,sA_Megapack_v1,Unreal package (class unverified),format/extension only,added/custom content
Content/sA_Megapack_v1/sA_SkillSet_1/Materials/Textures/Noise00.uasset,.uasset,266562,sA_Megapack_v1,Unreal package (class unverified),format/extension only,added/custom content
Content/sA_Megapack_v1/sA_SkillSet_1/Materials/Textures/Noise000.uasset,.uasset,318254,sA_Megapack_v1,Unreal package (class unverified),format/extension only,added/custom content
Content/sA_Megapack_v1/sA_SkillSet_1/Materials/Textures/Noise01.uasset,.uasset,48299,sA_Megapack_v1,Unreal package (class unverified),format/extension only,added/custom content
Content/sA_Megapack_v1/sA_SkillSet_1/Materials/Textures/Noise02.uasset,.uasset,435132,sA_Megapack_v1,Unreal package (class unverified),format/extension only,added/custom content
Content/sA_Megapack_v1/sA_SkillSet_1/Materials/Textures/Noise04.uasset,.uasset,124986,sA_Megapack_v1,Unreal package (class unverified),format/extension only,added/custom content
Content/sA_Megapack_v1/sA_SkillSet_1/Materials/Textures/Noise06.uasset,.uasset,3818503,sA_Megapack_v1,Unreal package (class unverified),format/extension only,added/custom content
Content/sA_Megapack_v1/sA_SkillSet_1/Materials/Textures/Noise07.uasset,.uasset,181924,sA_Megapack_v1,Unreal package (class unverified),format/extension only,added/custom content
Content/sA_Megapack_v1/sA_SkillSet_1/Materials/Textures/Noise08.uasset,.uasset,324920,sA_Megapack_v1,Unreal package (class unverified),format/extension only,added/custom content
Content/sA_Megapack_v1/sA_SkillSet_1/Materials/Textures/Noise09.uasset,.uasset,417781,sA_Megapack_v1,Unreal package (class unverified),format/extension only,added/custom content
Content/sA_Megapack_v1/sA_SkillSet_1/Materials/Textures/Noise10.uasset,.uasset,1468071,sA_Megapack_v1,Unreal package (class unverified),format/extension only,added/custom content
Content/sA_Megapack_v1/sA_SkillSet_1/Materials/Textures/Noise11.uasset,.uasset,145925,sA_Megapack_v1,Unreal package (class unverified),format/extension only,added/custom content
Content/sA_Megapack_v1/sA_SkillSet_1/Materials/Textures/Noise12.uasset,.uasset,45629,sA_Megapack_v1,Unreal package (class unverified),format/extension only,added/custom content
Content/sA_Megapack_v1/sA_SkillSet_1/Materials/Textures/T_Aoe_1_BaseColor.uasset,.uasset,2174080,sA_Megapack_v1,Unreal package (class unverified),format/extension only,added/custom content
Content/sA_Megapack_v1/sA_SkillSet_1/Materials/Textures/T_Aoe_1_Normal.uasset,.uasset,2959518,sA_Megapack_v1,Unreal package (class unverified),format/extension only,added/custom content
Content/sA_Megapack_v1/sA_SkillSet_1/Materials/Textures/T_Aoe_1_OcclusionRoughnessMetallic.uasset,.uasset,1375413,sA_Megapack_v1,Unreal package (class unverified),format/extension only,added/custom content
Content/sA_Megapack_v1/sA_SkillSet_1/Materials/Textures/T_Beam_01.uasset,.uasset,511283,sA_Megapack_v1,Unreal package (class unverified),format/extension only,added/custom content
Content/sA_Megapack_v1/sA_SkillSet_1/Materials/Textures/T_Boulder_1_BaseColor.uasset,.uasset,827254,sA_Megapack_v1,Unreal package (class unverified),format/extension only,added/custom content
Content/sA_Megapack_v1/sA_SkillSet_1/Materials/Textures/T_Boulder_1_Emissive.uasset,.uasset,2382413,sA_Megapack_v1,Unreal package (class unverified),format/extension only,added/custom content
Content/sA_Megapack_v1/sA_SkillSet_1/Materials/Textures/T_Boulder_1_Normal.uasset,.uasset,2384533,sA_Megapack_v1,Unreal package (class unverified),format/extension only,added/custom content
Content/sA_Megapack_v1/sA_SkillSet_1/Materials/Textures/T_Boulder_1_OcclusionRoughnessMetallic.uasset,.uasset,484298,sA_Megapack_v1,Unreal package (class unverified),format/extension only,added/custom content
Content/sA_Megapack_v1/sA_SkillSet_1/Materials/Textures/T_Noise00.uasset,.uasset,314691,sA_Megapack_v1,Unreal package (class unverified),format/extension only,added/custom content
Content/sA_Megapack_v1/sA_SkillSet_1/Materials/Textures/T_Noise000.uasset,.uasset,378070,sA_Megapack_v1,Unreal package (class unverified),format/extension only,added/custom content
Content/sA_Megapack_v1/sA_SkillSet_1/Materials/Textures/T_Noise01.uasset,.uasset,400518,sA_Megapack_v1,Unreal package (class unverified),format/extension only,added/custom content
Content/sA_Megapack_v1/sA_SkillSet_1/Materials/Textures/T_Noise02.uasset,.uasset,387955,sA_Megapack_v1,Unreal package (class unverified),format/extension only,added/custom content
Content/sA_Megapack_v1/sA_SkillSet_1/Materials/Textures/T_Noise03.uasset,.uasset,750584,sA_Megapack_v1,Unreal package (class unverified),format/extension only,added/custom content
Content/sA_Megapack_v1/sA_SkillSet_1/Materials/Textures/T_Noise04.uasset,.uasset,348871,sA_Megapack_v1,Unreal package (class unverified),format/extension only,added/custom content
Content/sA_Megapack_v1/sA_SkillSet_1/Materials/Textures/T_Noise06.uasset,.uasset,815655,sA_Megapack_v1,Unreal package (class unverified),format/extension only,added/custom content
Content/sA_Megapack_v1/sA_SkillSet_1/Materials/Textures/T_Noise07.uasset,.uasset,601723,sA_Megapack_v1,Unreal package (class unverified),format/extension only,added/custom content
Content/sA_Megapack_v1/sA_SkillSet_1/Materials/Textures/T_Noise08.uasset,.uasset,415321,sA_Megapack_v1,Unreal package (class unverified),format/extension only,added/custom content
Content/sA_Megapack_v1/sA_SkillSet_1/Materials/Textures/T_Noise09.uasset,.uasset,484353,sA_Megapack_v1,Unreal package (class unverified),format/extension only,added/custom content
Content/sA_Megapack_v1/sA_SkillSet_1/Materials/Textures/T_Noise10.uasset,.uasset,462077,sA_Megapack_v1,Unreal package (class unverified),format/extension only,added/custom content
Content/sA_Megapack_v1/sA_SkillSet_1/Materials/Textures/T_Noise11.uasset,.uasset,392586,sA_Megapack_v1,Unreal package (class unverified),format/extension only,added/custom content
Content/sA_Megapack_v1/sA_SkillSet_1/Materials/Textures/T_Noise12.uasset,.uasset,373640,sA_Megapack_v1,Unreal package (class unverified),format/extension only,added/custom content
Content/sA_Megapack_v1/sA_SkillSet_1/Materials/Textures/T_Ray_5.uasset,.uasset,5145145,sA_Megapack_v1,Unreal package (class unverified),format/extension only,added/custom content
Content/sA_Megapack_v1/sA_SkillSet_1/Materials/Textures/T_Smoke_SubUV.uasset,.uasset,1331667,sA_Megapack_v1,Unreal package (class unverified),format/extension only,added/custom content
Content/sA_Megapack_v1/sA_SkillSet_1/Materials/Textures/T_Snow_Flake.uasset,.uasset,361989,sA_Megapack_v1,Unreal package (class unverified),format/extension only,added/custom content
Content/sA_Megapack_v1/sA_SkillSet_1/Materials/Textures/T_Thorn_1_BaseColor.uasset,.uasset,720491,sA_Megapack_v1,Unreal package (class unverified),format/extension only,added/custom content
Content/sA_Megapack_v1/sA_SkillSet_1/Materials/Textures/T_Thorn_1_Emissive.uasset,.uasset,2546370,sA_Megapack_v1,Unreal package (class unverified),format/extension only,added/custom content
Content/sA_Megapack_v1/sA_SkillSet_1/Materials/Textures/T_Thorn_1_Normal.uasset,.uasset,2162654,sA_Megapack_v1,Unreal package (class unverified),format/extension only,added/custom content
Content/sA_Megapack_v1/sA_SkillSet_1/Materials/Textures/T_Thorn_1_OcclusionRoughnessMetallic.uasset,.uasset,396646,sA_Megapack_v1,Unreal package (class unverified),format/extension only,added/custom content
Content/sA_Megapack_v1/sA_SkillSet_1/Materials/Textures/T_Thorn_3_BaseColor.uasset,.uasset,896976,sA_Megapack_v1,Unreal package (class unverified),format/extension only,added/custom content
Content/sA_Megapack_v1/sA_SkillSet_1/Materials/Textures/T_Thorn_3_Normal.uasset,.uasset,2323996,sA_Megapack_v1,Unreal package (class unverified),format/extension only,added/custom content
Content/sA_Megapack_v1/sA_SkillSet_1/Materials/Textures/T_Thorn_3_OcclusionRoughnessMetallic.uasset,.uasset,495500,sA_Megapack_v1,Unreal package (class unverified),format/extension only,added/custom content
Content/sA_Megapack_v1/sA_SkillSet_1/Models/Sm_Aoe_1.uasset,.uasset,115555,sA_Megapack_v1,Unreal package (class unverified),format/extension only,added/custom content
Content/sA_Megapack_v1/sA_SkillSet_1/Models/Sm_Boulder_1.uasset,.uasset,200268,sA_Megapack_v1,Unreal package (class unverified),format/extension only,added/custom content
Content/sA_Megapack_v1/sA_SkillSet_1/Models/Sm_Boulder_2.uasset,.uasset,198901,sA_Megapack_v1,Unreal package (class unverified),format/extension only,added/custom content
Content/sA_Megapack_v1/sA_SkillSet_1/Models/Sm_Boulder_Cycle.uasset,.uasset,500780,sA_Megapack_v1,Unreal package (class unverified),format/extension only,added/custom content
Content/sA_Megapack_v1/sA_SkillSet_1/Models/SM_Hemi_Sphere.uasset,.uasset,113339,sA_Megapack_v1,Unreal package (class unverified),format/extension only,added/custom content
Content/sA_Megapack_v1/sA_SkillSet_1/Models/SM_RayTube_1.uasset,.uasset,221179,sA_Megapack_v1,Unreal package (class unverified),format/extension only,added/custom content
Content/sA_Megapack_v1/sA_SkillSet_1/Models/SM_RayTube_2.uasset,.uasset,236666,sA_Megapack_v1,Unreal package (class unverified),format/extension only,added/custom content
Content/sA_Megapack_v1/sA_SkillSet_1/Models/Sm_Ring_1.uasset,.uasset,98561,sA_Megapack_v1,Unreal package (class unverified),format/extension only,added/custom content
Content/sA_Megapack_v1/sA_SkillSet_1/Models/Sm_Ring_2.uasset,.uasset,87269,sA_Megapack_v1,Unreal package (class unverified),format/extension only,added/custom content
Content/sA_Megapack_v1/sA_SkillSet_1/Models/Sm_Thorn_1.uasset,.uasset,103680,sA_Megapack_v1,Unreal package (class unverified),format/extension only,added/custom content
Content/sA_Megapack_v1/sA_SkillSet_1/Models/Sm_Thorn_2.uasset,.uasset,104220,sA_Megapack_v1,Unreal package (class unverified),format/extension only,added/custom content
Content/sA_Megapack_v1/sA_SkillSet_1/Models/Sm_Thorn_3.uasset,.uasset,97255,sA_Megapack_v1,Unreal package (class unverified),format/extension only,added/custom content
Content/sA_Megapack_v1/sA_SkillSet_1/Models/Sm_Thorn_4.uasset,.uasset,104822,sA_Megapack_v1,Unreal package (class unverified),format/extension only,added/custom content
Content/sA_Megapack_v1/sA_SkillSet_1/Models/Sm_Thorns_Group.uasset,.uasset,130882,sA_Megapack_v1,Unreal package (class unverified),format/extension only,added/custom content
Content/sA_Megapack_v1/sA_SkillSet_1/Models/SM_UV_Sphere.uasset,.uasset,130359,sA_Megapack_v1,Unreal package (class unverified),format/extension only,added/custom content
Content/sA_Megapack_v1/sA_StylizedAttacksPack/BluePrints/BP_Basic_Movement.uasset,.uasset,77985,sA_Megapack_v1,Unreal package (class unverified),format/extension only,added/custom content
Content/sA_Megapack_v1/sA_StylizedAttacksPack/BluePrints/BP_Greande_Throw.uasset,.uasset,191550,sA_Megapack_v1,Unreal package (class unverified),format/extension only,added/custom content
Content/sA_Megapack_v1/sA_StylizedAttacksPack/BluePrints/BP_Impact_3.uasset,.uasset,33038,sA_Megapack_v1,Unreal package (class unverified),format/extension only,added/custom content
Content/sA_Megapack_v1/sA_StylizedAttacksPack/BluePrints/BP_Projectile.uasset,.uasset,88955,sA_Megapack_v1,Unreal package (class unverified),format/extension only,added/custom content
Content/sA_Megapack_v1/sA_StylizedAttacksPack/BluePrints/BP_Projectile1.uasset,.uasset,91115,sA_Megapack_v1,Unreal package (class unverified),format/extension only,added/custom content
Content/sA_Megapack_v1/sA_StylizedAttacksPack/BluePrints/BP_RAY_Spawner.uasset,.uasset,113896,sA_Megapack_v1,Unreal package (class unverified),format/extension only,added/custom content
Content/sA_Megapack_v1/sA_StylizedAttacksPack/BluePrints/GM_TestGamemode.uasset,.uasset,20895,sA_Megapack_v1,Unreal package (class unverified),format/extension only,added/custom content
Content/sA_Megapack_v1/sA_StylizedAttacksPack/FX/NiagaraEmitters/NE_Basic_Flash.uasset,.uasset,71424,sA_Megapack_v1,Unreal package (class unverified),format/extension only,added/custom content
Content/sA_Megapack_v1/sA_StylizedAttacksPack/FX/NiagaraEmitters/NE_Basic_Mesh.uasset,.uasset,73862,sA_Megapack_v1,Unreal package (class unverified),format/extension only,added/custom content
Content/sA_Megapack_v1/sA_StylizedAttacksPack/FX/NiagaraEmitters/NE_Flame_Basic.uasset,.uasset,87333,sA_Megapack_v1,Unreal package (class unverified),format/extension only,added/custom content
Content/sA_Megapack_v1/sA_StylizedAttacksPack/FX/NiagaraEmitters/NE_Flame_Basic_001.uasset,.uasset,91403,sA_Megapack_v1,Unreal package (class unverified),format/extension only,added/custom content
Content/sA_Megapack_v1/sA_StylizedAttacksPack/FX/NiagaraEmitters/NE_MeshBurst.uasset,.uasset,140037,sA_Megapack_v1,Unreal package (class unverified),format/extension only,added/custom content
Content/sA_Megapack_v1/sA_StylizedAttacksPack/FX/NiagaraEmitters/NE_Plane.uasset,.uasset,77851,sA_Megapack_v1,Unreal package (class unverified),format/extension only,added/custom content
Content/sA_Megapack_v1/sA_StylizedAttacksPack/FX/NiagaraEmitters/NE_Ribbon.uasset,.uasset,73310,sA_Megapack_v1,Unreal package (class unverified),format/extension only,added/custom content
Content/sA_Megapack_v1/sA_StylizedAttacksPack/FX/NiagaraEmitters/NE_SimpleBurst.uasset,.uasset,139448,sA_Megapack_v1,Unreal package (class unverified),format/extension only,added/custom content
Content/sA_Megapack_v1/sA_StylizedAttacksPack/FX/NiagaraEmitters/NE_Smoke_04.uasset,.uasset,139076,sA_Megapack_v1,Unreal package (class unverified),format/extension only,added/custom content
Content/sA_Megapack_v1/sA_StylizedAttacksPack/FX/NiagaraEmitters/NE_Smoke_Basic.uasset,.uasset,87333,sA_Megapack_v1,Unreal package (class unverified),format/extension only,added/custom content
Content/sA_Megapack_v1/sA_StylizedAttacksPack/FX/NiagaraEmitters/NE_Smoke_Basic_001.uasset,.uasset,81464,sA_Megapack_v1,Unreal package (class unverified),format/extension only,added/custom content
Content/sA_Megapack_v1/sA_StylizedAttacksPack/FX/NiagaraSystems/NS_AOE_Attack_1.uasset,.uasset,1132352,sA_Megapack_v1,Unreal package (class unverified),format/extension only,added/custom content
Content/sA_Megapack_v1/sA_StylizedAttacksPack/FX/NiagaraSystems/NS_AOE_Attack_1_InfMode.uasset,.uasset,1087815,sA_Megapack_v1,Unreal package (class unverified),format/extension only,added/custom content
Content/sA_Megapack_v1/sA_StylizedAttacksPack/FX/NiagaraSystems/NS_AOE_Attack_2.uasset,.uasset,1166817,sA_Megapack_v1,Unreal package (class unverified),format/extension only,added/custom content
Content/sA_Megapack_v1/sA_StylizedAttacksPack/FX/NiagaraSystems/NS_AOE_Attack_2_WallMode.uasset,.uasset,1144184,sA_Megapack_v1,Unreal package (class unverified),format/extension only,added/custom content
Content/sA_Megapack_v1/sA_StylizedAttacksPack/FX/NiagaraSystems/NS_AOE_ATTACK_3.uasset,.uasset,1887847,sA_Megapack_v1,Unreal package (class unverified),format/extension only,added/custom content
Content/sA_Megapack_v1/sA_StylizedAttacksPack/FX/NiagaraSystems/NS_AOE_Explosion_1.uasset,.uasset,3163294,sA_Megapack_v1,Unreal package (class unverified),format/extension only,added/custom content
Content/sA_Megapack_v1/sA_StylizedAttacksPack/FX/NiagaraSystems/NS_AOE_Meteor_1.uasset,.uasset,3199332,sA_Megapack_v1,Unreal package (class unverified),format/extension only,added/custom content
Content/sA_Megapack_v1/sA_StylizedAttacksPack/FX/NiagaraSystems/NS_ArrowAttack.uasset,.uasset,670356,sA_Megapack_v1,Unreal package (class unverified),format/extension only,added/custom content
Content/sA_Megapack_v1/sA_StylizedAttacksPack/FX/NiagaraSystems/NS_Aura.uasset,.uasset,1117053,sA_Megapack_v1,Unreal package (class unverified),format/extension only,added/custom content
Content/sA_Megapack_v1/sA_StylizedAttacksPack/FX/NiagaraSystems/NS_BasicHit.uasset,.uasset,1121086,sA_Megapack_v1,Unreal package (class unverified),format/extension only,added/custom content
Content/sA_Megapack_v1/sA_StylizedAttacksPack/FX/NiagaraSystems/NS_BasicHit_2.uasset,.uasset,1244540,sA_Megapack_v1,Unreal package (class unverified),format/extension only,added/custom content
Content/sA_Megapack_v1/sA_StylizedAttacksPack/FX/NiagaraSystems/NS_Flame_Single.uasset,.uasset,668174,sA_Megapack_v1,Unreal package (class unverified),format/extension only,added/custom content
Content/sA_Megapack_v1/sA_StylizedAttacksPack/FX/NiagaraSystems/NS_Flame_Trail.uasset,.uasset,725160,sA_Megapack_v1,Unreal package (class unverified),format/extension only,added/custom content
Content/sA_Megapack_v1/sA_StylizedAttacksPack/FX/NiagaraSystems/NS_RibbonTrail.uasset,.uasset,261367,sA_Megapack_v1,Unreal package (class unverified),format/extension only,added/custom content
Content/sA_Megapack_v1/sA_StylizedAttacksPack/Materials/M_AdditiveScrollNiagara1.uasset,.uasset,88143,sA_Megapack_v1,Unreal package (class unverified),format/extension only,added/custom content
Content/sA_Megapack_v1/sA_StylizedAttacksPack/Materials/M_Basic_Hit.uasset,.uasset,74032,sA_Megapack_v1,Unreal package (class unverified),format/extension only,added/custom content
Content/sA_Megapack_v1/sA_StylizedAttacksPack/Materials/M_Basic_Particle_2.uasset,.uasset,72471,sA_Megapack_v1,Unreal package (class unverified),format/extension only,added/custom content
Content/sA_Megapack_v1/sA_StylizedAttacksPack/Materials/M_Fres_Trans.uasset,.uasset,79294,sA_Megapack_v1,Unreal package (class unverified),format/extension only,added/custom content
Content/sA_Megapack_v1/sA_StylizedAttacksPack/Materials/M_Gradient_Vert.uasset,.uasset,81886,sA_Megapack_v1,Unreal package (class unverified),format/extension only,added/custom content
Content/sA_Megapack_v1/sA_StylizedAttacksPack/Materials/M_Gradient_Vert2.uasset,.uasset,69062,sA_Megapack_v1,Unreal package (class unverified),format/extension only,added/custom content
Content/sA_Megapack_v1/sA_StylizedAttacksPack/Materials/M_Gradient_Vert_Masked.uasset,.uasset,76678,sA_Megapack_v1,Unreal package (class unverified),format/extension only,added/custom content
Content/sA_Megapack_v1/sA_StylizedAttacksPack/Materials/M_Ground.uasset,.uasset,84651,sA_Megapack_v1,Unreal package (class unverified),format/extension only,added/custom content
Content/sA_Megapack_v1/sA_StylizedAttacksPack/Materials/M_Ground_Crack.uasset,.uasset,75919,sA_Megapack_v1,Unreal package (class unverified),format/extension only,added/custom content
Content/sA_Megapack_v1/sA_StylizedAttacksPack/Materials/M_Ground_Crack_Masked.uasset,.uasset,79529,sA_Megapack_v1,Unreal package (class unverified),format/extension only,added/custom content
Content/sA_Megapack_v1/sA_StylizedAttacksPack/Materials/M_Master_RadialBeam.uasset,.uasset,73417,sA_Megapack_v1,Unreal package (class unverified),format/extension only,added/custom content
Content/sA_Megapack_v1/sA_StylizedAttacksPack/Materials/M_Meteor.uasset,.uasset,96574,sA_Megapack_v1,Unreal package (class unverified),format/extension only,added/custom content
Content/sA_Megapack_v1/sA_StylizedAttacksPack/Materials/M_RadialGradient_1.uasset,.uasset,75296,sA_Megapack_v1,Unreal package (class unverified),format/extension only,added/custom content
Content/sA_Megapack_v1/sA_StylizedAttacksPack/Materials/M_Ribbon.uasset,.uasset,72083,sA_Megapack_v1,Unreal package (class unverified),format/extension only,added/custom content
Content/sA_Megapack_v1/sA_StylizedAttacksPack/Materials/M_Smoke.uasset,.uasset,76144,sA_Megapack_v1,Unreal package (class unverified),format/extension only,added/custom content
Content/sA_Megapack_v1/sA_StylizedAttacksPack/Materials/M_Smoke_01.uasset,.uasset,74454,sA_Megapack_v1,Unreal package (class unverified),format/extension only,added/custom content
Content/sA_Megapack_v1/sA_StylizedAttacksPack/Materials/MI_Fireball.uasset,.uasset,71669,sA_Megapack_v1,Unreal package (class unverified),format/extension only,added/custom content
Content/sA_Megapack_v1/sA_StylizedAttacksPack/Materials/MI_Flame_1.uasset,.uasset,70479,sA_Megapack_v1,Unreal package (class unverified),format/extension only,added/custom content
Content/sA_Megapack_v1/sA_StylizedAttacksPack/Materials/MI_Flame_2.uasset,.uasset,72396,sA_Megapack_v1,Unreal package (class unverified),format/extension only,added/custom content
Content/sA_Megapack_v1/sA_StylizedAttacksPack/Materials/MI_FlameAura_1.uasset,.uasset,74454,sA_Megapack_v1,Unreal package (class unverified),format/extension only,added/custom content
Content/sA_Megapack_v1/sA_StylizedAttacksPack/Materials/MI_Fres_Trans.uasset,.uasset,68337,sA_Megapack_v1,Unreal package (class unverified),format/extension only,added/custom content
Content/sA_Megapack_v1/sA_StylizedAttacksPack/Materials/MI_Gradient_Vert.uasset,.uasset,67040,sA_Megapack_v1,Unreal package (class unverified),format/extension only,added/custom content
Content/sA_Megapack_v1/sA_StylizedAttacksPack/Materials/MI_Ground_Crack_2.uasset,.uasset,71558,sA_Megapack_v1,Unreal package (class unverified),format/extension only,added/custom content
Content/sA_Megapack_v1/sA_StylizedAttacksPack/Materials/MI_Ground_Showscene.uasset,.uasset,87533,sA_Megapack_v1,Unreal package (class unverified),format/extension only,added/custom content
Content/sA_Megapack_v1/sA_StylizedAttacksPack/Materials/MI_Hit_1.uasset,.uasset,72566,sA_Megapack_v1,Unreal package (class unverified),format/extension only,added/custom content
Content/sA_Megapack_v1/sA_StylizedAttacksPack/Materials/MI_Hit_2.uasset,.uasset,73533,sA_Megapack_v1,Unreal package (class unverified),format/extension only,added/custom content
Content/sA_Megapack_v1/sA_StylizedAttacksPack/Materials/MI_Radial_2.uasset,.uasset,66116,sA_Megapack_v1,Unreal package (class unverified),format/extension only,added/custom content
Content/sA_Megapack_v1/sA_StylizedAttacksPack/Materials/MI_Smoke_1.uasset,.uasset,71842,sA_Megapack_v1,Unreal package (class unverified),format/extension only,added/custom content
Content/sA_Megapack_v1/sA_StylizedAttacksPack/Materials/Textures/T_Circle_1.uasset,.uasset,267871,sA_Megapack_v1,Unreal package (class unverified),format/extension only,added/custom content
Content/sA_Megapack_v1/sA_StylizedAttacksPack/Materials/Textures/T_FireBall.uasset,.uasset,645067,sA_Megapack_v1,Unreal package (class unverified),format/extension only,added/custom content
Content/sA_Megapack_v1/sA_StylizedAttacksPack/Materials/Textures/T_Flame_Aura_1.uasset,.uasset,2344488,sA_Megapack_v1,Unreal package (class unverified),format/extension only,added/custom content
Content/sA_Megapack_v1/sA_StylizedAttacksPack/Materials/Textures/T_FlameUV_1.uasset,.uasset,635421,sA_Megapack_v1,Unreal package (class unverified),format/extension only,added/custom content
Content/sA_Megapack_v1/sA_StylizedAttacksPack/Materials/Textures/T_FlameUV_2.uasset,.uasset,533071,sA_Megapack_v1,Unreal package (class unverified),format/extension only,added/custom content
Content/sA_Megapack_v1/sA_StylizedAttacksPack/Materials/Textures/T_Gradient_1.uasset,.uasset,834853,sA_Megapack_v1,Unreal package (class unverified),format/extension only,added/custom content
Content/sA_Megapack_v1/sA_StylizedAttacksPack/Materials/Textures/T_Gradient_Vertical.uasset,.uasset,15792,sA_Megapack_v1,Unreal package (class unverified),format/extension only,added/custom content
Content/sA_Megapack_v1/sA_StylizedAttacksPack/Materials/Textures/T_Ground_Crack.uasset,.uasset,375075,sA_Megapack_v1,Unreal package (class unverified),format/extension only,added/custom content
Content/sA_Megapack_v1/sA_StylizedAttacksPack/Materials/Textures/T_Ground_Crack_2.uasset,.uasset,742022,sA_Megapack_v1,Unreal package (class unverified),format/extension only,added/custom content
Content/sA_Megapack_v1/sA_StylizedAttacksPack/Materials/Textures/T_Ground_Crack_3.uasset,.uasset,268700,sA_Megapack_v1,Unreal package (class unverified),format/extension only,added/custom content
Content/sA_Megapack_v1/sA_StylizedAttacksPack/Materials/Textures/T_Hit_1.uasset,.uasset,172554,sA_Megapack_v1,Unreal package (class unverified),format/extension only,added/custom content
Content/sA_Megapack_v1/sA_StylizedAttacksPack/Materials/Textures/T_Hit_2.uasset,.uasset,229826,sA_Megapack_v1,Unreal package (class unverified),format/extension only,added/custom content
Content/sA_Megapack_v1/sA_StylizedAttacksPack/Materials/Textures/T_Hit_Circle.uasset,.uasset,192041,sA_Megapack_v1,Unreal package (class unverified),format/extension only,added/custom content
Content/sA_Megapack_v1/sA_StylizedAttacksPack/Materials/Textures/T_Meteor_Ao.uasset,.uasset,690622,sA_Megapack_v1,Unreal package (class unverified),format/extension only,added/custom content
Content/sA_Megapack_v1/sA_StylizedAttacksPack/Materials/Textures/T_Meteor_basecolor.uasset,.uasset,1214862,sA_Megapack_v1,Unreal package (class unverified),format/extension only,added/custom content
Content/sA_Megapack_v1/sA_StylizedAttacksPack/Materials/Textures/T_Meteor_normal.uasset,.uasset,13307215,sA_Megapack_v1,Unreal package (class unverified),format/extension only,added/custom content
Content/sA_Megapack_v1/sA_StylizedAttacksPack/Materials/Textures/T_Noise10.uasset,.uasset,1154712,sA_Megapack_v1,Unreal package (class unverified),format/extension only,added/custom content
Content/sA_Megapack_v1/sA_StylizedAttacksPack/Materials/Textures/T_Radial_1.uasset,.uasset,51341,sA_Megapack_v1,Unreal package (class unverified),format/extension only,added/custom content
Content/sA_Megapack_v1/sA_StylizedAttacksPack/Materials/Textures/T_Smoke_1.uasset,.uasset,527011,sA_Megapack_v1,Unreal package (class unverified),format/extension only,added/custom content
Content/sA_Megapack_v1/sA_StylizedAttacksPack/Materials/Textures/T_Smoke_SubUV.uasset,.uasset,1331685,sA_Megapack_v1,Unreal package (class unverified),format/extension only,added/custom content
Content/sA_Megapack_v1/sA_StylizedAttacksPack/Models/SM_Arrow.uasset,.uasset,97608,sA_Megapack_v1,Unreal package (class unverified),format/extension only,added/custom content
Content/sA_Megapack_v1/sA_StylizedAttacksPack/Models/SM_Arrow_Back.uasset,.uasset,95532,sA_Megapack_v1,Unreal package (class unverified),format/extension only,added/custom content
Content/sA_Megapack_v1/sA_StylizedAttacksPack/Models/SM_Aura_1.uasset,.uasset,102236,sA_Megapack_v1,Unreal package (class unverified),format/extension only,added/custom content
Content/sA_Megapack_v1/sA_StylizedAttacksPack/Models/SM_Aura_2.uasset,.uasset,99787,sA_Megapack_v1,Unreal package (class unverified),format/extension only,added/custom content
Content/sA_Megapack_v1/sA_StylizedAttacksPack/Models/SM_Aura_3.uasset,.uasset,102860,sA_Megapack_v1,Unreal package (class unverified),format/extension only,added/custom content
Content/sA_Megapack_v1/sA_StylizedAttacksPack/Models/SM_DebrisRock_1.uasset,.uasset,107177,sA_Megapack_v1,Unreal package (class unverified),format/extension only,added/custom content
Content/sA_Megapack_v1/sA_StylizedAttacksPack/Models/SM_DebrisRock_2.uasset,.uasset,98825,sA_Megapack_v1,Unreal package (class unverified),format/extension only,added/custom content
Content/sA_Megapack_v1/sA_StylizedAttacksPack/Models/SM_DebrisRock_3.uasset,.uasset,100858,sA_Megapack_v1,Unreal package (class unverified),format/extension only,added/custom content
Content/sA_Megapack_v1/sA_StylizedAttacksPack/Models/SM_DebrisRock_4.uasset,.uasset,92444,sA_Megapack_v1,Unreal package (class unverified),format/extension only,added/custom content
Content/sA_Megapack_v1/sA_StylizedAttacksPack/Models/SM_Fx_Sphere.uasset,.uasset,133690,sA_Megapack_v1,Unreal package (class unverified),format/extension only,added/custom content
Content/sA_Megapack_v1/sA_StylizedAttacksPack/Models/SM_GroundCrackAura.uasset,.uasset,129629,sA_Megapack_v1,Unreal package (class unverified),format/extension only,added/custom content
Content/sA_Megapack_v1/sA_StylizedAttacksPack/Models/SM_GroundCrackAura2.uasset,.uasset,121137,sA_Megapack_v1,Unreal package (class unverified),format/extension only,added/custom content
Content/sA_Megapack_v1/sA_StylizedAttacksPack/Models/SM_GroundCrackAura3.uasset,.uasset,134811,sA_Megapack_v1,Unreal package (class unverified),format/extension only,added/custom content
Content/sA_Megapack_v1/sA_StylizedAttacksPack/Models/SM_GroundCrackAura3a.uasset,.uasset,133550,sA_Megapack_v1,Unreal package (class unverified),format/extension only,added/custom content
Content/sA_Megapack_v1/sA_StylizedAttacksPack/Models/SM_Hemi_Sphere.uasset,.uasset,155800,sA_Megapack_v1,Unreal package (class unverified),format/extension only,added/custom content
Content/sA_Megapack_v1/sA_StylizedAttacksPack/Models/SM_LongPlane.uasset,.uasset,99507,sA_Megapack_v1,Unreal package (class unverified),format/extension only,added/custom content
Content/sA_Megapack_v1/sA_StylizedAttacksPack/Models/SM_Meteor.uasset,.uasset,436329,sA_Megapack_v1,Unreal package (class unverified),format/extension only,added/custom content
Content/sA_Megapack_v1/sA_StylizedAttacksPack/Models/SM_Meteor_Windy.uasset,.uasset,162670,sA_Megapack_v1,Unreal package (class unverified),format/extension only,added/custom content
Content/sA_Megapack_v1/sA_StylizedAttacksPack/Models/SM_Plane.uasset,.uasset,90107,sA_Megapack_v1,Unreal package (class unverified),format/extension only,added/custom content
Content/sA_Megapack_v1/sA_StylizedAttacksPack/Models/SM_Spiral.uasset,.uasset,147022,sA_Megapack_v1,Unreal package (class unverified),format/extension only,added/custom content
Content/SlashTrailElemental/Blueprint/Basic/BP_Slash_Projectile_Rotate_Basic.uasset,.uasset,39767,SlashTrailElemental,Unreal package (class unverified),format/extension only,added/custom content
Content/SlashTrailElemental/Blueprint/Basic/BP_Slash_Projectile_Start_Basic.uasset,.uasset,74994,SlashTrailElemental,Unreal package (class unverified),format/extension only,added/custom content
Content/SlashTrailElemental/Blueprint/BP_PlayAudio.uasset,.uasset,48654,SlashTrailElemental,Unreal package (class unverified),format/extension only,added/custom content
Content/SlashTrailElemental/Blueprint/BP_Slash_Projectile_Rotate.uasset,.uasset,127082,SlashTrailElemental,Unreal package (class unverified),format/extension only,added/custom content
Content/SlashTrailElemental/Blueprint/CyberPunk/BP_Slash_Projectile_Rotate_CyberPunk.uasset,.uasset,41479,SlashTrailElemental,Unreal package (class unverified),format/extension only,added/custom content
Content/SlashTrailElemental/Blueprint/CyberPunk/BP_Slash_Projectile_Start_Cyberpunk.uasset,.uasset,75103,SlashTrailElemental,Unreal package (class unverified),format/extension only,added/custom content
Content/SlashTrailElemental/Blueprint/Dark/BP_Slash_Projectile_Rotate_Dark.uasset,.uasset,42117,SlashTrailElemental,Unreal package (class unverified),format/extension only,added/custom content
Content/SlashTrailElemental/Blueprint/Dark/BP_Slash_Projectile_Start_Dark.uasset,.uasset,74962,SlashTrailElemental,Unreal package (class unverified),format/extension only,added/custom content
Content/SlashTrailElemental/Blueprint/Distortion/BP_Slash_Projectile_Rotate_Distortion.uasset,.uasset,40169,SlashTrailElemental,Unreal package (class unverified),format/extension only,added/custom content
Content/SlashTrailElemental/Blueprint/Distortion/BP_Slash_Projectile_Start_Distortion.uasset,.uasset,75145,SlashTrailElemental,Unreal package (class unverified),format/extension only,added/custom content
Content/SlashTrailElemental/Blueprint/fire/BP_Slash_Projectile_Start_Fire.uasset,.uasset,74294,SlashTrailElemental,Unreal package (class unverified),format/extension only,added/custom content
Content/SlashTrailElemental/Blueprint/Ice/BP_Slash_Projectile_Rotate_Ice.uasset,.uasset,44430,SlashTrailElemental,Unreal package (class unverified),format/extension only,added/custom content
Content/SlashTrailElemental/Blueprint/Ice/BP_Slash_Projectile_Start_Ice.uasset,.uasset,75899,SlashTrailElemental,Unreal package (class unverified),format/extension only,added/custom content
Content/SlashTrailElemental/Blueprint/Lightning/BP_Slash_Projectile_Rotate_Lightning.uasset,.uasset,42534,SlashTrailElemental,Unreal package (class unverified),format/extension only,added/custom content
Content/SlashTrailElemental/Blueprint/Lightning/BP_Slash_Projectile_Start_Lightning.uasset,.uasset,75118,SlashTrailElemental,Unreal package (class unverified),format/extension only,added/custom content
Content/SlashTrailElemental/Blueprint/LightSaber/BP_Slash_Projectile_Rotate_LightSaber.uasset,.uasset,40594,SlashTrailElemental,Unreal package (class unverified),format/extension only,added/custom content
Content/SlashTrailElemental/Blueprint/LightSaber/BP_Slash_Projectile_Start_LightSaber.uasset,.uasset,75135,SlashTrailElemental,Unreal package (class unverified),format/extension only,added/custom content
Content/SlashTrailElemental/Blueprint/Matrix/BP_Slash_Projectile_Rotate_Matrix.uasset,.uasset,41738,SlashTrailElemental,Unreal package (class unverified),format/extension only,added/custom content
Content/SlashTrailElemental/Blueprint/Matrix/BP_Slash_Projectile_Start_Matrix.uasset,.uasset,75009,SlashTrailElemental,Unreal package (class unverified),format/extension only,added/custom content
Content/SlashTrailElemental/Blueprint/Music/BP_Slash_Projectile_Rotate_Music.uasset,.uasset,42417,SlashTrailElemental,Unreal package (class unverified),format/extension only,added/custom content
Content/SlashTrailElemental/Blueprint/Music/BP_Slash_Projectile_Start_Music.uasset,.uasset,74983,SlashTrailElemental,Unreal package (class unverified),format/extension only,added/custom content
Content/SlashTrailElemental/Blueprint/Mystic/BP_Slash_Projectile_Rotate_Mystic.uasset,.uasset,39917,SlashTrailElemental,Unreal package (class unverified),format/extension only,added/custom content
Content/SlashTrailElemental/Blueprint/Mystic/BP_Slash_Projectile_Start_Mystic.uasset,.uasset,75020,SlashTrailElemental,Unreal package (class unverified),format/extension only,added/custom content
Content/SlashTrailElemental/Blueprint/Nature/BP_Slash_Projectile_Rotate_Nature.uasset,.uasset,42483,SlashTrailElemental,Unreal package (class unverified),format/extension only,added/custom content
Content/SlashTrailElemental/Blueprint/Nature/BP_Slash_Projectile_Start_Nature.uasset,.uasset,75028,SlashTrailElemental,Unreal package (class unverified),format/extension only,added/custom content
Content/SlashTrailElemental/Blueprint/Sand/BP_Slash_Projectile_Rotate_Sand.uasset,.uasset,46326,SlashTrailElemental,Unreal package (class unverified),format/extension only,added/custom content
Content/SlashTrailElemental/Blueprint/Sand/BP_Slash_Projectile_Start_Sand.uasset,.uasset,74967,SlashTrailElemental,Unreal package (class unverified),format/extension only,added/custom content
Content/SlashTrailElemental/Blueprint/Scifi/BP_Slash_Projectile_Rotate_Scifi.uasset,.uasset,40961,SlashTrailElemental,Unreal package (class unverified),format/extension only,added/custom content
Content/SlashTrailElemental/Blueprint/Scifi/BP_Slash_Projectile_Start_Scifi.uasset,.uasset,74979,SlashTrailElemental,Unreal package (class unverified),format/extension only,added/custom content
Content/SlashTrailElemental/Blueprint/water/BP_Slash_Projectile_Rotate_Water.uasset,.uasset,44533,SlashTrailElemental,Unreal package (class unverified),format/extension only,added/custom content
Content/SlashTrailElemental/Blueprint/water/BP_Slash_Projectile_Start_Water.uasset,.uasset,74977,SlashTrailElemental,Unreal package (class unverified),format/extension only,added/custom content
Content/SlashTrailElemental/Blueprint/Wind/BP_Slash_Projectile_Rotate_Wind.uasset,.uasset,41704,SlashTrailElemental,Unreal package (class unverified),format/extension only,added/custom content
Content/SlashTrailElemental/Blueprint/Wind/BP_Slash_Projectile_Start_Wind.uasset,.uasset,74945,SlashTrailElemental,Unreal package (class unverified),format/extension only,added/custom content
Content/SlashTrailElemental/Demo/BluePrint/BP_DemoRoom.uasset,.uasset,1025869,SlashTrailElemental,Unreal package (class unverified),format/extension only,added/custom content
Content/SlashTrailElemental/Demo/BluePrint/BP_DemoRoom_Enum.uasset,.uasset,2741,SlashTrailElemental,Unreal package (class unverified),format/extension only,added/custom content
Content/SlashTrailElemental/Demo/BluePrint/DemoRoomStruct.uasset,.uasset,6066,SlashTrailElemental,Unreal package (class unverified),format/extension only,added/custom content
Content/SlashTrailElemental/Demo/InfinityBladeWeapons/SK_Dual_Blade_Talon.uasset,.uasset,42128,SlashTrailElemental,Unreal package (class unverified),format/extension only,added/custom content
Content/SlashTrailElemental/Demo/InfinityBladeWeapons/SK_Dual_Blade_Talon_Skeleton.uasset,.uasset,5497,SlashTrailElemental,Unreal package (class unverified),format/extension only,added/custom content
Content/SlashTrailElemental/Demo/M_Character.uasset,.uasset,7433,SlashTrailElemental,Unreal package (class unverified),format/extension only,added/custom content
Content/SlashTrailElemental/Demo/M_Text.uasset,.uasset,22668,SlashTrailElemental,Unreal package (class unverified),format/extension only,added/custom content
Content/SlashTrailElemental/Demo/Materials/DefaultTextMaterialTranslucentUnlit.uasset,.uasset,23202,SlashTrailElemental,Unreal package (class unverified),format/extension only,added/custom content
Content/SlashTrailElemental/Demo/Materials/M_DemoRoomTiles.uasset,.uasset,18010,SlashTrailElemental,Unreal package (class unverified),format/extension only,added/custom content
Content/SlashTrailElemental/Demo/Materials/M_DemoRoomTiles_Inst.uasset,.uasset,11774,SlashTrailElemental,Unreal package (class unverified),format/extension only,added/custom content
Content/SlashTrailElemental/Demo/Materials/M_DemoWall.uasset,.uasset,77385,SlashTrailElemental,Unreal package (class unverified),format/extension only,added/custom content
Content/SlashTrailElemental/Demo/Materials/M_DemoWall_Inst.uasset,.uasset,86945,SlashTrailElemental,Unreal package (class unverified),format/extension only,added/custom content
Content/SlashTrailElemental/Demo/Materials/M_DemoWall_Inst2.uasset,.uasset,81584,SlashTrailElemental,Unreal package (class unverified),format/extension only,added/custom content
Content/SlashTrailElemental/Demo/Materials/M_DemoWall_Inst_3.uasset,.uasset,86725,SlashTrailElemental,Unreal package (class unverified),format/extension only,added/custom content
Content/SlashTrailElemental/Demo/Materials/M_DemoWall_Inst_BaseFloor_Inst.uasset,.uasset,87789,SlashTrailElemental,Unreal package (class unverified),format/extension only,added/custom content
Content/SlashTrailElemental/Demo/Materials/M_DemoWall_Inst_NamePlate.uasset,.uasset,91575,SlashTrailElemental,Unreal package (class unverified),format/extension only,added/custom content
Content/SlashTrailElemental/Demo/Materials/M_DemoWall_MattPlastic.uasset,.uasset,91352,SlashTrailElemental,Unreal package (class unverified),format/extension only,added/custom content
Content/SlashTrailElemental/Demo/Materials/M_DemoWallPattern.uasset,.uasset,29947,SlashTrailElemental,Unreal package (class unverified),format/extension only,added/custom content
Content/SlashTrailElemental/Demo/Materials/M_DemoWallPattern_Inst.uasset,.uasset,11961,SlashTrailElemental,Unreal package (class unverified),format/extension only,added/custom content
Content/SlashTrailElemental/Demo/Materials/M_DemoWallPattern_Inst_Mirrored.uasset,.uasset,10519,SlashTrailElemental,Unreal package (class unverified),format/extension only,added/custom content
Content/SlashTrailElemental/Demo/Materials/M_DemoWallPattern_NoText.uasset,.uasset,84750,SlashTrailElemental,Unreal package (class unverified),format/extension only,added/custom content
Content/SlashTrailElemental/Demo/Materials/M_Glass.uasset,.uasset,14007,SlashTrailElemental,Unreal package (class unverified),format/extension only,added/custom content
Content/SlashTrailElemental/Demo/Materials/M_Glass_Inst.uasset,.uasset,87069,SlashTrailElemental,Unreal package (class unverified),format/extension only,added/custom content
Content/SlashTrailElemental/Demo/Materials/M_LightTube.uasset,.uasset,91299,SlashTrailElemental,Unreal package (class unverified),format/extension only,added/custom content
Content/SlashTrailElemental/Demo/Materials/M_LightTube_Inst.uasset,.uasset,67452,SlashTrailElemental,Unreal package (class unverified),format/extension only,added/custom content
Content/SlashTrailElemental/Demo/Meshes/SM_DemoDivider_1.uasset,.uasset,90718,SlashTrailElemental,Unreal package (class unverified),format/extension only,added/custom content
Content/SlashTrailElemental/Demo/Meshes/SM_DemoDivider_2.uasset,.uasset,90712,SlashTrailElemental,Unreal package (class unverified),format/extension only,added/custom content
Content/SlashTrailElemental/Demo/Meshes/SM_DemoRoomBackWall.uasset,.uasset,19260,SlashTrailElemental,Unreal package (class unverified),format/extension only,added/custom content
Content/SlashTrailElemental/Demo/Meshes/SM_DemoRoomBackWall2.uasset,.uasset,19040,SlashTrailElemental,Unreal package (class unverified),format/extension only,added/custom content
Content/SlashTrailElemental/Demo/Meshes/SM_DemoRoomClamp.uasset,.uasset,210035,SlashTrailElemental,Unreal package (class unverified),format/extension only,added/custom content
Content/SlashTrailElemental/Demo/Meshes/SM_DemoRoomClamp2.uasset,.uasset,210243,SlashTrailElemental,Unreal package (class unverified),format/extension only,added/custom content
Content/SlashTrailElemental/Demo/Meshes/SM_DemoRoomL.uasset,.uasset,50298,SlashTrailElemental,Unreal package (class unverified),format/extension only,added/custom content
Content/SlashTrailElemental/Demo/Meshes/SM_DemoRoomLTrim.uasset,.uasset,15834,SlashTrailElemental,Unreal package (class unverified),format/extension only,added/custom content
Content/SlashTrailElemental/Demo/Meshes/SM_DemoRoomTrim.uasset,.uasset,297571,SlashTrailElemental,Unreal package (class unverified),format/extension only,added/custom content
Content/SlashTrailElemental/Demo/Meshes/SM_DemoRoomTrim2.uasset,.uasset,296559,SlashTrailElemental,Unreal package (class unverified),format/extension only,added/custom content
Content/SlashTrailElemental/Demo/Meshes/SM_DemoRoomTrimAdd.uasset,.uasset,175658,SlashTrailElemental,Unreal package (class unverified),format/extension only,added/custom content
Content/SlashTrailElemental/Demo/Meshes/SM_DemoRoomU.uasset,.uasset,81587,SlashTrailElemental,Unreal package (class unverified),format/extension only,added/custom content
Content/SlashTrailElemental/Demo/Meshes/SM_DemoRoomU2.uasset,.uasset,84852,SlashTrailElemental,Unreal package (class unverified),format/extension only,added/custom content
Content/SlashTrailElemental/Demo/Meshes/SM_DemoRoomU_Hole.uasset,.uasset,106165,SlashTrailElemental,Unreal package (class unverified),format/extension only,added/custom content
Content/SlashTrailElemental/Demo/Meshes/SM_URoom_Wall.uasset,.uasset,15873,SlashTrailElemental,Unreal package (class unverified),format/extension only,added/custom content
Content/SlashTrailElemental/Demo/Meshes/SM_URoom_Wall2.uasset,.uasset,15139,SlashTrailElemental,Unreal package (class unverified),format/extension only,added/custom content
Content/SlashTrailElemental/Demo/ParagonKwang/Characters/Heroes/Kwang/Animations/Ability_Q_Catch.uasset,.uasset,600733,SlashTrailElemental,Unreal package (class unverified),format/extension only,added/custom content
Content/SlashTrailElemental/Demo/ParagonKwang/Characters/Heroes/Kwang/Animations/Ability_Q_Catch_Basic.uasset,.uasset,599030,SlashTrailElemental,Unreal package (class unverified),format/extension only,added/custom content
Content/SlashTrailElemental/Demo/ParagonKwang/Characters/Heroes/Kwang/Animations/Ability_Q_Catch_Cyberpunk.uasset,.uasset,598911,SlashTrailElemental,Unreal package (class unverified),format/extension only,added/custom content
Content/SlashTrailElemental/Demo/ParagonKwang/Characters/Heroes/Kwang/Animations/Ability_Q_Catch_Dark.uasset,.uasset,600779,SlashTrailElemental,Unreal package (class unverified),format/extension only,added/custom content
Content/SlashTrailElemental/Demo/ParagonKwang/Characters/Heroes/Kwang/Animations/Ability_Q_Catch_Distortion.uasset,.uasset,599035,SlashTrailElemental,Unreal package (class unverified),format/extension only,added/custom content
Content/SlashTrailElemental/Demo/ParagonKwang/Characters/Heroes/Kwang/Animations/Ability_Q_Catch_Electric.uasset,.uasset,600828,SlashTrailElemental,Unreal package (class unverified),format/extension only,added/custom content
Content/SlashTrailElemental/Demo/ParagonKwang/Characters/Heroes/Kwang/Animations/Ability_Q_Catch_Flower.uasset,.uasset,600418,SlashTrailElemental,Unreal package (class unverified),format/extension only,added/custom content
Content/SlashTrailElemental/Demo/ParagonKwang/Characters/Heroes/Kwang/Animations/Ability_Q_Catch_LightSaber.uasset,.uasset,598925,SlashTrailElemental,Unreal package (class unverified),format/extension only,added/custom content
Content/SlashTrailElemental/Demo/ParagonKwang/Characters/Heroes/Kwang/Animations/Ability_Q_Catch_Matrix.uasset,.uasset,598894,SlashTrailElemental,Unreal package (class unverified),format/extension only,added/custom content
Content/SlashTrailElemental/Demo/ParagonKwang/Characters/Heroes/Kwang/Animations/Ability_Q_Catch_Music.uasset,.uasset,598885,SlashTrailElemental,Unreal package (class unverified),format/extension only,added/custom content
Content/SlashTrailElemental/Demo/ParagonKwang/Characters/Heroes/Kwang/Animations/Ability_Q_Catch_Mystic.uasset,.uasset,600728,SlashTrailElemental,Unreal package (class unverified),format/extension only,added/custom content
Content/SlashTrailElemental/Demo/ParagonKwang/Characters/Heroes/Kwang/Animations/Ability_Q_Catch_Nature.uasset,.uasset,598908,SlashTrailElemental,Unreal package (class unverified),format/extension only,added/custom content
Content/SlashTrailElemental/Demo/ParagonKwang/Characters/Heroes/Kwang/Animations/Ability_Q_Catch_Rock.uasset,.uasset,600778,SlashTrailElemental,Unreal package (class unverified),format/extension only,added/custom content
Content/SlashTrailElemental/Demo/ParagonKwang/Characters/Heroes/Kwang/Animations/Ability_Q_Catch_Scifi.uasset,.uasset,598885,SlashTrailElemental,Unreal package (class unverified),format/extension only,added/custom content
Content/SlashTrailElemental/Demo/ParagonKwang/Characters/Heroes/Kwang/Animations/Ability_Q_Catch_water.uasset,.uasset,600706,SlashTrailElemental,Unreal package (class unverified),format/extension only,added/custom content
Content/SlashTrailElemental/Demo/ParagonKwang/Characters/Heroes/Kwang/Animations/Ability_Q_Catch_Wind.uasset,.uasset,600779,SlashTrailElemental,Unreal package (class unverified),format/extension only,added/custom content
Content/SlashTrailElemental/Demo/ParagonKwang/Characters/Heroes/Kwang/Animations/Ability_R.uasset,.uasset,567584,SlashTrailElemental,Unreal package (class unverified),format/extension only,added/custom content
Content/SlashTrailElemental/Demo/ParagonKwang/Characters/Heroes/Kwang/Animations/Ability_R_Bard.uasset,.uasset,567568,SlashTrailElemental,Unreal package (class unverified),format/extension only,added/custom content
Content/SlashTrailElemental/Demo/ParagonKwang/Characters/Heroes/Kwang/Animations/Ability_R_Basic.uasset,.uasset,566012,SlashTrailElemental,Unreal package (class unverified),format/extension only,added/custom content
Content/SlashTrailElemental/Demo/ParagonKwang/Characters/Heroes/Kwang/Animations/Ability_R_Distortion_Only.uasset,.uasset,566105,SlashTrailElemental,Unreal package (class unverified),format/extension only,added/custom content
Content/SlashTrailElemental/Demo/ParagonKwang/Characters/Heroes/Kwang/Animations/Ability_R_LightSaber.uasset,.uasset,566073,SlashTrailElemental,Unreal package (class unverified),format/extension only,added/custom content
Content/SlashTrailElemental/Demo/ParagonKwang/Characters/Heroes/Kwang/Animations/Ability_R_Matrix.uasset,.uasset,567586,SlashTrailElemental,Unreal package (class unverified),format/extension only,added/custom content
Content/SlashTrailElemental/Demo/ParagonKwang/Characters/Heroes/Kwang/Animations/Ability_R_Mystic.uasset,.uasset,567573,SlashTrailElemental,Unreal package (class unverified),format/extension only,added/custom content
Content/SlashTrailElemental/Demo/ParagonKwang/Characters/Heroes/Kwang/Animations/Ability_R_Scifi.uasset,.uasset,567565,SlashTrailElemental,Unreal package (class unverified),format/extension only,added/custom content
Content/SlashTrailElemental/Demo/ParagonKwang/Characters/Heroes/Kwang/Animations/PrimaryAttack_B_Slow.uasset,.uasset,445445,SlashTrailElemental,Unreal package (class unverified),format/extension only,added/custom content
Content/SlashTrailElemental/Demo/ParagonKwang/Characters/Heroes/Kwang/Animations/PrimaryAttack_B_Slow_Cyberpunk.uasset,.uasset,445328,SlashTrailElemental,Unreal package (class unverified),format/extension only,added/custom content
Content/SlashTrailElemental/Demo/ParagonKwang/Characters/Heroes/Kwang/Animations/PrimaryAttack_C_Slow.uasset,.uasset,410422,SlashTrailElemental,Unreal package (class unverified),format/extension only,added/custom content
Content/SlashTrailElemental/Demo/ParagonKwang/Characters/Heroes/Kwang/Animations/PrimaryAttack_C_Slow_Wind.uasset,.uasset,410341,SlashTrailElemental,Unreal package (class unverified),format/extension only,added/custom content
Content/SlashTrailElemental/Demo/ParagonKwang/Characters/Heroes/Kwang/Animations/PrimaryAttack_D_Slow.uasset,.uasset,484832,SlashTrailElemental,Unreal package (class unverified),format/extension only,added/custom content
Content/SlashTrailElemental/Demo/ParagonKwang/Characters/Heroes/Kwang/Animations/PrimaryAttack_D_Slow_2.uasset,.uasset,484845,SlashTrailElemental,Unreal package (class unverified),format/extension only,added/custom content
Content/SlashTrailElemental/Demo/ParagonKwang/Characters/Heroes/Kwang/Animations/PrimaryAttack_D_Slow_Basic.uasset,.uasset,481542,SlashTrailElemental,Unreal package (class unverified),format/extension only,added/custom content
Content/SlashTrailElemental/Demo/ParagonKwang/Characters/Heroes/Kwang/Animations/PrimaryAttack_D_Slow_Cyberpunk.uasset,.uasset,483130,SlashTrailElemental,Unreal package (class unverified),format/extension only,added/custom content
Content/SlashTrailElemental/Demo/ParagonKwang/Characters/Heroes/Kwang/Animations/PrimaryAttack_D_Slow_Dark.uasset,.uasset,483090,SlashTrailElemental,Unreal package (class unverified),format/extension only,added/custom content
Content/SlashTrailElemental/Demo/ParagonKwang/Characters/Heroes/Kwang/Animations/PrimaryAttack_D_Slow_Distortion.uasset,.uasset,481582,SlashTrailElemental,Unreal package (class unverified),format/extension only,added/custom content
Content/SlashTrailElemental/Demo/ParagonKwang/Characters/Heroes/Kwang/Animations/PrimaryAttack_D_Slow_Fire.uasset,.uasset,483095,SlashTrailElemental,Unreal package (class unverified),format/extension only,added/custom content
Content/SlashTrailElemental/Demo/ParagonKwang/Characters/Heroes/Kwang/Animations/PrimaryAttack_D_Slow_Ice.uasset,.uasset,483079,SlashTrailElemental,Unreal package (class unverified),format/extension only,added/custom content
Content/SlashTrailElemental/Demo/ParagonKwang/Characters/Heroes/Kwang/Animations/PrimaryAttack_D_Slow_Lightning.uasset,.uasset,483145,SlashTrailElemental,Unreal package (class unverified),format/extension only,added/custom content
Content/SlashTrailElemental/Demo/ParagonKwang/Characters/Heroes/Kwang/Animations/PrimaryAttack_D_Slow_LightSaber.uasset,.uasset,481569,SlashTrailElemental,Unreal package (class unverified),format/extension only,added/custom content
Content/SlashTrailElemental/Demo/ParagonKwang/Characters/Heroes/Kwang/Animations/PrimaryAttack_D_Slow_Matrix.uasset,.uasset,483092,SlashTrailElemental,Unreal package (class unverified),format/extension only,added/custom content
Content/SlashTrailElemental/Demo/ParagonKwang/Characters/Heroes/Kwang/Animations/PrimaryAttack_D_Slow_Music.uasset,.uasset,483088,SlashTrailElemental,Unreal package (class unverified),format/extension only,added/custom content
Content/SlashTrailElemental/Demo/ParagonKwang/Characters/Heroes/Kwang/Animations/PrimaryAttack_D_Slow_Mystic.uasset,.uasset,483112,SlashTrailElemental,Unreal package (class unverified),format/extension only,added/custom content
Content/SlashTrailElemental/Demo/ParagonKwang/Characters/Heroes/Kwang/Animations/PrimaryAttack_D_Slow_Nature.uasset,.uasset,484879,SlashTrailElemental,Unreal package (class unverified),format/extension only,added/custom content
Content/SlashTrailElemental/Demo/ParagonKwang/Characters/Heroes/Kwang/Animations/PrimaryAttack_D_Slow_Rock.uasset,.uasset,484937,SlashTrailElemental,Unreal package (class unverified),format/extension only,added/custom content
Content/SlashTrailElemental/Demo/ParagonKwang/Characters/Heroes/Kwang/Animations/PrimaryAttack_D_Slow_Sand.uasset,.uasset,481519,SlashTrailElemental,Unreal package (class unverified),format/extension only,added/custom content
Content/SlashTrailElemental/Demo/ParagonKwang/Characters/Heroes/Kwang/Animations/PrimaryAttack_D_Slow_Scifi.uasset,.uasset,483106,SlashTrailElemental,Unreal package (class unverified),format/extension only,added/custom content
Content/SlashTrailElemental/Demo/ParagonKwang/Characters/Heroes/Kwang/Animations/PrimaryAttack_D_Slow_water.uasset,.uasset,483111,SlashTrailElemental,Unreal package (class unverified),format/extension only,added/custom content
Content/SlashTrailElemental/Demo/ParagonKwang/Characters/Heroes/Kwang/Animations/PrimaryAttack_D_Slow_Wind.uasset,.uasset,483070,SlashTrailElemental,Unreal package (class unverified),format/extension only,added/custom content
Content/SlashTrailElemental/Demo/ParagonKwang/Characters/Heroes/Kwang/Meshes/Kwang_GDC.uasset,.uasset,18936097,SlashTrailElemental,Unreal package (class unverified),format/extension only,added/custom content
Content/SlashTrailElemental/Demo/ParagonKwang/Characters/Heroes/Kwang/Meshes/Kwang_Skeleton.uasset,.uasset,50377,SlashTrailElemental,Unreal package (class unverified),format/extension only,added/custom content
Content/SlashTrailElemental/Demo/ParagonKwang/Characters/Heroes/Kwang/Meshes/Paragon_Proto_Retarget.uasset,.uasset,71639,SlashTrailElemental,Unreal package (class unverified),format/extension only,added/custom content
Content/SlashTrailElemental/Demo/ParagonSunWukong/Characters/Heroes/Wukong/Animations/Emote_StaffSpin.uasset,.uasset,2443625,SlashTrailElemental,Unreal package (class unverified),format/extension only,added/custom content
Content/SlashTrailElemental/Demo/ParagonSunWukong/Characters/Heroes/Wukong/Animations/Emote_StaffSpin_Basic.uasset,.uasset,2443905,SlashTrailElemental,Unreal package (class unverified),format/extension only,added/custom content
Content/SlashTrailElemental/Demo/ParagonSunWukong/Characters/Heroes/Wukong/Animations/Emote_StaffSpin_Cyberpunk.uasset,.uasset,2443881,SlashTrailElemental,Unreal package (class unverified),format/extension only,added/custom content
Content/SlashTrailElemental/Demo/ParagonSunWukong/Characters/Heroes/Wukong/Animations/Emote_StaffSpin_Dark.uasset,.uasset,2443927,SlashTrailElemental,Unreal package (class unverified),format/extension only,added/custom content
Content/SlashTrailElemental/Demo/ParagonSunWukong/Characters/Heroes/Wukong/Animations/Emote_StaffSpin_Distortion.uasset,.uasset,2444224,SlashTrailElemental,Unreal package (class unverified),format/extension only,added/custom content
Content/SlashTrailElemental/Demo/ParagonSunWukong/Characters/Heroes/Wukong/Animations/Emote_StaffSpin_Ice.uasset,.uasset,2443942,SlashTrailElemental,Unreal package (class unverified),format/extension only,added/custom content
Content/SlashTrailElemental/Demo/ParagonSunWukong/Characters/Heroes/Wukong/Animations/Emote_StaffSpin_Lightning.uasset,.uasset,2443928,SlashTrailElemental,Unreal package (class unverified),format/extension only,added/custom content
Content/SlashTrailElemental/Demo/ParagonSunWukong/Characters/Heroes/Wukong/Animations/Emote_StaffSpin_LightSaber.uasset,.uasset,2443999,SlashTrailElemental,Unreal package (class unverified),format/extension only,added/custom content
Content/SlashTrailElemental/Demo/ParagonSunWukong/Characters/Heroes/Wukong/Animations/Emote_StaffSpin_Matrix.uasset,.uasset,2443946,SlashTrailElemental,Unreal package (class unverified),format/extension only,added/custom content
Content/SlashTrailElemental/Demo/ParagonSunWukong/Characters/Heroes/Wukong/Animations/Emote_StaffSpin_Music.uasset,.uasset,2443939,SlashTrailElemental,Unreal package (class unverified),format/extension only,added/custom content
Content/SlashTrailElemental/Demo/ParagonSunWukong/Characters/Heroes/Wukong/Animations/Emote_StaffSpin_Mystic.uasset,.uasset,2443970,SlashTrailElemental,Unreal package (class unverified),format/extension only,added/custom content
Content/SlashTrailElemental/Demo/ParagonSunWukong/Characters/Heroes/Wukong/Animations/Emote_StaffSpin_Nature.uasset,.uasset,2443947,SlashTrailElemental,Unreal package (class unverified),format/extension only,added/custom content
Content/SlashTrailElemental/Demo/ParagonSunWukong/Characters/Heroes/Wukong/Animations/Emote_StaffSpin_Sand.uasset,.uasset,2443950,SlashTrailElemental,Unreal package (class unverified),format/extension only,added/custom content
Content/SlashTrailElemental/Demo/ParagonSunWukong/Characters/Heroes/Wukong/Animations/Emote_StaffSpin_Scifi.uasset,.uasset,2443956,SlashTrailElemental,Unreal package (class unverified),format/extension only,added/custom content
Content/SlashTrailElemental/Demo/ParagonSunWukong/Characters/Heroes/Wukong/Animations/Emote_StaffSpin_water.uasset,.uasset,2443931,SlashTrailElemental,Unreal package (class unverified),format/extension only,added/custom content
Content/SlashTrailElemental/Demo/ParagonSunWukong/Characters/Heroes/Wukong/Animations/Emote_StaffSpin_Wind.uasset,.uasset,2443991,SlashTrailElemental,Unreal package (class unverified),format/extension only,added/custom content
Content/SlashTrailElemental/Demo/ParagonSunWukong/Characters/Heroes/Wukong/Meshes/Orion_Proto_Retarget.uasset,.uasset,71639,SlashTrailElemental,Unreal package (class unverified),format/extension only,added/custom content
Content/SlashTrailElemental/Demo/ParagonSunWukong/Characters/Heroes/Wukong/Meshes/Wukong.uasset,.uasset,23020438,SlashTrailElemental,Unreal package (class unverified),format/extension only,added/custom content
Content/SlashTrailElemental/Demo/ParagonSunWukong/Characters/Heroes/Wukong/Meshes/Wukong_Extents.uasset,.uasset,114725,SlashTrailElemental,Unreal package (class unverified),format/extension only,added/custom content
Content/SlashTrailElemental/Demo/ParagonSunWukong/Characters/Heroes/Wukong/Meshes/Wukong_ShadowCyl.uasset,.uasset,118345,SlashTrailElemental,Unreal package (class unverified),format/extension only,added/custom content
Content/SlashTrailElemental/Demo/ParagonSunWukong/Characters/Heroes/Wukong/Meshes/Wukong_Skeleton.uasset,.uasset,65615,SlashTrailElemental,Unreal package (class unverified),format/extension only,added/custom content
Content/SlashTrailElemental/Demo/Textures/T_Pattern_M.uasset,.uasset,618202,SlashTrailElemental,Unreal package (class unverified),format/extension only,added/custom content
Content/SlashTrailElemental/Demo/Textures/T_RoomTiles_M.uasset,.uasset,229902,SlashTrailElemental,Unreal package (class unverified),format/extension only,added/custom content
Content/SlashTrailElemental/Demo/Textures/T_RoomTiles_N.uasset,.uasset,1872984,SlashTrailElemental,Unreal package (class unverified),format/extension only,added/custom content
Content/SlashTrailElemental/Demo/Textures/T_UnrealEngineDecal.uasset,.uasset,106807,SlashTrailElemental,Unreal package (class unverified),format/extension only,added/custom content
Content/SlashTrailElemental/M_Read_Me.uasset,.uasset,6437,SlashTrailElemental,Unreal package (class unverified),format/extension only,added/custom content
Content/SlashTrailElemental/Map/Overview.umap,.umap,436051,SlashTrailElemental,Unreal map (class unverified),format/extension only,added/custom content
Content/SlashTrailElemental/Map/Overview_BuiltData.uasset,.uasset,11593295,SlashTrailElemental,Unreal package (class unverified),format/extension only,added/custom content
Content/SlashTrailElemental/Material/Instances/MF_Gradation_Cheap.uasset,.uasset,85625,SlashTrailElemental,Unreal package (class unverified),format/extension only,added/custom content
Content/SlashTrailElemental/Material/Instances/MI_Distortion_M.uasset,.uasset,8657,SlashTrailElemental,Unreal package (class unverified),format/extension only,added/custom content
Content/SlashTrailElemental/Material/Instances/MI_ElecOrb_01.uasset,.uasset,9990,SlashTrailElemental,Unreal package (class unverified),format/extension only,added/custom content
Content/SlashTrailElemental/Material/Instances/MI_Electric_Inst.uasset,.uasset,12501,SlashTrailElemental,Unreal package (class unverified),format/extension only,added/custom content
Content/SlashTrailElemental/Material/Instances/MI_Electric_Inst1.uasset,.uasset,9737,SlashTrailElemental,Unreal package (class unverified),format/extension only,added/custom content
Content/SlashTrailElemental/Material/Instances/MI_Electric_Inst2.uasset,.uasset,11317,SlashTrailElemental,Unreal package (class unverified),format/extension only,added/custom content
Content/SlashTrailElemental/Material/Instances/MI_Electric_leaf.uasset,.uasset,10967,SlashTrailElemental,Unreal package (class unverified),format/extension only,added/custom content
Content/SlashTrailElemental/Material/Instances/MI_GlitchVFX_Inst2.uasset,.uasset,10938,SlashTrailElemental,Unreal package (class unverified),format/extension only,added/custom content
Content/SlashTrailElemental/Material/Instances/MI_GlitchVFX_Inst2_2.uasset,.uasset,12207,SlashTrailElemental,Unreal package (class unverified),format/extension only,added/custom content
Content/SlashTrailElemental/Material/Instances/MI_GlitchVFX_Inst2_3.uasset,.uasset,11936,SlashTrailElemental,Unreal package (class unverified),format/extension only,added/custom content
Content/SlashTrailElemental/Material/Instances/MI_GlitchVFX_Inst2_4.uasset,.uasset,11853,SlashTrailElemental,Unreal package (class unverified),format/extension only,added/custom content
Content/SlashTrailElemental/Material/Instances/MI_smoke_01_Inst.uasset,.uasset,13099,SlashTrailElemental,Unreal package (class unverified),format/extension only,added/custom content
Content/SlashTrailElemental/Material/Instances/MI_spark.uasset,.uasset,10641,SlashTrailElemental,Unreal package (class unverified),format/extension only,added/custom content
Content/SlashTrailElemental/Material/Instances/MI_SW_Mesh_2.uasset,.uasset,10437,SlashTrailElemental,Unreal package (class unverified),format/extension only,added/custom content
Content/SlashTrailElemental/Material/Instances/MI_Water_1.uasset,.uasset,10144,SlashTrailElemental,Unreal package (class unverified),format/extension only,added/custom content
Content/SlashTrailElemental/Material/Instances/MI_Water_2.uasset,.uasset,11231,SlashTrailElemental,Unreal package (class unverified),format/extension only,added/custom content
Content/SlashTrailElemental/Material/M_Distortion_M.uasset,.uasset,19579,SlashTrailElemental,Unreal package (class unverified),format/extension only,added/custom content
Content/SlashTrailElemental/Material/M_ElecOrb.uasset,.uasset,39300,SlashTrailElemental,Unreal package (class unverified),format/extension only,added/custom content
Content/SlashTrailElemental/Material/M_Electric.uasset,.uasset,29627,SlashTrailElemental,Unreal package (class unverified),format/extension only,added/custom content
Content/SlashTrailElemental/Material/M_Fire_01.uasset,.uasset,23470,SlashTrailElemental,Unreal package (class unverified),format/extension only,added/custom content
Content/SlashTrailElemental/Material/M_GlitchVFX.uasset,.uasset,49236,SlashTrailElemental,Unreal package (class unverified),format/extension only,added/custom content
Content/SlashTrailElemental/Material/M_Glow_Dark.uasset,.uasset,36970,SlashTrailElemental,Unreal package (class unverified),format/extension only,added/custom content
Content/SlashTrailElemental/Material/M_Helix_Slash.uasset,.uasset,73719,SlashTrailElemental,Unreal package (class unverified),format/extension only,added/custom content
Content/SlashTrailElemental/Material/M_IceMesh_Meteor.uasset,.uasset,51771,SlashTrailElemental,Unreal package (class unverified),format/extension only,added/custom content
Content/SlashTrailElemental/Material/M_Matrix.uasset,.uasset,26702,SlashTrailElemental,Unreal package (class unverified),format/extension only,added/custom content
Content/SlashTrailElemental/Material/M_smoke_01.uasset,.uasset,23886,SlashTrailElemental,Unreal package (class unverified),format/extension only,added/custom content
Content/SlashTrailElemental/Material/M_SW_Aura.uasset,.uasset,48815,SlashTrailElemental,Unreal package (class unverified),format/extension only,added/custom content
Content/SlashTrailElemental/Material/M_SW_Mesh_CCurve.uasset,.uasset,39713,SlashTrailElemental,Unreal package (class unverified),format/extension only,added/custom content
Content/SlashTrailElemental/Material/M_Water.uasset,.uasset,19300,SlashTrailElemental,Unreal package (class unverified),format/extension only,added/custom content
Content/SlashTrailElemental/Material/M_Water_GrondAttack.uasset,.uasset,47997,SlashTrailElemental,Unreal package (class unverified),format/extension only,added/custom content
Content/SlashTrailElemental/Material/SlashTrail/Instances/MI_SlashTrail_Bard.uasset,.uasset,12495,SlashTrailElemental,Unreal package (class unverified),format/extension only,added/custom content
Content/SlashTrailElemental/Material/SlashTrail/Instances/MI_SlashTrail_Dark.uasset,.uasset,10480,SlashTrailElemental,Unreal package (class unverified),format/extension only,added/custom content
Content/SlashTrailElemental/Material/SlashTrail/Instances/MI_SlashTrail_Distort_.uasset,.uasset,10233,SlashTrailElemental,Unreal package (class unverified),format/extension only,added/custom content
Content/SlashTrailElemental/Material/SlashTrail/Instances/MI_SlashTrail_Distort_1.uasset,.uasset,10068,SlashTrailElemental,Unreal package (class unverified),format/extension only,added/custom content
Content/SlashTrailElemental/Material/SlashTrail/Instances/MI_SlashTrail_Fire.uasset,.uasset,14585,SlashTrailElemental,Unreal package (class unverified),format/extension only,added/custom content
Content/SlashTrailElemental/Material/SlashTrail/Instances/MI_SlashTrail_Ice.uasset,.uasset,14417,SlashTrailElemental,Unreal package (class unverified),format/extension only,added/custom content
Content/SlashTrailElemental/Material/SlashTrail/Instances/MI_SlashTrail_Lightning.uasset,.uasset,10253,SlashTrailElemental,Unreal package (class unverified),format/extension only,added/custom content
Content/SlashTrailElemental/Material/SlashTrail/Instances/MI_SlashTrail_LightSaber.uasset,.uasset,10863,SlashTrailElemental,Unreal package (class unverified),format/extension only,added/custom content
Content/SlashTrailElemental/Material/SlashTrail/Instances/MI_SlashTrail_Mystic_.uasset,.uasset,14560,SlashTrailElemental,Unreal package (class unverified),format/extension only,added/custom content
Content/SlashTrailElemental/Material/SlashTrail/Instances/MI_SlashTrail_Nature.uasset,.uasset,12924,SlashTrailElemental,Unreal package (class unverified),format/extension only,added/custom content
Content/SlashTrailElemental/Material/SlashTrail/Instances/MI_SlashTrail_Rock_.uasset,.uasset,13498,SlashTrailElemental,Unreal package (class unverified),format/extension only,added/custom content
Content/SlashTrailElemental/Material/SlashTrail/Instances/MI_SlashTrail_water.uasset,.uasset,12858,SlashTrailElemental,Unreal package (class unverified),format/extension only,added/custom content
Content/SlashTrailElemental/Material/SlashTrail/Instances/MI_SlashTrail_Wind_.uasset,.uasset,14572,SlashTrailElemental,Unreal package (class unverified),format/extension only,added/custom content
Content/SlashTrailElemental/Material/SlashTrail/M_SlashTrail_Master.uasset,.uasset,45150,SlashTrailElemental,Unreal package (class unverified),format/extension only,added/custom content
Content/SlashTrailElemental/Material/Weapon/Instances/MI_Weapon_Basic_Bard.uasset,.uasset,27088,SlashTrailElemental,Unreal package (class unverified),format/extension only,added/custom content
Content/SlashTrailElemental/Material/Weapon/Instances/MI_Weapon_Basic_Cyberpunk.uasset,.uasset,21754,SlashTrailElemental,Unreal package (class unverified),format/extension only,added/custom content
Content/SlashTrailElemental/Material/Weapon/Instances/MI_Weapon_Basic_Dark.uasset,.uasset,14445,SlashTrailElemental,Unreal package (class unverified),format/extension only,added/custom content
Content/SlashTrailElemental/Material/Weapon/Instances/MI_Weapon_Basic_Fire.uasset,.uasset,21649,SlashTrailElemental,Unreal package (class unverified),format/extension only,added/custom content
Content/SlashTrailElemental/Material/Weapon/Instances/MI_Weapon_Basic_Green.uasset,.uasset,21316,SlashTrailElemental,Unreal package (class unverified),format/extension only,added/custom content
Content/SlashTrailElemental/Material/Weapon/Instances/MI_Weapon_Basic_Ice.uasset,.uasset,19939,SlashTrailElemental,Unreal package (class unverified),format/extension only,added/custom content
Content/SlashTrailElemental/Material/Weapon/Instances/MI_Weapon_Basic_Lightning.uasset,.uasset,17520,SlashTrailElemental,Unreal package (class unverified),format/extension only,added/custom content
Content/SlashTrailElemental/Material/Weapon/Instances/MI_Weapon_Basic_Matrix.uasset,.uasset,20561,SlashTrailElemental,Unreal package (class unverified),format/extension only,added/custom content
Content/SlashTrailElemental/Material/Weapon/Instances/MI_Weapon_Basic_Mystic.uasset,.uasset,15644,SlashTrailElemental,Unreal package (class unverified),format/extension only,added/custom content
Content/SlashTrailElemental/Material/Weapon/Instances/MI_Weapon_Basic_Sand.uasset,.uasset,22041,SlashTrailElemental,Unreal package (class unverified),format/extension only,added/custom content
Content/SlashTrailElemental/Material/Weapon/Instances/MI_Weapon_Basic_Scifi.uasset,.uasset,24715,SlashTrailElemental,Unreal package (class unverified),format/extension only,added/custom content
Content/SlashTrailElemental/Material/Weapon/Instances/MI_Weapon_Basic_Water.uasset,.uasset,18314,SlashTrailElemental,Unreal package (class unverified),format/extension only,added/custom content
Content/SlashTrailElemental/Material/Weapon/Instances/MI_Weapon_Basic_Wind.uasset,.uasset,18796,SlashTrailElemental,Unreal package (class unverified),format/extension only,added/custom content
Content/SlashTrailElemental/Material/Weapon/Instances/MI_Weapon_Lightsaber.uasset,.uasset,10730,SlashTrailElemental,Unreal package (class unverified),format/extension only,added/custom content
Content/SlashTrailElemental/Material/Weapon/M_Weapon_Basic.uasset,.uasset,38770,SlashTrailElemental,Unreal package (class unverified),format/extension only,added/custom content
Content/SlashTrailElemental/Niagara/Basic/NS_AuraFX_Basic.uasset,.uasset,1247062,SlashTrailElemental,Unreal package (class unverified),format/extension only,added/custom content
Content/SlashTrailElemental/Niagara/Basic/NS_Hit_Basic.uasset,.uasset,930187,SlashTrailElemental,Unreal package (class unverified),format/extension only,added/custom content
Content/SlashTrailElemental/Niagara/Basic/NS_Hit_Basic_Once.uasset,.uasset,930047,SlashTrailElemental,Unreal package (class unverified),format/extension only,added/custom content
Content/SlashTrailElemental/Niagara/Basic/NS_SlashTrail_Basic.uasset,.uasset,334116,SlashTrailElemental,Unreal package (class unverified),format/extension only,added/custom content
Content/SlashTrailElemental/Niagara/Basic/NS_SlashTrail_Basic_Loop.uasset,.uasset,334555,SlashTrailElemental,Unreal package (class unverified),format/extension only,added/custom content
Content/SlashTrailElemental/Niagara/Cyberpunk/NS_AuraFX_CyberPunk.uasset,.uasset,1361933,SlashTrailElemental,Unreal package (class unverified),format/extension only,added/custom content
Content/SlashTrailElemental/Niagara/Cyberpunk/NS_Hit_CyberPunk.uasset,.uasset,2146902,SlashTrailElemental,Unreal package (class unverified),format/extension only,added/custom content
Content/SlashTrailElemental/Niagara/Cyberpunk/NS_Hit_CyberPunk_Once.uasset,.uasset,2146327,SlashTrailElemental,Unreal package (class unverified),format/extension only,added/custom content
Content/SlashTrailElemental/Niagara/Cyberpunk/NS_SlashTrail_CyberPunk.uasset,.uasset,1473449,SlashTrailElemental,Unreal package (class unverified),format/extension only,added/custom content
Content/SlashTrailElemental/Niagara/Cyberpunk/NS_SlashTrail_CyberPunk_Loop.uasset,.uasset,1473919,SlashTrailElemental,Unreal package (class unverified),format/extension only,added/custom content
Content/SlashTrailElemental/Niagara/Cyberpunk/NS_Sword_CyberPunk.uasset,.uasset,1439746,SlashTrailElemental,Unreal package (class unverified),format/extension only,added/custom content
Content/SlashTrailElemental/Niagara/Dark/NS_AuraFX_Dark.uasset,.uasset,609000,SlashTrailElemental,Unreal package (class unverified),format/extension only,added/custom content
Content/SlashTrailElemental/Niagara/Dark/NS_Hit_Dark.uasset,.uasset,1452556,SlashTrailElemental,Unreal package (class unverified),format/extension only,added/custom content
Content/SlashTrailElemental/Niagara/Dark/NS_Hit_Dark_Once.uasset,.uasset,1451923,SlashTrailElemental,Unreal package (class unverified),format/extension only,added/custom content
Content/SlashTrailElemental/Niagara/Dark/NS_SlashTrail_Dark.uasset,.uasset,938056,SlashTrailElemental,Unreal package (class unverified),format/extension only,added/custom content
Content/SlashTrailElemental/Niagara/Dark/NS_SlashTrail_Dark_Loop.uasset,.uasset,939554,SlashTrailElemental,Unreal package (class unverified),format/extension only,added/custom content
Content/SlashTrailElemental/Niagara/Dark/NS_Sword_Dark.uasset,.uasset,1390625,SlashTrailElemental,Unreal package (class unverified),format/extension only,added/custom content
Content/SlashTrailElemental/Niagara/Distortion_Only/NS_AuraFX_Distortion.uasset,.uasset,801467,SlashTrailElemental,Unreal package (class unverified),format/extension only,added/custom content
Content/SlashTrailElemental/Niagara/Distortion_Only/NS_Hit_Distortion.uasset,.uasset,1225213,SlashTrailElemental,Unreal package (class unverified),format/extension only,added/custom content
Content/SlashTrailElemental/Niagara/Distortion_Only/NS_Hit_Distortion_Once.uasset,.uasset,1224654,SlashTrailElemental,Unreal package (class unverified),format/extension only,added/custom content
Content/SlashTrailElemental/Niagara/Distortion_Only/NS_SlashTrail_Distortion_Only.uasset,.uasset,353920,SlashTrailElemental,Unreal package (class unverified),format/extension only,added/custom content
Content/SlashTrailElemental/Niagara/Distortion_Only/NS_SlashTrail_Distortion_Only_Loop.uasset,.uasset,357559,SlashTrailElemental,Unreal package (class unverified),format/extension only,added/custom content
Content/SlashTrailElemental/Niagara/Fire/NS_AuraFX_Fire.uasset,.uasset,1802355,SlashTrailElemental,Unreal package (class unverified),format/extension only,added/custom content
Content/SlashTrailElemental/Niagara/Fire/NS_Hit_Fire.uasset,.uasset,1375227,SlashTrailElemental,Unreal package (class unverified),format/extension only,added/custom content
Content/SlashTrailElemental/Niagara/Fire/NS_Hit_Fire_Once.uasset,.uasset,1374933,SlashTrailElemental,Unreal package (class unverified),format/extension only,added/custom content
Content/SlashTrailElemental/Niagara/Fire/NS_SlashTrail_Fire.uasset,.uasset,1561719,SlashTrailElemental,Unreal package (class unverified),format/extension only,added/custom content
Content/SlashTrailElemental/Niagara/Fire/NS_SlashTrail_Fire_Loop.uasset,.uasset,1548542,SlashTrailElemental,Unreal package (class unverified),format/extension only,added/custom content
Content/SlashTrailElemental/Niagara/Fire/NS_Sword_Fire.uasset,.uasset,1835460,SlashTrailElemental,Unreal package (class unverified),format/extension only,added/custom content
Content/SlashTrailElemental/Niagara/Ice/NS_AuraFX_Ice.uasset,.uasset,1551101,SlashTrailElemental,Unreal package (class unverified),format/extension only,added/custom content
Content/SlashTrailElemental/Niagara/Ice/NS_Hit_Ice.uasset,.uasset,1883824,SlashTrailElemental,Unreal package (class unverified),format/extension only,added/custom content
Content/SlashTrailElemental/Niagara/Ice/NS_Hit_Ice_Once.uasset,.uasset,1883767,SlashTrailElemental,Unreal package (class unverified),format/extension only,added/custom content
Content/SlashTrailElemental/Niagara/Ice/NS_SlashTrail_Ice.uasset,.uasset,1911883,SlashTrailElemental,Unreal package (class unverified),format/extension only,added/custom content
Content/SlashTrailElemental/Niagara/Ice/NS_SlashTrail_Ice_Loop.uasset,.uasset,1912833,SlashTrailElemental,Unreal package (class unverified),format/extension only,added/custom content
Content/SlashTrailElemental/Niagara/Ice/NS_Sword_Ice.uasset,.uasset,703146,SlashTrailElemental,Unreal package (class unverified),format/extension only,added/custom content
Content/SlashTrailElemental/Niagara/Lightning/NS_AuraFX_Lightning.uasset,.uasset,1146432,SlashTrailElemental,Unreal package (class unverified),format/extension only,added/custom content
Content/SlashTrailElemental/Niagara/Lightning/NS_Hit_Lightning.uasset,.uasset,1488001,SlashTrailElemental,Unreal package (class unverified),format/extension only,added/custom content
Content/SlashTrailElemental/Niagara/Lightning/NS_Hit_Lightning_once.uasset,.uasset,1487384,SlashTrailElemental,Unreal package (class unverified),format/extension only,added/custom content
Content/SlashTrailElemental/Niagara/Lightning/NS_SlashTrail_Lightning.uasset,.uasset,1643874,SlashTrailElemental,Unreal package (class unverified),format/extension only,added/custom content
Content/SlashTrailElemental/Niagara/Lightning/NS_SlashTrail_Lightning_Loop.uasset,.uasset,1641769,SlashTrailElemental,Unreal package (class unverified),format/extension only,added/custom content
Content/SlashTrailElemental/Niagara/Lightning/NS_Sword_Lightning.uasset,.uasset,1087127,SlashTrailElemental,Unreal package (class unverified),format/extension only,added/custom content
Content/SlashTrailElemental/Niagara/LightSaber/NS_AuraFX_Lightsaber.uasset,.uasset,796017,SlashTrailElemental,Unreal package (class unverified),format/extension only,added/custom content
Content/SlashTrailElemental/Niagara/LightSaber/NS_Hit_LightSaber.uasset,.uasset,1500474,SlashTrailElemental,Unreal package (class unverified),format/extension only,added/custom content
Content/SlashTrailElemental/Niagara/LightSaber/NS_Hit_LightSaber_Once.uasset,.uasset,1499857,SlashTrailElemental,Unreal package (class unverified),format/extension only,added/custom content
Content/SlashTrailElemental/Niagara/LightSaber/NS_SlashTrail_LightSaber.uasset,.uasset,321232,SlashTrailElemental,Unreal package (class unverified),format/extension only,added/custom content
Content/SlashTrailElemental/Niagara/LightSaber/NS_SlashTrail_LightSaber_Loop.uasset,.uasset,321771,SlashTrailElemental,Unreal package (class unverified),format/extension only,added/custom content
Content/SlashTrailElemental/Niagara/Matrix/NS_AuraFX_Matrix.uasset,.uasset,733792,SlashTrailElemental,Unreal package (class unverified),format/extension only,added/custom content
Content/SlashTrailElemental/Niagara/Matrix/NS_Hit_Matrix.uasset,.uasset,1561362,SlashTrailElemental,Unreal package (class unverified),format/extension only,added/custom content
Content/SlashTrailElemental/Niagara/Matrix/NS_Hit_Matrix_Once.uasset,.uasset,1034160,SlashTrailElemental,Unreal package (class unverified),format/extension only,added/custom content
Content/SlashTrailElemental/Niagara/Matrix/NS_SlashTrail_Matrix.uasset,.uasset,1012907,SlashTrailElemental,Unreal package (class unverified),format/extension only,added/custom content
Content/SlashTrailElemental/Niagara/Matrix/NS_SlashTrail_Matrix_Loop.uasset,.uasset,1013423,SlashTrailElemental,Unreal package (class unverified),format/extension only,added/custom content
Content/SlashTrailElemental/Niagara/Matrix/NS_Sword_Matrix.uasset,.uasset,624656,SlashTrailElemental,Unreal package (class unverified),format/extension only,added/custom content
Content/SlashTrailElemental/Niagara/Music/NS_AuraFX_Music.uasset,.uasset,1259216,SlashTrailElemental,Unreal package (class unverified),format/extension only,added/custom content
Content/SlashTrailElemental/Niagara/Music/NS_Hit_Music.uasset,.uasset,1500899,SlashTrailElemental,Unreal package (class unverified),format/extension only,added/custom content
Content/SlashTrailElemental/Niagara/Music/NS_Hit_Music_Once.uasset,.uasset,1497290,SlashTrailElemental,Unreal package (class unverified),format/extension only,added/custom content
Content/SlashTrailElemental/Niagara/Music/NS_SlashTrail_Music.uasset,.uasset,920964,SlashTrailElemental,Unreal package (class unverified),format/extension only,added/custom content
Content/SlashTrailElemental/Niagara/Music/NS_SlashTrail_Music_Loop.uasset,.uasset,928699,SlashTrailElemental,Unreal package (class unverified),format/extension only,added/custom content
Content/SlashTrailElemental/Niagara/Music/NS_Sword_Music.uasset,.uasset,742432,SlashTrailElemental,Unreal package (class unverified),format/extension only,added/custom content
Content/SlashTrailElemental/Niagara/Mystic/NS_AuraFX_Mystic.uasset,.uasset,2055823,SlashTrailElemental,Unreal package (class unverified),format/extension only,added/custom content
Content/SlashTrailElemental/Niagara/Mystic/NS_Hit_Mystic.uasset,.uasset,2026081,SlashTrailElemental,Unreal package (class unverified),format/extension only,added/custom content
Content/SlashTrailElemental/Niagara/Mystic/NS_Hit_Mystic_Once.uasset,.uasset,2025785,SlashTrailElemental,Unreal package (class unverified),format/extension only,added/custom content
Content/SlashTrailElemental/Niagara/Mystic/NS_SlashTrail_Mystic.uasset,.uasset,335857,SlashTrailElemental,Unreal package (class unverified),format/extension only,added/custom content
Content/SlashTrailElemental/Niagara/Mystic/NS_SlashTrail_Mystic_Loop.uasset,.uasset,336390,SlashTrailElemental,Unreal package (class unverified),format/extension only,added/custom content
Content/SlashTrailElemental/Niagara/Mystic/NS_Sword_Mystic.uasset,.uasset,1823008,SlashTrailElemental,Unreal package (class unverified),format/extension only,added/custom content
Content/SlashTrailElemental/Niagara/Nature/NS_AuraFX_Nature.uasset,.uasset,1793725,SlashTrailElemental,Unreal package (class unverified),format/extension only,added/custom content
Content/SlashTrailElemental/Niagara/Nature/NS_Hit_Nature.uasset,.uasset,1897319,SlashTrailElemental,Unreal package (class unverified),format/extension only,added/custom content
Content/SlashTrailElemental/Niagara/Nature/NS_Hit_Nature_Once.uasset,.uasset,1892268,SlashTrailElemental,Unreal package (class unverified),format/extension only,added/custom content
Content/SlashTrailElemental/Niagara/Nature/NS_SlashTrail_Nature.uasset,.uasset,1917944,SlashTrailElemental,Unreal package (class unverified),format/extension only,added/custom content
Content/SlashTrailElemental/Niagara/Nature/NS_SlashTrail_Nature_Loop.uasset,.uasset,1918494,SlashTrailElemental,Unreal package (class unverified),format/extension only,added/custom content
Content/SlashTrailElemental/Niagara/Nature/NS_Sword_Nature.uasset,.uasset,1636473,SlashTrailElemental,Unreal package (class unverified),format/extension only,added/custom content
Content/SlashTrailElemental/Niagara/NMS_Color_Core.uasset,.uasset,107212,SlashTrailElemental,Unreal package (class unverified),format/extension only,added/custom content
Content/SlashTrailElemental/Niagara/NMS_FixRibbonGap.uasset,.uasset,26224,SlashTrailElemental,Unreal package (class unverified),format/extension only,added/custom content
Content/SlashTrailElemental/Niagara/NMS_Vector_Simulation_Filter.uasset,.uasset,32886,SlashTrailElemental,Unreal package (class unverified),format/extension only,added/custom content
Content/SlashTrailElemental/Niagara/Sand/NS_AuraFX_Sand.uasset,.uasset,1357034,SlashTrailElemental,Unreal package (class unverified),format/extension only,added/custom content
Content/SlashTrailElemental/Niagara/Sand/NS_Hit_Sand.uasset,.uasset,1475756,SlashTrailElemental,Unreal package (class unverified),format/extension only,added/custom content
Content/SlashTrailElemental/Niagara/Sand/NS_Hit_Sand_Once.uasset,.uasset,1475155,SlashTrailElemental,Unreal package (class unverified),format/extension only,added/custom content
Content/SlashTrailElemental/Niagara/Sand/NS_SlashTrail_Sand_.uasset,.uasset,2309104,SlashTrailElemental,Unreal package (class unverified),format/extension only,added/custom content
Content/SlashTrailElemental/Niagara/Sand/NS_SlashTrail_Sand_Loop.uasset,.uasset,2310078,SlashTrailElemental,Unreal package (class unverified),format/extension only,added/custom content
Content/SlashTrailElemental/Niagara/Sand/NS_Sword_Sand.uasset,.uasset,1265611,SlashTrailElemental,Unreal package (class unverified),format/extension only,added/custom content
Content/SlashTrailElemental/Niagara/Scifi/NS_AuraFX_Scifi.uasset,.uasset,1218876,SlashTrailElemental,Unreal package (class unverified),format/extension only,added/custom content
Content/SlashTrailElemental/Niagara/Scifi/NS_Hit_Scifi.uasset,.uasset,2146896,SlashTrailElemental,Unreal package (class unverified),format/extension only,added/custom content
Content/SlashTrailElemental/Niagara/Scifi/NS_Hit_Scifi_Once.uasset,.uasset,2146311,SlashTrailElemental,Unreal package (class unverified),format/extension only,added/custom content
Content/SlashTrailElemental/Niagara/Scifi/NS_SlashTrail_Scifi.uasset,.uasset,399515,SlashTrailElemental,Unreal package (class unverified),format/extension only,added/custom content
Content/SlashTrailElemental/Niagara/Scifi/NS_SlashTrail_Scifi_Loop.uasset,.uasset,402906,SlashTrailElemental,Unreal package (class unverified),format/extension only,added/custom content
Content/SlashTrailElemental/Niagara/Scifi/NS_Sword_Scifi.uasset,.uasset,2113761,SlashTrailElemental,Unreal package (class unverified),format/extension only,added/custom content
Content/SlashTrailElemental/Niagara/Water/NS_AuraFX_Water.uasset,.uasset,1531478,SlashTrailElemental,Unreal package (class unverified),format/extension only,added/custom content
Content/SlashTrailElemental/Niagara/Water/NS_Hit_water.uasset,.uasset,1614183,SlashTrailElemental,Unreal package (class unverified),format/extension only,added/custom content
Content/SlashTrailElemental/Niagara/Water/NS_Hit_water_Once.uasset,.uasset,1637910,SlashTrailElemental,Unreal package (class unverified),format/extension only,added/custom content
Content/SlashTrailElemental/Niagara/Water/NS_SlashTrail_Water.uasset,.uasset,1517918,SlashTrailElemental,Unreal package (class unverified),format/extension only,added/custom content
Content/SlashTrailElemental/Niagara/Water/NS_SlashTrail_Water_Loop.uasset,.uasset,1518474,SlashTrailElemental,Unreal package (class unverified),format/extension only,added/custom content
Content/SlashTrailElemental/Niagara/Water/NS_Sword_Water.uasset,.uasset,1382567,SlashTrailElemental,Unreal package (class unverified),format/extension only,added/custom content
Content/SlashTrailElemental/Niagara/Wind/NS_AuraFX_Wind.uasset,.uasset,1212172,SlashTrailElemental,Unreal package (class unverified),format/extension only,added/custom content
Content/SlashTrailElemental/Niagara/Wind/NS_Hit_Wind.uasset,.uasset,1381415,SlashTrailElemental,Unreal package (class unverified),format/extension only,added/custom content
Content/SlashTrailElemental/Niagara/Wind/NS_Hit_Wind_Once.uasset,.uasset,1380896,SlashTrailElemental,Unreal package (class unverified),format/extension only,added/custom content
Content/SlashTrailElemental/Niagara/Wind/NS_SlashTrail_Wind.uasset,.uasset,943233,SlashTrailElemental,Unreal package (class unverified),format/extension only,added/custom content
Content/SlashTrailElemental/Niagara/Wind/NS_SlashTrail_WindNS_SlashTrail_Water_Loop.uasset,.uasset,944163,SlashTrailElemental,Unreal package (class unverified),format/extension only,added/custom content
Content/SlashTrailElemental/Niagara/Wind/NS_Sword_Wind.uasset,.uasset,691487,SlashTrailElemental,Unreal package (class unverified),format/extension only,added/custom content
Content/SlashTrailElemental/Resource/Audio/Cyberpunk/SC_Slash_Cyberpunk_Cue.uasset,.uasset,4584,SlashTrailElemental,Unreal package (class unverified),format/extension only,added/custom content
Content/SlashTrailElemental/Resource/Audio/Cyberpunk/SW_Cyberpunk_slash.uasset,.uasset,255041,SlashTrailElemental,Unreal package (class unverified),format/extension only,added/custom content
Content/SlashTrailElemental/Resource/Audio/Dark/SC_Slash_Dark2_Cue.uasset,.uasset,4545,SlashTrailElemental,Unreal package (class unverified),format/extension only,added/custom content
Content/SlashTrailElemental/Resource/Audio/Dark/SC_Slash_Dark_Cue.uasset,.uasset,4540,SlashTrailElemental,Unreal package (class unverified),format/extension only,added/custom content
Content/SlashTrailElemental/Resource/Audio/Dark/SW_Slash_Dark_01.uasset,.uasset,300597,SlashTrailElemental,Unreal package (class unverified),format/extension only,added/custom content
Content/SlashTrailElemental/Resource/Audio/Dark/SW_Slash_Dark_02.uasset,.uasset,250817,SlashTrailElemental,Unreal package (class unverified),format/extension only,added/custom content
Content/SlashTrailElemental/Resource/Audio/Fire/SC_Fire_Slash_01_Cue.uasset,.uasset,4557,SlashTrailElemental,Unreal package (class unverified),format/extension only,added/custom content
Content/SlashTrailElemental/Resource/Audio/Fire/SW_Fire_Slash_01_.uasset,.uasset,223739,SlashTrailElemental,Unreal package (class unverified),format/extension only,added/custom content
Content/SlashTrailElemental/Resource/Audio/Hit/SC_Hit_Cue.uasset,.uasset,4540,SlashTrailElemental,Unreal package (class unverified),format/extension only,added/custom content
Content/SlashTrailElemental/Resource/Audio/Hit/SW_Hit_01.uasset,.uasset,235316,SlashTrailElemental,Unreal package (class unverified),format/extension only,added/custom content
Content/SlashTrailElemental/Resource/Audio/Hit/SW_Hit_02.uasset,.uasset,188703,SlashTrailElemental,Unreal package (class unverified),format/extension only,added/custom content
Content/SlashTrailElemental/Resource/Audio/Ice/SC_Ice_Slash2_Cue.uasset,.uasset,4535,SlashTrailElemental,Unreal package (class unverified),format/extension only,added/custom content
Content/SlashTrailElemental/Resource/Audio/Ice/SW_Ice_Slash_01.uasset,.uasset,278631,SlashTrailElemental,Unreal package (class unverified),format/extension only,added/custom content
Content/SlashTrailElemental/Resource/Audio/Ice/SW_Ice_Slash_02.uasset,.uasset,288641,SlashTrailElemental,Unreal package (class unverified),format/extension only,added/custom content
Content/SlashTrailElemental/Resource/Audio/leaf/SC_LeafSlash_Cue.uasset,.uasset,4533,SlashTrailElemental,Unreal package (class unverified),format/extension only,added/custom content
Content/SlashTrailElemental/Resource/Audio/leaf/SW_LeafSlash_01.uasset,.uasset,239377,SlashTrailElemental,Unreal package (class unverified),format/extension only,added/custom content
Content/SlashTrailElemental/Resource/Audio/leaf/SW_LeafSlash_02.uasset,.uasset,228166,SlashTrailElemental,Unreal package (class unverified),format/extension only,added/custom content
Content/SlashTrailElemental/Resource/Audio/leaf/SW_LeafSlash_03.uasset,.uasset,225364,SlashTrailElemental,Unreal package (class unverified),format/extension only,added/custom content
Content/SlashTrailElemental/Resource/Audio/Lightning/SC_Lightning_Cue.uasset,.uasset,4548,SlashTrailElemental,Unreal package (class unverified),format/extension only,added/custom content
Content/SlashTrailElemental/Resource/Audio/Lightning/SW_Lightning_01.uasset,.uasset,280326,SlashTrailElemental,Unreal package (class unverified),format/extension only,added/custom content
Content/SlashTrailElemental/Resource/Audio/Lightning/SW_Lightning_02.uasset,.uasset,267429,SlashTrailElemental,Unreal package (class unverified),format/extension only,added/custom content
Content/SlashTrailElemental/Resource/Audio/LightSaber/SC_LightSaber_Slash_Cue.uasset,.uasset,4600,SlashTrailElemental,Unreal package (class unverified),format/extension only,added/custom content
Content/SlashTrailElemental/Resource/Audio/LightSaber/SW_LightSaber_Slash_01.uasset,.uasset,244765,SlashTrailElemental,Unreal package (class unverified),format/extension only,added/custom content
Content/SlashTrailElemental/Resource/Audio/music/SC_Music_Slash_Cue.uasset,.uasset,4550,SlashTrailElemental,Unreal package (class unverified),format/extension only,added/custom content
Content/SlashTrailElemental/Resource/Audio/music/SW_Music_Slash_01.uasset,.uasset,272333,SlashTrailElemental,Unreal package (class unverified),format/extension only,added/custom content
Content/SlashTrailElemental/Resource/Audio/RotatingSlash/SC_RotatingSlash1_Cue.uasset,.uasset,4595,SlashTrailElemental,Unreal package (class unverified),format/extension only,added/custom content
Content/SlashTrailElemental/Resource/Audio/RotatingSlash/SW_RotationgSlash_01.uasset,.uasset,252148,SlashTrailElemental,Unreal package (class unverified),format/extension only,added/custom content
Content/SlashTrailElemental/Resource/Audio/RotatingSlash/SW_RotationgSlash_02.uasset,.uasset,243452,SlashTrailElemental,Unreal package (class unverified),format/extension only,added/custom content
Content/SlashTrailElemental/Resource/Audio/SA_Attenuation_Middle.uasset,.uasset,1664,SlashTrailElemental,Unreal package (class unverified),format/extension only,added/custom content
Content/SlashTrailElemental/Resource/Audio/SA_Attenuation_Short.uasset,.uasset,1659,SlashTrailElemental,Unreal package (class unverified),format/extension only,added/custom content
Content/SlashTrailElemental/Resource/Audio/Sand/SC_SandSlash_Cue.uasset,.uasset,4533,SlashTrailElemental,Unreal package (class unverified),format/extension only,added/custom content
Content/SlashTrailElemental/Resource/Audio/Sand/SW_SandSlash_01.uasset,.uasset,240282,SlashTrailElemental,Unreal package (class unverified),format/extension only,added/custom content
Content/SlashTrailElemental/Resource/Audio/Sand/SW_SandSlash_02.uasset,.uasset,260654,SlashTrailElemental,Unreal package (class unverified),format/extension only,added/custom content
Content/SlashTrailElemental/Resource/Audio/scifi/SC_Scifi_Slash.uasset,.uasset,4530,SlashTrailElemental,Unreal package (class unverified),format/extension only,added/custom content
Content/SlashTrailElemental/Resource/Audio/scifi/SC_Slash_Matrix_Cue.uasset,.uasset,4557,SlashTrailElemental,Unreal package (class unverified),format/extension only,added/custom content
Content/SlashTrailElemental/Resource/Audio/scifi/SW_Scifi_Slash_01.uasset,.uasset,280182,SlashTrailElemental,Unreal package (class unverified),format/extension only,added/custom content
Content/SlashTrailElemental/Resource/Audio/scifi/SW_Slash_Matrix_01.uasset,.uasset,256820,SlashTrailElemental,Unreal package (class unverified),format/extension only,added/custom content
Content/SlashTrailElemental/Resource/Audio/SharpSlash/SC_Basic_Slash_Cue.uasset,.uasset,4565,SlashTrailElemental,Unreal package (class unverified),format/extension only,added/custom content
Content/SlashTrailElemental/Resource/Audio/SharpSlash/SC_Distortion_Slash.uasset,.uasset,4204,SlashTrailElemental,Unreal package (class unverified),format/extension only,added/custom content
Content/SlashTrailElemental/Resource/Audio/SharpSlash/SW_Basic_Slash_01.uasset,.uasset,215593,SlashTrailElemental,Unreal package (class unverified),format/extension only,added/custom content
Content/SlashTrailElemental/Resource/Audio/SharpSlash/SW_Basic_Slash_02.uasset,.uasset,254454,SlashTrailElemental,Unreal package (class unverified),format/extension only,added/custom content
Content/SlashTrailElemental/Resource/Audio/SharpSlash/SW_Basic_Slash_03.uasset,.uasset,262065,SlashTrailElemental,Unreal package (class unverified),format/extension only,added/custom content
Content/SlashTrailElemental/Resource/Audio/Water/SC_Water_Slash.uasset,.uasset,4530,SlashTrailElemental,Unreal package (class unverified),format/extension only,added/custom content
Content/SlashTrailElemental/Resource/Audio/Water/SW_Water_Slash_01.uasset,.uasset,303741,SlashTrailElemental,Unreal package (class unverified),format/extension only,added/custom content
Content/SlashTrailElemental/Resource/Audio/Water/SW_Water_Slash_02.uasset,.uasset,302337,SlashTrailElemental,Unreal package (class unverified),format/extension only,added/custom content
Content/SlashTrailElemental/Resource/Audio/Water/SW_Water_Slash_03.uasset,.uasset,253651,SlashTrailElemental,Unreal package (class unverified),format/extension only,added/custom content
Content/SlashTrailElemental/Resource/Audio/Wind/SC_Wind_Slash_Cue.uasset,.uasset,4540,SlashTrailElemental,Unreal package (class unverified),format/extension only,added/custom content
Content/SlashTrailElemental/Resource/Audio/Wind/SW_Wind_Slash_01.uasset,.uasset,286842,SlashTrailElemental,Unreal package (class unverified),format/extension only,added/custom content
Content/SlashTrailElemental/Resource/Audio/Wind/SW_Wind_Slash_02.uasset,.uasset,266786,SlashTrailElemental,Unreal package (class unverified),format/extension only,added/custom content
Content/SlashTrailElemental/Resource/ColorCurve/CA_C_SlashTrail.uasset,.uasset,6792,SlashTrailElemental,Unreal package (class unverified),format/extension only,added/custom content
Content/SlashTrailElemental/Resource/ColorCurve/CC_DarkSlash.uasset,.uasset,5541,SlashTrailElemental,Unreal package (class unverified),format/extension only,added/custom content
Content/SlashTrailElemental/Resource/ColorCurve/CC_Laser_2.uasset,.uasset,6784,SlashTrailElemental,Unreal package (class unverified),format/extension only,added/custom content
Content/SlashTrailElemental/Resource/mesh/SM_GroundAttack_01.uasset,.uasset,27126,SlashTrailElemental,Unreal package (class unverified),format/extension only,added/custom content
Content/SlashTrailElemental/Resource/mesh/SM_GroundAttackRock_02.uasset,.uasset,60800,SlashTrailElemental,Unreal package (class unverified),format/extension only,added/custom content
Content/SlashTrailElemental/Resource/mesh/SM_HalfSphere_02.uasset,.uasset,36786,SlashTrailElemental,Unreal package (class unverified),format/extension only,added/custom content
Content/SlashTrailElemental/Resource/mesh/SM_HelixCenter_M.uasset,.uasset,29080,SlashTrailElemental,Unreal package (class unverified),format/extension only,added/custom content
Content/SlashTrailElemental/Resource/mesh/SM_NocapCylinder_M_00.uasset,.uasset,77380,SlashTrailElemental,Unreal package (class unverified),format/extension only,added/custom content
Content/SlashTrailElemental/Resource/mesh/SM_Stone_01.uasset,.uasset,18564,SlashTrailElemental,Unreal package (class unverified),format/extension only,added/custom content
Content/SlashTrailElemental/Resource/Texture/PSD_MusicNote_3x3.uasset,.uasset,35489,SlashTrailElemental,Unreal package (class unverified),format/extension only,added/custom content
Content/SlashTrailElemental/Resource/Texture/T_blured_noise_00.uasset,.uasset,173057,SlashTrailElemental,Unreal package (class unverified),format/extension only,added/custom content
Content/SlashTrailElemental/Resource/Texture/T_Cloud_Blur_M.uasset,.uasset,87100,SlashTrailElemental,Unreal package (class unverified),format/extension only,added/custom content
Content/SlashTrailElemental/Resource/Texture/T_Cloud_M.uasset,.uasset,160952,SlashTrailElemental,Unreal package (class unverified),format/extension only,added/custom content
Content/SlashTrailElemental/Resource/Texture/T_Cloud_photoshop.uasset,.uasset,112566,SlashTrailElemental,Unreal package (class unverified),format/extension only,added/custom content
Content/SlashTrailElemental/Resource/Texture/T_CloudBlur_M.uasset,.uasset,188892,SlashTrailElemental,Unreal package (class unverified),format/extension only,added/custom content
Content/SlashTrailElemental/Resource/Texture/T_Clouds.uasset,.uasset,2477385,SlashTrailElemental,Unreal package (class unverified),format/extension only,added/custom content
Content/SlashTrailElemental/Resource/Texture/T_CloudTiled_03_M.uasset,.uasset,417357,SlashTrailElemental,Unreal package (class unverified),format/extension only,added/custom content
Content/SlashTrailElemental/Resource/Texture/T_Electric_4x4_M.uasset,.uasset,54772,SlashTrailElemental,Unreal package (class unverified),format/extension only,added/custom content
Content/SlashTrailElemental/Resource/Texture/T_Fire_M_BW.uasset,.uasset,128700,SlashTrailElemental,Unreal package (class unverified),format/extension only,added/custom content
Content/SlashTrailElemental/Resource/Texture/T_Fire_tile.uasset,.uasset,494832,SlashTrailElemental,Unreal package (class unverified),format/extension only,added/custom content
Content/SlashTrailElemental/Resource/Texture/T_Flare_M.uasset,.uasset,98122,SlashTrailElemental,Unreal package (class unverified),format/extension only,added/custom content
Content/SlashTrailElemental/Resource/Texture/T_FractalNoise_01_512pix.uasset,.uasset,147221,SlashTrailElemental,Unreal package (class unverified),format/extension only,added/custom content
Content/SlashTrailElemental/Resource/Texture/T_FractalNoise_02_512pix.uasset,.uasset,133146,SlashTrailElemental,Unreal package (class unverified),format/extension only,added/custom content
Content/SlashTrailElemental/Resource/Texture/T_FractalNoise_M_05.uasset,.uasset,138545,SlashTrailElemental,Unreal package (class unverified),format/extension only,added/custom content
Content/SlashTrailElemental/Resource/Texture/T_Galaxy_00.uasset,.uasset,467934,SlashTrailElemental,Unreal package (class unverified),format/extension only,added/custom content
Content/SlashTrailElemental/Resource/Texture/T_Ice_01.uasset,.uasset,656404,SlashTrailElemental,Unreal package (class unverified),format/extension only,added/custom content
Content/SlashTrailElemental/Resource/Texture/T_Ice_01_NRM.uasset,.uasset,774835,SlashTrailElemental,Unreal package (class unverified),format/extension only,added/custom content
Content/SlashTrailElemental/Resource/Texture/T_ice_4.uasset,.uasset,563603,SlashTrailElemental,Unreal package (class unverified),format/extension only,added/custom content
Content/SlashTrailElemental/Resource/Texture/T_Matrix_16x16_Japanese.uasset,.uasset,115107,SlashTrailElemental,Unreal package (class unverified),format/extension only,added/custom content
Content/SlashTrailElemental/Resource/Texture/T_microNoiseTiled_06.uasset,.uasset,570790,SlashTrailElemental,Unreal package (class unverified),format/extension only,added/custom content
Content/SlashTrailElemental/Resource/Texture/T_MusicNote_09.uasset,.uasset,18027,SlashTrailElemental,Unreal package (class unverified),format/extension only,added/custom content
Content/SlashTrailElemental/Resource/Texture/T_MusicNote_11.uasset,.uasset,20132,SlashTrailElemental,Unreal package (class unverified),format/extension only,added/custom content
Content/SlashTrailElemental/Resource/Texture/T_Noise_03.uasset,.uasset,210486,SlashTrailElemental,Unreal package (class unverified),format/extension only,added/custom content
Content/SlashTrailElemental/Resource/Texture/T_Noise_Fractal_04.uasset,.uasset,231897,SlashTrailElemental,Unreal package (class unverified),format/extension only,added/custom content
Content/SlashTrailElemental/Resource/Texture/T_raindrop.uasset,.uasset,22106,SlashTrailElemental,Unreal package (class unverified),format/extension only,added/custom content
Content/SlashTrailElemental/Resource/Texture/T_raindrop_normal.uasset,.uasset,55772,SlashTrailElemental,Unreal package (class unverified),format/extension only,added/custom content
Content/SlashTrailElemental/Resource/Texture/T_raindrop_splash.uasset,.uasset,93694,SlashTrailElemental,Unreal package (class unverified),format/extension only,added/custom content
Content/SlashTrailElemental/Resource/Texture/T_raindrop_splash_NRM.uasset,.uasset,110945,SlashTrailElemental,Unreal package (class unverified),format/extension only,added/custom content
Content/SlashTrailElemental/Resource/Texture/T_Rock2x2.uasset,.uasset,171426,SlashTrailElemental,Unreal package (class unverified),format/extension only,added/custom content
Content/SlashTrailElemental/Resource/Texture/T_rose_leaf.uasset,.uasset,162657,SlashTrailElemental,Unreal package (class unverified),format/extension only,added/custom content
Content/SlashTrailElemental/Resource/Texture/T_Sand_M_00.uasset,.uasset,577831,SlashTrailElemental,Unreal package (class unverified),format/extension only,added/custom content
Content/SlashTrailElemental/Resource/Texture/T_Scifi_Tiled_03.uasset,.uasset,133021,SlashTrailElemental,Unreal package (class unverified),format/extension only,added/custom content
Content/SlashTrailElemental/Resource/Texture/T_Scifi_Tiled_05.uasset,.uasset,172143,SlashTrailElemental,Unreal package (class unverified),format/extension only,added/custom content
Content/SlashTrailElemental/Resource/Texture/T_Scifi_Tiled_10.uasset,.uasset,166553,SlashTrailElemental,Unreal package (class unverified),format/extension only,added/custom content
Content/SlashTrailElemental/Resource/Texture/T_Scifi_Tiled_24.uasset,.uasset,143455,SlashTrailElemental,Unreal package (class unverified),format/extension only,added/custom content
Content/SlashTrailElemental/Resource/Texture/T_Slash_Matrix.uasset,.uasset,551035,SlashTrailElemental,Unreal package (class unverified),format/extension only,added/custom content
Content/SlashTrailElemental/Resource/Texture/T_slash_Ribbon.uasset,.uasset,191957,SlashTrailElemental,Unreal package (class unverified),format/extension only,added/custom content
Content/SlashTrailElemental/Resource/Texture/T_slash_Ribbon_01.uasset,.uasset,45436,SlashTrailElemental,Unreal package (class unverified),format/extension only,added/custom content
Content/SlashTrailElemental/Resource/Texture/T_SmokeCircle_00_512pix.uasset,.uasset,180122,SlashTrailElemental,Unreal package (class unverified),format/extension only,added/custom content
Content/SlashTrailElemental/Resource/Texture/T_Spark_M.uasset,.uasset,11150,SlashTrailElemental,Unreal package (class unverified),format/extension only,added/custom content
Content/SlashTrailElemental/Resource/Texture/T_SW_google_3_rect.uasset,.uasset,333842,SlashTrailElemental,Unreal package (class unverified),format/extension only,added/custom content
Content/SlashTrailElemental/Resource/Texture/T_SW_Rect_512_M_03.uasset,.uasset,185676,SlashTrailElemental,Unreal package (class unverified),format/extension only,added/custom content
Content/SlashTrailElemental/Resource/Texture/T_Test.uasset,.uasset,10602,SlashTrailElemental,Unreal package (class unverified),format/extension only,added/custom content
Content/SlashTrailElemental/Resource/Texture/T_tiled_subsD.uasset,.uasset,4547456,SlashTrailElemental,Unreal package (class unverified),format/extension only,added/custom content
Content/SlashTrailElemental/Resource/Texture/T_Voronoi_Blur_00.uasset,.uasset,694107,SlashTrailElemental,Unreal package (class unverified),format/extension only,added/custom content
Content/SlashTrailElemental/Resource/Texture/T_water.uasset,.uasset,152854,SlashTrailElemental,Unreal package (class unverified),format/extension only,added/custom content
Content/SlashTrailElemental/Resource/Texture/T_water_google.uasset,.uasset,212438,SlashTrailElemental,Unreal package (class unverified),format/extension only,added/custom content
Content/SlashTrailElemental/Resource/Texture/T_water_NRM.uasset,.uasset,361870,SlashTrailElemental,Unreal package (class unverified),format/extension only,added/custom content
Content/SlashTrailElemental/Resource/Texture/T_word_5x4.uasset,.uasset,108795,SlashTrailElemental,Unreal package (class unverified),format/extension only,added/custom content
Content/SwordTrailVFX/Demo/Anims/A_Combo_1.uasset,.uasset,5473869,SwordTrailVFX,Unreal package (class unverified),format/extension only,added/custom content
Content/SwordTrailVFX/Demo/Anims/A_Combo_2.uasset,.uasset,5473869,SwordTrailVFX,Unreal package (class unverified),format/extension only,added/custom content
Content/SwordTrailVFX/Demo/Anims/A_Combo_3.uasset,.uasset,5473869,SwordTrailVFX,Unreal package (class unverified),format/extension only,added/custom content
Content/SwordTrailVFX/Demo/Anims/A_Combo_4.uasset,.uasset,5473735,SwordTrailVFX,Unreal package (class unverified),format/extension only,added/custom content
Content/SwordTrailVFX/Demo/Anims/A_Combo_5.uasset,.uasset,5473735,SwordTrailVFX,Unreal package (class unverified),format/extension only,added/custom content
Content/SwordTrailVFX/Demo/Anims/A_Combo_6.uasset,.uasset,5473735,SwordTrailVFX,Unreal package (class unverified),format/extension only,added/custom content
Content/SwordTrailVFX/Demo/Anims/NS_Demo/A_NS_01.uasset,.uasset,5431529,SwordTrailVFX,Unreal package (class unverified),format/extension only,added/custom content
Content/SwordTrailVFX/Demo/Anims/NS_Demo/A_NS_02.uasset,.uasset,5423567,SwordTrailVFX,Unreal package (class unverified),format/extension only,added/custom content
Content/SwordTrailVFX/Demo/Anims/NS_Demo/A_NS_03.uasset,.uasset,5423567,SwordTrailVFX,Unreal package (class unverified),format/extension only,added/custom content
Content/SwordTrailVFX/Demo/Anims/NS_Demo/A_NS_04.uasset,.uasset,5423567,SwordTrailVFX,Unreal package (class unverified),format/extension only,added/custom content
Content/SwordTrailVFX/Demo/Anims/NS_Demo/A_NS_05.uasset,.uasset,5423567,SwordTrailVFX,Unreal package (class unverified),format/extension only,added/custom content
Content/SwordTrailVFX/Demo/Anims/NS_Demo/A_NS_06.uasset,.uasset,5423567,SwordTrailVFX,Unreal package (class unverified),format/extension only,added/custom content
Content/SwordTrailVFX/Demo/Anims/NS_Demo/A_NS_07.uasset,.uasset,5423567,SwordTrailVFX,Unreal package (class unverified),format/extension only,added/custom content
Content/SwordTrailVFX/Demo/Anims/NS_Demo/A_NS_08.uasset,.uasset,5423567,SwordTrailVFX,Unreal package (class unverified),format/extension only,added/custom content
Content/SwordTrailVFX/Demo/Anims/NS_Demo/A_NS_09.uasset,.uasset,5423567,SwordTrailVFX,Unreal package (class unverified),format/extension only,added/custom content
Content/SwordTrailVFX/Demo/Anims/NS_Demo/A_NS_10.uasset,.uasset,5423555,SwordTrailVFX,Unreal package (class unverified),format/extension only,added/custom content
Content/SwordTrailVFX/Demo/Anims/NS_Demo/A_NS_11.uasset,.uasset,5423555,SwordTrailVFX,Unreal package (class unverified),format/extension only,added/custom content
Content/SwordTrailVFX/Demo/Anims/NS_Demo/A_NS_12.uasset,.uasset,5423555,SwordTrailVFX,Unreal package (class unverified),format/extension only,added/custom content
Content/SwordTrailVFX/Demo/Anims/NS_Demo/A_NS_13.uasset,.uasset,5423555,SwordTrailVFX,Unreal package (class unverified),format/extension only,added/custom content
Content/SwordTrailVFX/Demo/Anims/NS_Demo/A_NS_14.uasset,.uasset,5423555,SwordTrailVFX,Unreal package (class unverified),format/extension only,added/custom content
Content/SwordTrailVFX/Demo/Anims/NS_Demo/A_NS_15.uasset,.uasset,5423555,SwordTrailVFX,Unreal package (class unverified),format/extension only,added/custom content
Content/SwordTrailVFX/Demo/Anims/NS_Demo/A_NS_16.uasset,.uasset,5423555,SwordTrailVFX,Unreal package (class unverified),format/extension only,added/custom content
Content/SwordTrailVFX/Demo/Anims/NS_Demo/A_NS_17.uasset,.uasset,5423555,SwordTrailVFX,Unreal package (class unverified),format/extension only,added/custom content
Content/SwordTrailVFX/Demo/Anims/NS_Demo/A_NS_18.uasset,.uasset,5423555,SwordTrailVFX,Unreal package (class unverified),format/extension only,added/custom content
Content/SwordTrailVFX/Demo/BP_Man.uasset,.uasset,33671,SwordTrailVFX,Unreal package (class unverified),format/extension only,added/custom content
Content/SwordTrailVFX/Demo/M_Base.uasset,.uasset,8479,SwordTrailVFX,Unreal package (class unverified),format/extension only,added/custom content
Content/SwordTrailVFX/Demo/SKM_Man/PhA_Man.uasset,.uasset,30222,SwordTrailVFX,Unreal package (class unverified),format/extension only,added/custom content
Content/SwordTrailVFX/Demo/SKM_Man/Skeleton_Man.uasset,.uasset,28596,SwordTrailVFX,Unreal package (class unverified),format/extension only,added/custom content
Content/SwordTrailVFX/Demo/SKM_Man/SKM_Man.uasset,.uasset,7151480,SwordTrailVFX,Unreal package (class unverified),format/extension only,added/custom content
Content/SwordTrailVFX/Demo/SM_Sword.uasset,.uasset,48711,SwordTrailVFX,Unreal package (class unverified),format/extension only,added/custom content
Content/SwordTrailVFX/Maps/Demo.umap,.umap,160723,SwordTrailVFX,Unreal map (class unverified),format/extension only,added/custom content
Content/SwordTrailVFX/Maps/Demo_BuiltData.uasset,.uasset,1290110,SwordTrailVFX,Unreal package (class unverified),format/extension only,added/custom content
Content/SwordTrailVFX/Materials/Draw/M_Draw.uasset,.uasset,12148,SwordTrailVFX,Unreal package (class unverified),format/extension only,added/custom content
Content/SwordTrailVFX/Materials/Draw/M_Draw_N.uasset,.uasset,15980,SwordTrailVFX,Unreal package (class unverified),format/extension only,added/custom content
Content/SwordTrailVFX/Materials/M_DefaultSprite.uasset,.uasset,12015,SwordTrailVFX,Unreal package (class unverified),format/extension only,added/custom content
Content/SwordTrailVFX/Materials/M_Trail_Color.uasset,.uasset,58952,SwordTrailVFX,Unreal package (class unverified),format/extension only,added/custom content
Content/SwordTrailVFX/Materials/M_Trail_Refraction.uasset,.uasset,12193,SwordTrailVFX,Unreal package (class unverified),format/extension only,added/custom content
Content/SwordTrailVFX/Materials/Trails_MI/MI_Trail_Color_01.uasset,.uasset,13054,SwordTrailVFX,Unreal package (class unverified),format/extension only,added/custom content
Content/SwordTrailVFX/Materials/Trails_MI/MI_Trail_Color_02.uasset,.uasset,12828,SwordTrailVFX,Unreal package (class unverified),format/extension only,added/custom content
Content/SwordTrailVFX/Materials/Trails_MI/MI_Trail_Color_03.uasset,.uasset,12655,SwordTrailVFX,Unreal package (class unverified),format/extension only,added/custom content
Content/SwordTrailVFX/Materials/Trails_MI/MI_Trail_Color_04.uasset,.uasset,11693,SwordTrailVFX,Unreal package (class unverified),format/extension only,added/custom content
Content/SwordTrailVFX/Materials/Trails_MI/MI_Trail_Color_05.uasset,.uasset,12201,SwordTrailVFX,Unreal package (class unverified),format/extension only,added/custom content
Content/SwordTrailVFX/Materials/Trails_MI/MI_Trail_Color_06.uasset,.uasset,12880,SwordTrailVFX,Unreal package (class unverified),format/extension only,added/custom content
Content/SwordTrailVFX/Materials/Trails_MI/MI_Trail_Color_07.uasset,.uasset,12781,SwordTrailVFX,Unreal package (class unverified),format/extension only,added/custom content
Content/SwordTrailVFX/Materials/Trails_MI/MI_Trail_Color_08.uasset,.uasset,13244,SwordTrailVFX,Unreal package (class unverified),format/extension only,added/custom content
Content/SwordTrailVFX/Materials/Trails_MI/MI_Trail_Color_09.uasset,.uasset,14697,SwordTrailVFX,Unreal package (class unverified),format/extension only,added/custom content
Content/SwordTrailVFX/Materials/Trails_MI/MI_Trail_Color_10.uasset,.uasset,14320,SwordTrailVFX,Unreal package (class unverified),format/extension only,added/custom content
Content/SwordTrailVFX/Materials/Trails_MI/MI_Trail_Color_12.uasset,.uasset,16342,SwordTrailVFX,Unreal package (class unverified),format/extension only,added/custom content
Content/SwordTrailVFX/Materials/Trails_MI/MI_Trail_Color_13.uasset,.uasset,16150,SwordTrailVFX,Unreal package (class unverified),format/extension only,added/custom content
Content/SwordTrailVFX/Materials/Trails_MI/MI_Trail_Color_14.uasset,.uasset,15044,SwordTrailVFX,Unreal package (class unverified),format/extension only,added/custom content
Content/SwordTrailVFX/Materials/Trails_MI/MI_Trail_Color_15.uasset,.uasset,14289,SwordTrailVFX,Unreal package (class unverified),format/extension only,added/custom content
Content/SwordTrailVFX/Materials/Trails_MI/MI_Trail_Color_16.uasset,.uasset,15120,SwordTrailVFX,Unreal package (class unverified),format/extension only,added/custom content
Content/SwordTrailVFX/Materials/Trails_MI/MI_Trail_Color_17.uasset,.uasset,15892,SwordTrailVFX,Unreal package (class unverified),format/extension only,added/custom content
Content/SwordTrailVFX/Materials/Trails_MI/MI_Trail_Color_18.uasset,.uasset,15663,SwordTrailVFX,Unreal package (class unverified),format/extension only,added/custom content
Content/SwordTrailVFX/Materials/Trails_MI/MI_Trail_Color_19.uasset,.uasset,15212,SwordTrailVFX,Unreal package (class unverified),format/extension only,added/custom content
Content/SwordTrailVFX/Materials/Trails_MI/MI_Trail_Color_20.uasset,.uasset,15137,SwordTrailVFX,Unreal package (class unverified),format/extension only,added/custom content
Content/SwordTrailVFX/Textures/Mask/T_TrailMask_01.uasset,.uasset,156608,SwordTrailVFX,Unreal package (class unverified),format/extension only,added/custom content
Content/SwordTrailVFX/Textures/Mask/T_TrailMask_02.uasset,.uasset,696952,SwordTrailVFX,Unreal package (class unverified),format/extension only,added/custom content
Content/SwordTrailVFX/Textures/Mask/T_TrailMask_03.uasset,.uasset,1388280,SwordTrailVFX,Unreal package (class unverified),format/extension only,added/custom content
Content/SwordTrailVFX/Textures/Mask/T_TrailMask_04.uasset,.uasset,925312,SwordTrailVFX,Unreal package (class unverified),format/extension only,added/custom content
Content/SwordTrailVFX/Textures/Mask/T_TrailMask_05.uasset,.uasset,645434,SwordTrailVFX,Unreal package (class unverified),format/extension only,added/custom content
Content/SwordTrailVFX/Textures/Mask/T_TrailMask_06.uasset,.uasset,543823,SwordTrailVFX,Unreal package (class unverified),format/extension only,added/custom content
Content/SwordTrailVFX/Textures/Mask/T_TrailMask_07.uasset,.uasset,422436,SwordTrailVFX,Unreal package (class unverified),format/extension only,added/custom content
Content/SwordTrailVFX/Textures/Mask/T_TrailMask_08.uasset,.uasset,946773,SwordTrailVFX,Unreal package (class unverified),format/extension only,added/custom content
Content/SwordTrailVFX/Textures/Mask/T_TrailMask_09.uasset,.uasset,498641,SwordTrailVFX,Unreal package (class unverified),format/extension only,added/custom content
Content/SwordTrailVFX/Textures/Mask/T_TrailMask_11.uasset,.uasset,222282,SwordTrailVFX,Unreal package (class unverified),format/extension only,added/custom content
Content/SwordTrailVFX/Textures/Mask/T_TrailMask_12.uasset,.uasset,360259,SwordTrailVFX,Unreal package (class unverified),format/extension only,added/custom content
Content/SwordTrailVFX/Textures/Mask/T_TrailMask_14.uasset,.uasset,727331,SwordTrailVFX,Unreal package (class unverified),format/extension only,added/custom content
Content/SwordTrailVFX/Textures/Mask/T_TrailMask_15.uasset,.uasset,817302,SwordTrailVFX,Unreal package (class unverified),format/extension only,added/custom content
Content/SwordTrailVFX/Textures/Mask/T_TrailMask_16.uasset,.uasset,559572,SwordTrailVFX,Unreal package (class unverified),format/extension only,added/custom content
Content/SwordTrailVFX/Textures/Mask/T_TrailMask_17.uasset,.uasset,29323,SwordTrailVFX,Unreal package (class unverified),format/extension only,added/custom content
Content/SwordTrailVFX/Textures/Mask/T_TrailMask_18.uasset,.uasset,468886,SwordTrailVFX,Unreal package (class unverified),format/extension only,added/custom content
Content/SwordTrailVFX/Textures/Mask/T_TrailMask_19.uasset,.uasset,731415,SwordTrailVFX,Unreal package (class unverified),format/extension only,added/custom content
Content/SwordTrailVFX/Textures/Mask/T_TrailMask_20.uasset,.uasset,479739,SwordTrailVFX,Unreal package (class unverified),format/extension only,added/custom content
Content/SwordTrailVFX/Textures/Mask/T_TrailMask_21.uasset,.uasset,342484,SwordTrailVFX,Unreal package (class unverified),format/extension only,added/custom content
Content/SwordTrailVFX/Textures/Mask/T_TrailMask_22.uasset,.uasset,287712,SwordTrailVFX,Unreal package (class unverified),format/extension only,added/custom content
Content/SwordTrailVFX/Textures/RT_Draw.uasset,.uasset,4042,SwordTrailVFX,Unreal package (class unverified),format/extension only,added/custom content
Content/SwordTrailVFX/Textures/RTs/RT_Draw_01.uasset,.uasset,179913,SwordTrailVFX,Unreal package (class unverified),format/extension only,added/custom content
Content/SwordTrailVFX/Textures/RTs/RT_Draw_N_01.uasset,.uasset,135909,SwordTrailVFX,Unreal package (class unverified),format/extension only,added/custom content
Content/SwordTrailVFX/Textures/T_Base_LC.uasset,.uasset,4531,SwordTrailVFX,Unreal package (class unverified),format/extension only,added/custom content
Content/SwordTrailVFX/VFX/NS_Trail_01.uasset,.uasset,554707,SwordTrailVFX,Unreal package (class unverified),format/extension only,added/custom content
Content/SwordTrailVFX/VFX/NS_Trail_02.uasset,.uasset,556808,SwordTrailVFX,Unreal package (class unverified),format/extension only,added/custom content
Content/SwordTrailVFX/VFX/NS_Trail_03.uasset,.uasset,1190562,SwordTrailVFX,Unreal package (class unverified),format/extension only,added/custom content
Content/SwordTrailVFX/VFX/NS_Trail_04.uasset,.uasset,848552,SwordTrailVFX,Unreal package (class unverified),format/extension only,added/custom content
Content/SwordTrailVFX/VFX/NS_Trail_05.uasset,.uasset,831964,SwordTrailVFX,Unreal package (class unverified),format/extension only,added/custom content
Content/SwordTrailVFX/VFX/NS_Trail_06.uasset,.uasset,869625,SwordTrailVFX,Unreal package (class unverified),format/extension only,added/custom content
Content/SwordTrailVFX/VFX/NS_Trail_07.uasset,.uasset,869331,SwordTrailVFX,Unreal package (class unverified),format/extension only,added/custom content
Content/SwordTrailVFX/VFX/NS_Trail_08.uasset,.uasset,854941,SwordTrailVFX,Unreal package (class unverified),format/extension only,added/custom content
Content/SwordTrailVFX/VFX/NS_Trail_09.uasset,.uasset,855654,SwordTrailVFX,Unreal package (class unverified),format/extension only,added/custom content
Content/SwordTrailVFX/VFX/NS_Trail_10.uasset,.uasset,1790760,SwordTrailVFX,Unreal package (class unverified),format/extension only,added/custom content
Content/SwordTrailVFX/VFX/NS_Trail_11.uasset,.uasset,1780512,SwordTrailVFX,Unreal package (class unverified),format/extension only,added/custom content
Content/SwordTrailVFX/VFX/NS_Trail_12.uasset,.uasset,1929612,SwordTrailVFX,Unreal package (class unverified),format/extension only,added/custom content
Content/SwordTrailVFX/VFX/NS_Trail_13.uasset,.uasset,1367342,SwordTrailVFX,Unreal package (class unverified),format/extension only,added/custom content
Content/SwordTrailVFX/VFX/NS_Trail_14.uasset,.uasset,1702889,SwordTrailVFX,Unreal package (class unverified),format/extension only,added/custom content
Content/SwordTrailVFX/VFX/NS_Trail_15.uasset,.uasset,1346836,SwordTrailVFX,Unreal package (class unverified),format/extension only,added/custom content
Content/SwordTrailVFX/VFX/NS_Trail_16.uasset,.uasset,1351286,SwordTrailVFX,Unreal package (class unverified),format/extension only,added/custom content
Content/SwordTrailVFX/VFX/NS_Trail_17.uasset,.uasset,1351038,SwordTrailVFX,Unreal package (class unverified),format/extension only,added/custom content
Content/SwordTrailVFX/VFX/NS_Trail_18.uasset,.uasset,1351518,SwordTrailVFX,Unreal package (class unverified),format/extension only,added/custom content
Content/TopDown/Blueprints/BP_BaseProjectile.uasset,.uasset,205239,TopDown,Unreal package (class unverified),format/extension only,UE template/demo
Content/TopDown/Blueprints/BP_CombatController.uasset,.uasset,28619,TopDown,Unreal package (class unverified),format/extension only,UE template/demo
Content/TopDown/Blueprints/BP_EnemyTurret.uasset,.uasset,314970,TopDown,Unreal package (class unverified),format/extension only,UE template/demo
Content/TopDown/Blueprints/BP_IsometricCharacter.uasset,.uasset,782053,TopDown,Unreal package (class unverified),format/extension only,UE template/demo
Content/TopDown/Blueprints/BP_TopDownCharacter.uasset,.uasset,30968,TopDown,Unreal package (class unverified),format/extension only,UE template/demo
Content/TopDown/Blueprints/BP_TopDownController.uasset,.uasset,240474,TopDown,Unreal package (class unverified),format/extension only,UE template/demo
Content/TopDown/Blueprints/BP_TopDownGameMode.uasset,.uasset,15825,TopDown,Unreal package (class unverified),format/extension only,UE template/demo
Content/TopDown/Blueprints/GM_CombatArena.uasset,.uasset,21545,TopDown,Unreal package (class unverified),format/extension only,UE template/demo
Content/TopDown/Cursor/FX_Cursor_Failure.uasset,.uasset,191594,TopDown,Unreal package (class unverified),format/extension only,UE template/demo
Content/TopDown/Cursor/FX_Cursor_Success.uasset,.uasset,190461,TopDown,Unreal package (class unverified),format/extension only,UE template/demo
Content/TopDown/Cursor/M_Cursor.uasset,.uasset,16483,TopDown,Unreal package (class unverified),format/extension only,UE template/demo
Content/TopDown/Cursor/MI_Cursor_Red.uasset,.uasset,8515,TopDown,Unreal package (class unverified),format/extension only,UE template/demo
Content/TopDown/Cursor/SM_CursorMesh.uasset,.uasset,17291,TopDown,Unreal package (class unverified),format/extension only,UE template/demo
Content/TopDown/Cursor/SM_CursorMesh_Red.uasset,.uasset,17135,TopDown,Unreal package (class unverified),format/extension only,UE template/demo
Content/TopDown/Cursor/T_Arrow.uasset,.uasset,10536,TopDown,Unreal package (class unverified),format/extension only,UE template/demo
Content/TopDown/Input/Actions/IA_SetDestination_Click.uasset,.uasset,1289,TopDown,Unreal package (class unverified),format/extension only,UE template/demo
Content/TopDown/Input/Actions/IA_SetDestination_Touch.uasset,.uasset,1289,TopDown,Unreal package (class unverified),format/extension only,UE template/demo
Content/TopDown/Input/IMC_Default.uasset,.uasset,2717,TopDown,Unreal package (class unverified),format/extension only,UE template/demo
Content/TopDown/Lvl_TopDown.umap,.umap,14713,TopDown,Unreal map (class unverified),format/extension only,UE template/demo
Content/TopDown/M_FloorColor.uasset,.uasset,8347,TopDown,Unreal package (class unverified),format/extension only,UE template/demo
Content/TopDown/M_WallColor.uasset,.uasset,8935,TopDown,Unreal package (class unverified),format/extension only,UE template/demo
Content/TopDown/MI_Colorway.uasset,.uasset,9439,TopDown,Unreal package (class unverified),format/extension only,UE template/demo
Content/TopDown/UI/WBP_CombatHUD.uasset,.uasset,65996,TopDown,Unreal package (class unverified),format/extension only,UE template/demo
Content/TopDown/UI/WBP_TurretHealthBar.uasset,.uasset,26282,TopDown,Unreal package (class unverified),format/extension only,UE template/demo
Plugins/Marketplace/VibeUE/Content/Help/manage_asset/delete.md,.md,1589,Marketplace/VibeUE,documentation,format/extension only,plugin source/content
Plugins/Marketplace/VibeUE/Content/Help/manage_asset/duplicate.md,.md,1509,Marketplace/VibeUE,documentation,format/extension only,plugin source/content
Plugins/Marketplace/VibeUE/Content/Help/manage_asset/find.md,.md,1223,Marketplace/VibeUE,documentation,format/extension only,plugin source/content
Plugins/Marketplace/VibeUE/Content/Help/manage_asset/help.md,.md,2440,Marketplace/VibeUE,documentation,format/extension only,plugin source/content
Plugins/Marketplace/VibeUE/Content/Help/manage_asset/list.md,.md,1410,Marketplace/VibeUE,documentation,format/extension only,plugin source/content
Plugins/Marketplace/VibeUE/Content/Help/manage_asset/move.md,.md,1314,Marketplace/VibeUE,documentation,format/extension only,plugin source/content
Plugins/Marketplace/VibeUE/Content/Help/manage_asset/open.md,.md,934,Marketplace/VibeUE,documentation,format/extension only,plugin source/content
Plugins/Marketplace/VibeUE/Content/Help/manage_asset/save.md,.md,797,Marketplace/VibeUE,documentation,format/extension only,plugin source/content
Plugins/Marketplace/VibeUE/Content/Help/manage_asset/save_all.md,.md,529,Marketplace/VibeUE,documentation,format/extension only,plugin source/content
Plugins/Marketplace/VibeUE/Content/Help/manage_asset/search.md,.md,1557,Marketplace/VibeUE,documentation,format/extension only,plugin source/content
Plugins/Marketplace/VibeUE/Content/Python/init_unreal.py,.py,4092,Marketplace/VibeUE,Python source,format/extension only,plugin source/content
Plugins/Marketplace/VibeUE/Content/samples/AGENTS.md.sample,.sample,12581,Marketplace/VibeUE,other,extension only,plugin source/content
Plugins/Marketplace/VibeUE/Content/Skills/animation-blueprint/scripts/build_state_machine.txt,.txt,1259,Marketplace/VibeUE,text,format/extension only,plugin source/content
Plugins/Marketplace/VibeUE/Content/Skills/animation-blueprint/SKILL.md,.md,16755,Marketplace/VibeUE,documentation,format/extension only,plugin source/content
Plugins/Marketplace/VibeUE/Content/Skills/animation-editing/api-reference.md,.md,3898,Marketplace/VibeUE,documentation,format/extension only,plugin source/content
Plugins/Marketplace/VibeUE/Content/Skills/animation-editing/common-mistakes.md,.md,3204,Marketplace/VibeUE,documentation,format/extension only,plugin source/content
Plugins/Marketplace/VibeUE/Content/Skills/animation-editing/scripts/learn_constraints.txt,.txt,673,Marketplace/VibeUE,text,format/extension only,plugin source/content
Plugins/Marketplace/VibeUE/Content/Skills/animation-editing/scripts/mirror_pose.txt,.txt,787,Marketplace/VibeUE,text,format/extension only,plugin source/content
Plugins/Marketplace/VibeUE/Content/Skills/animation-editing/scripts/multi_bone_edit.txt,.txt,1148,Marketplace/VibeUE,text,format/extension only,plugin source/content
Plugins/Marketplace/VibeUE/Content/Skills/animation-editing/scripts/preview_validate_bake.txt,.txt,1251,Marketplace/VibeUE,text,format/extension only,plugin source/content
Plugins/Marketplace/VibeUE/Content/Skills/animation-editing/scripts/safe_discovery.txt,.txt,822,Marketplace/VibeUE,text,format/extension only,plugin source/content
Plugins/Marketplace/VibeUE/Content/Skills/animation-editing/SKILL.md,.md,5297,Marketplace/VibeUE,documentation,format/extension only,plugin source/content
Plugins/Marketplace/VibeUE/Content/Skills/animation-editing/workflows.md,.md,4066,Marketplace/VibeUE,documentation,format/extension only,plugin source/content
Plugins/Marketplace/VibeUE/Content/Skills/animation-montage/scripts/create_montage.txt,.txt,829,Marketplace/VibeUE,text,format/extension only,plugin source/content
Plugins/Marketplace/VibeUE/Content/Skills/animation-montage/SKILL.md,.md,14941,Marketplace/VibeUE,documentation,format/extension only,plugin source/content
Plugins/Marketplace/VibeUE/Content/Skills/animsequence/api-reference.md,.md,9047,Marketplace/VibeUE,documentation,format/extension only,plugin source/content
Plugins/Marketplace/VibeUE/Content/Skills/animsequence/bone-rotation.md,.md,3811,Marketplace/VibeUE,documentation,format/extension only,plugin source/content
Plugins/Marketplace/VibeUE/Content/Skills/animsequence/data-structures.md,.md,6212,Marketplace/VibeUE,documentation,format/extension only,plugin source/content
Plugins/Marketplace/VibeUE/Content/Skills/animsequence/method-categories.md,.md,2383,Marketplace/VibeUE,documentation,format/extension only,plugin source/content
Plugins/Marketplace/VibeUE/Content/Skills/animsequence/patterns.md,.md,11380,Marketplace/VibeUE,documentation,format/extension only,plugin source/content
Plugins/Marketplace/VibeUE/Content/Skills/animsequence/scripts/inspect_sequence.txt,.txt,849,Marketplace/VibeUE,text,format/extension only,plugin source/content
Plugins/Marketplace/VibeUE/Content/Skills/animsequence/SKILL.md,.md,13030,Marketplace/VibeUE,documentation,format/extension only,plugin source/content
Plugins/Marketplace/VibeUE/Content/Skills/animsequence/workflows.md,.md,17869,Marketplace/VibeUE,documentation,format/extension only,plugin source/content
Plugins/Marketplace/VibeUE/Content/Skills/asset-management/scripts/find_and_save.txt,.txt,1198,Marketplace/VibeUE,text,format/extension only,plugin source/content
Plugins/Marketplace/VibeUE/Content/Skills/asset-management/SKILL.md,.md,17344,Marketplace/VibeUE,documentation,format/extension only,plugin source/content
Plugins/Marketplace/VibeUE/Content/Skills/blueprint-graphs/array-operations.md,.md,4549,Marketplace/VibeUE,documentation,format/extension only,plugin source/content
Plugins/Marketplace/VibeUE/Content/Skills/blueprint-graphs/build-graph.md,.md,17321,Marketplace/VibeUE,documentation,format/extension only,plugin source/content
Plugins/Marketplace/VibeUE/Content/Skills/blueprint-graphs/function-classes.md,.md,1215,Marketplace/VibeUE,documentation,format/extension only,plugin source/content
Plugins/Marketplace/VibeUE/Content/Skills/blueprint-graphs/node-layout.md,.md,1921,Marketplace/VibeUE,documentation,format/extension only,plugin source/content
Plugins/Marketplace/VibeUE/Content/Skills/blueprint-graphs/node-reference.md,.md,12629,Marketplace/VibeUE,documentation,format/extension only,plugin source/content
Plugins/Marketplace/VibeUE/Content/Skills/blueprint-graphs/scripts/build_event_graph.txt,.txt,1616,Marketplace/VibeUE,text,format/extension only,plugin source/content
Plugins/Marketplace/VibeUE/Content/Skills/blueprint-graphs/scripts/timer_with_custom_event.txt,.txt,2662,Marketplace/VibeUE,text,format/extension only,plugin source/content
Plugins/Marketplace/VibeUE/Content/Skills/blueprint-graphs/SKILL.md,.md,40187,Marketplace/VibeUE,documentation,format/extension only,plugin source/content
Plugins/Marketplace/VibeUE/Content/Skills/blueprint-graphs/workflows.md,.md,6217,Marketplace/VibeUE,documentation,format/extension only,plugin source/content
Plugins/Marketplace/VibeUE/Content/Skills/blueprints/introspection.md,.md,4023,Marketplace/VibeUE,documentation,format/extension only,plugin source/content
Plugins/Marketplace/VibeUE/Content/Skills/blueprints/scripts/add_component.txt,.txt,1760,Marketplace/VibeUE,text,format/extension only,plugin source/content
Plugins/Marketplace/VibeUE/Content/Skills/blueprints/scripts/add_interface.txt,.txt,953,Marketplace/VibeUE,text,format/extension only,plugin source/content
Plugins/Marketplace/VibeUE/Content/Skills/blueprints/scripts/create_blueprint.txt,.txt,2538,Marketplace/VibeUE,text,format/extension only,plugin source/content
Plugins/Marketplace/VibeUE/Content/Skills/blueprints/scripts/event_dispatcher.txt,.txt,1664,Marketplace/VibeUE,text,format/extension only,plugin source/content
Plugins/Marketplace/VibeUE/Content/Skills/blueprints/SKILL.md,.md,24705,Marketplace/VibeUE,documentation,format/extension only,plugin source/content
Plugins/Marketplace/VibeUE/Content/Skills/blueprints/workflows.md,.md,4199,Marketplace/VibeUE,documentation,format/extension only,plugin source/content
Plugins/Marketplace/VibeUE/Content/Skills/engine-settings/scripts/set_cvars.txt,.txt,794,Marketplace/VibeUE,text,format/extension only,plugin source/content
Plugins/Marketplace/VibeUE/Content/Skills/engine-settings/SKILL.md,.md,5574,Marketplace/VibeUE,documentation,format/extension only,plugin source/content
Plugins/Marketplace/VibeUE/Content/Skills/enhanced-input/scripts/setup_input.txt,.txt,769,Marketplace/VibeUE,text,format/extension only,plugin source/content
Plugins/Marketplace/VibeUE/Content/Skills/enhanced-input/SKILL.md,.md,6513,Marketplace/VibeUE,documentation,format/extension only,plugin source/content
Plugins/Marketplace/VibeUE/Content/Skills/enum-struct/scripts/create_enum_struct.txt,.txt,828,Marketplace/VibeUE,text,format/extension only,plugin source/content
Plugins/Marketplace/VibeUE/Content/Skills/enum-struct/SKILL.md,.md,9664,Marketplace/VibeUE,documentation,format/extension only,plugin source/content
Plugins/Marketplace/VibeUE/Content/Skills/foliage/scripts/scatter_foliage.txt,.txt,902,Marketplace/VibeUE,text,format/extension only,plugin source/content
Plugins/Marketplace/VibeUE/Content/Skills/foliage/SKILL.md,.md,12066,Marketplace/VibeUE,documentation,format/extension only,plugin source/content
Plugins/Marketplace/VibeUE/Content/Skills/frame-rate/scripts/uncap_fps.txt,.txt,1303,Marketplace/VibeUE,text,format/extension only,plugin source/content
Plugins/Marketplace/VibeUE/Content/Skills/frame-rate/SKILL.md,.md,4980,Marketplace/VibeUE,documentation,format/extension only,plugin source/content
Plugins/Marketplace/VibeUE/Content/Skills/gameplay-tags/scripts/add_tags.txt,.txt,840,Marketplace/VibeUE,text,format/extension only,plugin source/content
Plugins/Marketplace/VibeUE/Content/Skills/gameplay-tags/SKILL.md,.md,8940,Marketplace/VibeUE,documentation,format/extension only,plugin source/content
Plugins/Marketplace/VibeUE/Content/Skills/landscape-auto-material/architecture-details.md,.md,4025,Marketplace/VibeUE,documentation,format/extension only,plugin source/content
Plugins/Marketplace/VibeUE/Content/Skills/landscape-auto-material/biomes-and-templates.md,.md,4668,Marketplace/VibeUE,documentation,format/extension only,plugin source/content
Plugins/Marketplace/VibeUE/Content/Skills/landscape-auto-material/material-functions.md,.md,2103,Marketplace/VibeUE,documentation,format/extension only,plugin source/content
Plugins/Marketplace/VibeUE/Content/Skills/landscape-auto-material/parameter-reference.md,.md,4566,Marketplace/VibeUE,documentation,format/extension only,plugin source/content
Plugins/Marketplace/VibeUE/Content/Skills/landscape-auto-material/reference-example.md,.md,2183,Marketplace/VibeUE,documentation,format/extension only,plugin source/content
Plugins/Marketplace/VibeUE/Content/Skills/landscape-auto-material/rvt-setup.md,.md,2346,Marketplace/VibeUE,documentation,format/extension only,plugin source/content
Plugins/Marketplace/VibeUE/Content/Skills/landscape-auto-material/SKILL.md,.md,10166,Marketplace/VibeUE,documentation,format/extension only,plugin source/content
Plugins/Marketplace/VibeUE/Content/Skills/landscape-auto-material/workflows.md,.md,9190,Marketplace/VibeUE,documentation,format/extension only,plugin source/content
Plugins/Marketplace/VibeUE/Content/Skills/landscape-materials/satellite.md,.md,3182,Marketplace/VibeUE,documentation,format/extension only,plugin source/content
Plugins/Marketplace/VibeUE/Content/Skills/landscape-materials/scripts/create_landscape_material.txt,.txt,951,Marketplace/VibeUE,text,format/extension only,plugin source/content
Plugins/Marketplace/VibeUE/Content/Skills/landscape-materials/SKILL.md,.md,6763,Marketplace/VibeUE,documentation,format/extension only,plugin source/content
Plugins/Marketplace/VibeUE/Content/Skills/landscape-materials/workflows.md,.md,11572,Marketplace/VibeUE,documentation,format/extension only,plugin source/content
Plugins/Marketplace/VibeUE/Content/Skills/landscape/intelligent-sculpting.md,.md,8825,Marketplace/VibeUE,documentation,format/extension only,plugin source/content
Plugins/Marketplace/VibeUE/Content/Skills/landscape/return-types.md,.md,4753,Marketplace/VibeUE,documentation,format/extension only,plugin source/content
Plugins/Marketplace/VibeUE/Content/Skills/landscape/scripts/sculpt_terrain.txt,.txt,826,Marketplace/VibeUE,text,format/extension only,plugin source/content
Plugins/Marketplace/VibeUE/Content/Skills/landscape/SKILL.md,.md,20881,Marketplace/VibeUE,documentation,format/extension only,plugin source/content
Plugins/Marketplace/VibeUE/Content/Skills/landscape/workflows-creation.md,.md,10543,Marketplace/VibeUE,documentation,format/extension only,plugin source/content
Plugins/Marketplace/VibeUE/Content/Skills/landscape/workflows-editing.md,.md,19372,Marketplace/VibeUE,documentation,format/extension only,plugin source/content
Plugins/Marketplace/VibeUE/Content/Skills/level-actors/scripts/manipulate_actors.txt,.txt,1205,Marketplace/VibeUE,text,format/extension only,plugin source/content
Plugins/Marketplace/VibeUE/Content/Skills/level-actors/SKILL.md,.md,23389,Marketplace/VibeUE,documentation,format/extension only,plugin source/content
Plugins/Marketplace/VibeUE/Content/Skills/map-blockout/config-reference.md,.md,4071,Marketplace/VibeUE,documentation,format/extension only,plugin source/content
Plugins/Marketplace/VibeUE/Content/Skills/map-blockout/materialization.md,.md,7007,Marketplace/VibeUE,documentation,format/extension only,plugin source/content
Plugins/Marketplace/VibeUE/Content/Skills/map-blockout/return-types.md,.md,5871,Marketplace/VibeUE,documentation,format/extension only,plugin source/content
Plugins/Marketplace/VibeUE/Content/Skills/map-blockout/SKILL.md,.md,7761,Marketplace/VibeUE,documentation,format/extension only,plugin source/content
Plugins/Marketplace/VibeUE/Content/Skills/map-blockout/stage-rules.md,.md,11218,Marketplace/VibeUE,documentation,format/extension only,plugin source/content
Plugins/Marketplace/VibeUE/Content/Skills/map-blockout/workflows.md,.md,7984,Marketplace/VibeUE,documentation,format/extension only,plugin source/content
Plugins/Marketplace/VibeUE/Content/Skills/materials/reference.md,.md,4132,Marketplace/VibeUE,documentation,format/extension only,plugin source/content
Plugins/Marketplace/VibeUE/Content/Skills/materials/scripts/create_instance.txt,.txt,2059,Marketplace/VibeUE,text,format/extension only,plugin source/content
Plugins/Marketplace/VibeUE/Content/Skills/materials/scripts/create_material.txt,.txt,2704,Marketplace/VibeUE,text,format/extension only,plugin source/content
Plugins/Marketplace/VibeUE/Content/Skills/materials/scripts/export_graph.txt,.txt,998,Marketplace/VibeUE,text,format/extension only,plugin source/content
Plugins/Marketplace/VibeUE/Content/Skills/materials/scripts/material_graph_batch.txt,.txt,2625,Marketplace/VibeUE,text,format/extension only,plugin source/content
Plugins/Marketplace/VibeUE/Content/Skills/materials/SKILL.md,.md,19015,Marketplace/VibeUE,documentation,format/extension only,plugin source/content
Plugins/Marketplace/VibeUE/Content/Skills/materials/workflows.md,.md,8733,Marketplace/VibeUE,documentation,format/extension only,plugin source/content
Plugins/Marketplace/VibeUE/Content/Skills/metasounds/scripts/create_metasound.txt,.txt,796,Marketplace/VibeUE,text,format/extension only,plugin source/content
Plugins/Marketplace/VibeUE/Content/Skills/metasounds/SKILL.md,.md,20821,Marketplace/VibeUE,documentation,format/extension only,plugin source/content
Plugins/Marketplace/VibeUE/Content/Skills/niagara-emitters/color.md,.md,9575,Marketplace/VibeUE,documentation,format/extension only,plugin source/content
Plugins/Marketplace/VibeUE/Content/Skills/niagara-emitters/reference.md,.md,4033,Marketplace/VibeUE,documentation,format/extension only,plugin source/content
Plugins/Marketplace/VibeUE/Content/Skills/niagara-emitters/scratch-pad.md,.md,10383,Marketplace/VibeUE,documentation,format/extension only,plugin source/content
Plugins/Marketplace/VibeUE/Content/Skills/niagara-emitters/scripts/build_emitter.txt,.txt,1972,Marketplace/VibeUE,text,format/extension only,plugin source/content
Plugins/Marketplace/VibeUE/Content/Skills/niagara-emitters/scripts/recolor_emitter.txt,.txt,1103,Marketplace/VibeUE,text,format/extension only,plugin source/content
Plugins/Marketplace/VibeUE/Content/Skills/niagara-emitters/SKILL.md,.md,8391,Marketplace/VibeUE,documentation,format/extension only,plugin source/content
Plugins/Marketplace/VibeUE/Content/Skills/niagara-systems/scripts/create_system.txt,.txt,1918,Marketplace/VibeUE,text,format/extension only,plugin source/content
Plugins/Marketplace/VibeUE/Content/Skills/niagara-systems/SKILL.md,.md,10456,Marketplace/VibeUE,documentation,format/extension only,plugin source/content
Plugins/Marketplace/VibeUE/Content/Skills/pcg/reference.md,.md,4672,Marketplace/VibeUE,documentation,format/extension only,plugin source/content
Plugins/Marketplace/VibeUE/Content/Skills/pcg/scripts/build_pcg_graph.txt,.txt,1251,Marketplace/VibeUE,text,format/extension only,plugin source/content
Plugins/Marketplace/VibeUE/Content/Skills/pcg/SKILL.md,.md,7083,Marketplace/VibeUE,documentation,format/extension only,plugin source/content
Plugins/Marketplace/VibeUE/Content/Skills/pcg/workflows.md,.md,10505,Marketplace/VibeUE,documentation,format/extension only,plugin source/content
Plugins/Marketplace/VibeUE/Content/Skills/pie-testing/scripts/pie_test_loop.txt,.txt,973,Marketplace/VibeUE,text,format/extension only,plugin source/content
Plugins/Marketplace/VibeUE/Content/Skills/pie-testing/SKILL.md,.md,5438,Marketplace/VibeUE,documentation,format/extension only,plugin source/content
Plugins/Marketplace/VibeUE/Content/Skills/profiling/SKILL.md,.md,15116,Marketplace/VibeUE,documentation,format/extension only,plugin source/content
Plugins/Marketplace/VibeUE/Content/Skills/project-settings/scripts/configure_setting.txt,.txt,964,Marketplace/VibeUE,text,format/extension only,plugin source/content
Plugins/Marketplace/VibeUE/Content/Skills/project-settings/SKILL.md,.md,8286,Marketplace/VibeUE,documentation,format/extension only,plugin source/content
Plugins/Marketplace/VibeUE/Content/Skills/skeleton/scripts/add_socket.txt,.txt,1424,Marketplace/VibeUE,text,format/extension only,plugin source/content
Plugins/Marketplace/VibeUE/Content/Skills/skeleton/SKILL.md,.md,18096,Marketplace/VibeUE,documentation,format/extension only,plugin source/content
Plugins/Marketplace/VibeUE/Content/Skills/sound-cues/scripts/create_sound_cue.txt,.txt,700,Marketplace/VibeUE,text,format/extension only,plugin source/content
Plugins/Marketplace/VibeUE/Content/Skills/sound-cues/SKILL.md,.md,11481,Marketplace/VibeUE,documentation,format/extension only,plugin source/content
Plugins/Marketplace/VibeUE/Content/Skills/state-trees/api-bindings.md,.md,18065,Marketplace/VibeUE,documentation,format/extension only,plugin source/content
Plugins/Marketplace/VibeUE/Content/Skills/state-trees/api-reference.md,.md,10161,Marketplace/VibeUE,documentation,format/extension only,plugin source/content
Plugins/Marketplace/VibeUE/Content/Skills/state-trees/blueprint-tasks.md,.md,6338,Marketplace/VibeUE,documentation,format/extension only,plugin source/content
Plugins/Marketplace/VibeUE/Content/Skills/state-trees/changelog.md,.md,17949,Marketplace/VibeUE,documentation,format/extension only,plugin source/content
Plugins/Marketplace/VibeUE/Content/Skills/state-trees/event-payloads.md,.md,3307,Marketplace/VibeUE,documentation,format/extension only,plugin source/content
Plugins/Marketplace/VibeUE/Content/Skills/state-trees/scripts/build_state_tree.txt,.txt,1649,Marketplace/VibeUE,text,format/extension only,plugin source/content
Plugins/Marketplace/VibeUE/Content/Skills/state-trees/SKILL.md,.md,25987,Marketplace/VibeUE,documentation,format/extension only,plugin source/content
Plugins/Marketplace/VibeUE/Content/Skills/terrain-data/SKILL.md,.md,15579,Marketplace/VibeUE,documentation,format/extension only,plugin source/content
Plugins/Marketplace/VibeUE/Content/Skills/umg-widgets/mvvm.md,.md,4353,Marketplace/VibeUE,documentation,format/extension only,plugin source/content
Plugins/Marketplace/VibeUE/Content/Skills/umg-widgets/reference.md,.md,9208,Marketplace/VibeUE,documentation,format/extension only,plugin source/content
Plugins/Marketplace/VibeUE/Content/Skills/umg-widgets/scripts/apply_brush.txt,.txt,1532,Marketplace/VibeUE,text,format/extension only,plugin source/content
Plugins/Marketplace/VibeUE/Content/Skills/umg-widgets/scripts/apply_font.txt,.txt,1333,Marketplace/VibeUE,text,format/extension only,plugin source/content
Plugins/Marketplace/VibeUE/Content/Skills/umg-widgets/scripts/build_menu.txt,.txt,1363,Marketplace/VibeUE,text,format/extension only,plugin source/content
Plugins/Marketplace/VibeUE/Content/Skills/umg-widgets/scripts/capture_preview.txt,.txt,911,Marketplace/VibeUE,text,format/extension only,plugin source/content
Plugins/Marketplace/VibeUE/Content/Skills/umg-widgets/scripts/create_animation.txt,.txt,1270,Marketplace/VibeUE,text,format/extension only,plugin source/content
Plugins/Marketplace/VibeUE/Content/Skills/umg-widgets/scripts/create_widget.txt,.txt,1132,Marketplace/VibeUE,text,format/extension only,plugin source/content
Plugins/Marketplace/VibeUE/Content/Skills/umg-widgets/scripts/edit_slots.txt,.txt,1457,Marketplace/VibeUE,text,format/extension only,plugin source/content
Plugins/Marketplace/VibeUE/Content/Skills/umg-widgets/scripts/inspect_hierarchy.txt,.txt,987,Marketplace/VibeUE,text,format/extension only,plugin source/content
Plugins/Marketplace/VibeUE/Content/Skills/umg-widgets/scripts/mvvm_hud.txt,.txt,2101,Marketplace/VibeUE,text,format/extension only,plugin source/content
Plugins/Marketplace/VibeUE/Content/Skills/umg-widgets/scripts/pie_inspect.txt,.txt,1464,Marketplace/VibeUE,text,format/extension only,plugin source/content
Plugins/Marketplace/VibeUE/Content/Skills/umg-widgets/SKILL.md,.md,13260,Marketplace/VibeUE,documentation,format/extension only,plugin source/content
Plugins/Marketplace/VibeUE/Content/Skills/umg-widgets/workflows.md,.md,9412,Marketplace/VibeUE,documentation,format/extension only,plugin source/content
Plugins/Marketplace/VibeUE/Content/Skills/uv-mapping/scripts/inspect_uvs.txt,.txt,669,Marketplace/VibeUE,text,format/extension only,plugin source/content
Plugins/Marketplace/VibeUE/Content/Skills/uv-mapping/SKILL.md,.md,19292,Marketplace/VibeUE,documentation,format/extension only,plugin source/content
Plugins/Marketplace/VibeUE/Content/Skills/vibeue/SKILL.md,.md,5164,Marketplace/VibeUE,documentation,format/extension only,plugin source/content
Plugins/Marketplace/VibeUE/Content/Skills/viewport/scripts/set_camera.txt,.txt,926,Marketplace/VibeUE,text,format/extension only,plugin source/content
Plugins/Marketplace/VibeUE/Content/Skills/viewport/SKILL.md,.md,8594,Marketplace/VibeUE,documentation,format/extension only,plugin source/content
Plugins/Marketplace/VibeUE/README.md,.md,11888,Marketplace/VibeUE,documentation,format/extension only,plugin source/content
Plugins/Marketplace/VibeUE/Resources/Icon128.png,.png,3356,Marketplace/VibeUE,image/texture candidate,format/extension only,plugin source/content
Plugins/Marketplace/VibeUE/Source/VibeUE/Private/Core/JsonValueHelper.cpp,.cpp,24998,Marketplace/VibeUE,C++ source,format/extension only,plugin source/content
Plugins/Marketplace/VibeUE/Source/VibeUE/Private/Core/ParameterConverter.cpp,.cpp,5339,Marketplace/VibeUE,C++ source,format/extension only,plugin source/content
Plugins/Marketplace/VibeUE/Source/VibeUE/Private/Core/ServiceContext.cpp,.cpp,2682,Marketplace/VibeUE,C++ source,format/extension only,plugin source/content
Plugins/Marketplace/VibeUE/Source/VibeUE/Private/Core/ToolRegistry.cpp,.cpp,14248,Marketplace/VibeUE,C++ source,format/extension only,plugin source/content
Plugins/Marketplace/VibeUE/Source/VibeUE/Private/Core/VibeUEMCPToolBridge.cpp,.cpp,8034,Marketplace/VibeUE,C++ source,format/extension only,plugin source/content
Plugins/Marketplace/VibeUE/Source/VibeUE/Private/MapBlockout/MapBlockoutImage.cpp,.cpp,16060,Marketplace/VibeUE,C++ source,format/extension only,plugin source/content
Plugins/Marketplace/VibeUE/Source/VibeUE/Private/MapBlockout/MapBlockoutMath.cpp,.cpp,17307,Marketplace/VibeUE,C++ source,format/extension only,plugin source/content
Plugins/Marketplace/VibeUE/Source/VibeUE/Private/Module.cpp,.cpp,15640,Marketplace/VibeUE,C++ source,format/extension only,plugin source/content
Plugins/Marketplace/VibeUE/Source/VibeUE/Private/PythonAPI/BlueprintTypeParser.cpp,.cpp,14992,Marketplace/VibeUE,C++ source,format/extension only,plugin source/content
Plugins/Marketplace/VibeUE/Source/VibeUE/Private/PythonAPI/UActorService.cpp,.cpp,11933,Marketplace/VibeUE,C++ source,format/extension only,plugin source/content
Plugins/Marketplace/VibeUE/Source/VibeUE/Private/PythonAPI/UAnimGraphService.cpp,.cpp,94996,Marketplace/VibeUE,C++ source,format/extension only,plugin source/content
Plugins/Marketplace/VibeUE/Source/VibeUE/Private/PythonAPI/UAnimMontageService.cpp,.cpp,54816,Marketplace/VibeUE,C++ source,format/extension only,plugin source/content
Plugins/Marketplace/VibeUE/Source/VibeUE/Private/PythonAPI/UAnimSequenceService.cpp,.cpp,119951,Marketplace/VibeUE,C++ source,format/extension only,plugin source/content
Plugins/Marketplace/VibeUE/Source/VibeUE/Private/PythonAPI/UAssetDiscoveryService.cpp,.cpp,8767,Marketplace/VibeUE,C++ source,format/extension only,plugin source/content
Plugins/Marketplace/VibeUE/Source/VibeUE/Private/PythonAPI/UBlueprintService.cpp,.cpp,328675,Marketplace/VibeUE,C++ source,format/extension only,plugin source/content
Plugins/Marketplace/VibeUE/Source/VibeUE/Private/PythonAPI/UEngineSettingsService.cpp,.cpp,16831,Marketplace/VibeUE,C++ source,format/extension only,plugin source/content
Plugins/Marketplace/VibeUE/Source/VibeUE/Private/PythonAPI/UEnumStructService.cpp,.cpp,39031,Marketplace/VibeUE,C++ source,format/extension only,plugin source/content
Plugins/Marketplace/VibeUE/Source/VibeUE/Private/PythonAPI/UFoliageService.cpp,.cpp,36423,Marketplace/VibeUE,C++ source,format/extension only,plugin source/content
Plugins/Marketplace/VibeUE/Source/VibeUE/Private/PythonAPI/UGameplayTagService.cpp,.cpp,4890,Marketplace/VibeUE,C++ source,format/extension only,plugin source/content
Plugins/Marketplace/VibeUE/Source/VibeUE/Private/PythonAPI/UInputService.cpp,.cpp,21710,Marketplace/VibeUE,C++ source,format/extension only,plugin source/content
Plugins/Marketplace/VibeUE/Source/VibeUE/Private/PythonAPI/ULandscapeMaterialService.cpp,.cpp,64712,Marketplace/VibeUE,C++ source,format/extension only,plugin source/content
Plugins/Marketplace/VibeUE/Source/VibeUE/Private/PythonAPI/ULandscapeService.cpp,.cpp,185531,Marketplace/VibeUE,C++ source,format/extension only,plugin source/content
Plugins/Marketplace/VibeUE/Source/VibeUE/Private/PythonAPI/UMapBlockoutService.cpp,.cpp,21876,Marketplace/VibeUE,C++ source,format/extension only,plugin source/content
Plugins/Marketplace/VibeUE/Source/VibeUE/Private/PythonAPI/UMapBlockoutService_Materialize.cpp,.cpp,14408,Marketplace/VibeUE,C++ source,format/extension only,plugin source/content
Plugins/Marketplace/VibeUE/Source/VibeUE/Private/PythonAPI/UMapBlockoutService_Stages.cpp,.cpp,85034,Marketplace/VibeUE,C++ source,format/extension only,plugin source/content
Plugins/Marketplace/VibeUE/Source/VibeUE/Private/PythonAPI/UMaterialNodeService.cpp,.cpp,113285,Marketplace/VibeUE,C++ source,format/extension only,plugin source/content
Plugins/Marketplace/VibeUE/Source/VibeUE/Private/PythonAPI/UMaterialService.cpp,.cpp,28137,Marketplace/VibeUE,C++ source,format/extension only,plugin source/content
Plugins/Marketplace/VibeUE/Source/VibeUE/Private/PythonAPI/UMetaSoundService.cpp,.cpp,40080,Marketplace/VibeUE,C++ source,format/extension only,plugin source/content
Plugins/Marketplace/VibeUE/Source/VibeUE/Private/PythonAPI/UNiagaraEmitterService.cpp,.cpp,33983,Marketplace/VibeUE,C++ source,format/extension only,plugin source/content
Plugins/Marketplace/VibeUE/Source/VibeUE/Private/PythonAPI/UNiagaraScratchPadService.cpp,.cpp,47892,Marketplace/VibeUE,C++ source,format/extension only,plugin source/content
Plugins/Marketplace/VibeUE/Source/VibeUE/Private/PythonAPI/UNiagaraService.cpp,.cpp,38193,Marketplace/VibeUE,C++ source,format/extension only,plugin source/content
Plugins/Marketplace/VibeUE/Source/VibeUE/Private/PythonAPI/UPerformanceService.cpp,.cpp,24227,Marketplace/VibeUE,C++ source,format/extension only,plugin source/content
Plugins/Marketplace/VibeUE/Source/VibeUE/Private/PythonAPI/UProjectSettingsService.cpp,.cpp,8580,Marketplace/VibeUE,C++ source,format/extension only,plugin source/content
Plugins/Marketplace/VibeUE/Source/VibeUE/Private/PythonAPI/URuntimeVirtualTextureService.cpp,.cpp,13577,Marketplace/VibeUE,C++ source,format/extension only,plugin source/content
Plugins/Marketplace/VibeUE/Source/VibeUE/Private/PythonAPI/USkeletonService.cpp,.cpp,50909,Marketplace/VibeUE,C++ source,format/extension only,plugin source/content
Plugins/Marketplace/VibeUE/Source/VibeUE/Private/PythonAPI/USoundCueService.cpp,.cpp,49153,Marketplace/VibeUE,C++ source,format/extension only,plugin source/content
Plugins/Marketplace/VibeUE/Source/VibeUE/Private/PythonAPI/UStateTreeService.cpp,.cpp,217757,Marketplace/VibeUE,C++ source,format/extension only,plugin source/content
Plugins/Marketplace/VibeUE/Source/VibeUE/Private/PythonAPI/UTransactionService.cpp,.cpp,4743,Marketplace/VibeUE,C++ source,format/extension only,plugin source/content
Plugins/Marketplace/VibeUE/Source/VibeUE/Private/PythonAPI/UUVMappingService.cpp,.cpp,53093,Marketplace/VibeUE,C++ source,format/extension only,plugin source/content
Plugins/Marketplace/VibeUE/Source/VibeUE/Private/PythonAPI/UViewportService.cpp,.cpp,17854,Marketplace/VibeUE,C++ source,format/extension only,plugin source/content
Plugins/Marketplace/VibeUE/Source/VibeUE/Private/PythonAPI/UWidgetService.cpp,.cpp,116177,Marketplace/VibeUE,C++ source,format/extension only,plugin source/content
Plugins/Marketplace/VibeUE/Source/VibeUE/Private/Tools/DeepResearchTools.cpp,.cpp,22360,Marketplace/VibeUE,C++ source,format/extension only,plugin source/content
Plugins/Marketplace/VibeUE/Source/VibeUE/Private/Tools/PythonDiscoveryService.cpp,.cpp,28338,Marketplace/VibeUE,C++ source,format/extension only,plugin source/content
Plugins/Marketplace/VibeUE/Source/VibeUE/Private/Tools/PythonExecutionService.cpp,.cpp,18633,Marketplace/VibeUE,C++ source,format/extension only,plugin source/content
Plugins/Marketplace/VibeUE/Source/VibeUE/Private/Tools/PythonSchemaService.cpp,.cpp,10810,Marketplace/VibeUE,C++ source,format/extension only,plugin source/content
Plugins/Marketplace/VibeUE/Source/VibeUE/Private/Tools/PythonTools.cpp,.cpp,19622,Marketplace/VibeUE,C++ source,format/extension only,plugin source/content
Plugins/Marketplace/VibeUE/Source/VibeUE/Private/Tools/PythonToolsRegistration.cpp,.cpp,12735,Marketplace/VibeUE,C++ source,format/extension only,plugin source/content
Plugins/Marketplace/VibeUE/Source/VibeUE/Private/Tools/ServiceBase.cpp,.cpp,2025,Marketplace/VibeUE,C++ source,format/extension only,plugin source/content
Plugins/Marketplace/VibeUE/Source/VibeUE/Private/Tools/TerrainDataTools.cpp,.cpp,36055,Marketplace/VibeUE,C++ source,format/extension only,plugin source/content
Plugins/Marketplace/VibeUE/Source/VibeUE/Private/Utils/HelpFileReader.cpp,.cpp,5913,Marketplace/VibeUE,C++ source,format/extension only,plugin source/content
Plugins/Marketplace/VibeUE/Source/VibeUE/Private/Utils/VibeUEPaths.cpp,.cpp,4911,Marketplace/VibeUE,C++ source,format/extension only,plugin source/content
Plugins/Marketplace/VibeUE/Source/VibeUE/Public/Core/ErrorCodes.h,.h,26595,Marketplace/VibeUE,C++ source,format/extension only,plugin source/content
Plugins/Marketplace/VibeUE/Source/VibeUE/Public/Core/JsonValueHelper.h,.h,11357,Marketplace/VibeUE,C++ source,format/extension only,plugin source/content
Plugins/Marketplace/VibeUE/Source/VibeUE/Public/Core/ParameterConverter.h,.h,1892,Marketplace/VibeUE,C++ source,format/extension only,plugin source/content
Plugins/Marketplace/VibeUE/Source/VibeUE/Public/Core/Result.h,.h,5280,Marketplace/VibeUE,C++ source,format/extension only,plugin source/content
Plugins/Marketplace/VibeUE/Source/VibeUE/Public/Core/ServiceContext.h,.h,4213,Marketplace/VibeUE,C++ source,format/extension only,plugin source/content
Plugins/Marketplace/VibeUE/Source/VibeUE/Public/Core/ToolMetadata.h,.h,3186,Marketplace/VibeUE,C++ source,format/extension only,plugin source/content
Plugins/Marketplace/VibeUE/Source/VibeUE/Public/Core/ToolRegistry.h,.h,7135,Marketplace/VibeUE,C++ source,format/extension only,plugin source/content
Plugins/Marketplace/VibeUE/Source/VibeUE/Public/Core/TResult.h,.h,3584,Marketplace/VibeUE,C++ source,format/extension only,plugin source/content
Plugins/Marketplace/VibeUE/Source/VibeUE/Public/Core/VibeUEMCPToolBridge.h,.h,671,Marketplace/VibeUE,C++ source,format/extension only,plugin source/content
Plugins/Marketplace/VibeUE/Source/VibeUE/Public/MapBlockout/MapBlockoutImage.h,.h,4669,Marketplace/VibeUE,C++ source,format/extension only,plugin source/content
Plugins/Marketplace/VibeUE/Source/VibeUE/Public/MapBlockout/MapBlockoutMath.h,.h,5852,Marketplace/VibeUE,C++ source,format/extension only,plugin source/content
Plugins/Marketplace/VibeUE/Source/VibeUE/Public/Module.h,.h,1036,Marketplace/VibeUE,C++ source,format/extension only,plugin source/content
Plugins/Marketplace/VibeUE/Source/VibeUE/Public/PythonAPI/BlueprintTypeParser.h,.h,3670,Marketplace/VibeUE,C++ source,format/extension only,plugin source/content
Plugins/Marketplace/VibeUE/Source/VibeUE/Public/PythonAPI/UActorService.h,.h,13283,Marketplace/VibeUE,C++ source,format/extension only,plugin source/content
Plugins/Marketplace/VibeUE/Source/VibeUE/Public/PythonAPI/UAnimGraphService.h,.h,47052,Marketplace/VibeUE,C++ source,format/extension only,plugin source/content
Plugins/Marketplace/VibeUE/Source/VibeUE/Public/PythonAPI/UAnimMontageService.h,.h,41465,Marketplace/VibeUE,C++ source,format/extension only,plugin source/content
Plugins/Marketplace/VibeUE/Source/VibeUE/Public/PythonAPI/UAnimSequenceService.h,.h,66426,Marketplace/VibeUE,C++ source,format/extension only,plugin source/content
Plugins/Marketplace/VibeUE/Source/VibeUE/Public/PythonAPI/UAssetDiscoveryService.h,.h,5414,Marketplace/VibeUE,C++ source,format/extension only,plugin source/content
Plugins/Marketplace/VibeUE/Source/VibeUE/Public/PythonAPI/UBlueprintService.h,.h,125556,Marketplace/VibeUE,C++ source,format/extension only,plugin source/content
Plugins/Marketplace/VibeUE/Source/VibeUE/Public/PythonAPI/UEngineSettingsService.h,.h,11681,Marketplace/VibeUE,C++ source,format/extension only,plugin source/content
Plugins/Marketplace/VibeUE/Source/VibeUE/Public/PythonAPI/UEnumStructService.h,.h,18200,Marketplace/VibeUE,C++ source,format/extension only,plugin source/content
Plugins/Marketplace/VibeUE/Source/VibeUE/Public/PythonAPI/UFoliageService.h,.h,17474,Marketplace/VibeUE,C++ source,format/extension only,plugin source/content
Plugins/Marketplace/VibeUE/Source/VibeUE/Public/PythonAPI/UGameplayTagService.h,.h,6387,Marketplace/VibeUE,C++ source,format/extension only,plugin source/content
Plugins/Marketplace/VibeUE/Source/VibeUE/Public/PythonAPI/UInputService.h,.h,20330,Marketplace/VibeUE,C++ source,format/extension only,plugin source/content
Plugins/Marketplace/VibeUE/Source/VibeUE/Public/PythonAPI/ULandscapeMaterialService.h,.h,30233,Marketplace/VibeUE,C++ source,format/extension only,plugin source/content
Plugins/Marketplace/VibeUE/Source/VibeUE/Public/PythonAPI/ULandscapeService.h,.h,76557,Marketplace/VibeUE,C++ source,format/extension only,plugin source/content
Plugins/Marketplace/VibeUE/Source/VibeUE/Public/PythonAPI/UMapBlockoutService.h,.h,30391,Marketplace/VibeUE,C++ source,format/extension only,plugin source/content
Plugins/Marketplace/VibeUE/Source/VibeUE/Public/PythonAPI/UMaterialNodeService.h,.h,43111,Marketplace/VibeUE,C++ source,format/extension only,plugin source/content
Plugins/Marketplace/VibeUE/Source/VibeUE/Public/PythonAPI/UMaterialService.h,.h,15670,Marketplace/VibeUE,C++ source,format/extension only,plugin source/content
Plugins/Marketplace/VibeUE/Source/VibeUE/Public/PythonAPI/UMetaSoundService.h,.h,17961,Marketplace/VibeUE,C++ source,format/extension only,plugin source/content
Plugins/Marketplace/VibeUE/Source/VibeUE/Public/PythonAPI/UNiagaraEmitterService.h,.h,10292,Marketplace/VibeUE,C++ source,format/extension only,plugin source/content
Plugins/Marketplace/VibeUE/Source/VibeUE/Public/PythonAPI/UNiagaraScratchPadService.h,.h,19234,Marketplace/VibeUE,C++ source,format/extension only,plugin source/content
Plugins/Marketplace/VibeUE/Source/VibeUE/Public/PythonAPI/UNiagaraService.h,.h,11738,Marketplace/VibeUE,C++ source,format/extension only,plugin source/content
Plugins/Marketplace/VibeUE/Source/VibeUE/Public/PythonAPI/UPerformanceService.h,.h,4128,Marketplace/VibeUE,C++ source,format/extension only,plugin source/content
Plugins/Marketplace/VibeUE/Source/VibeUE/Public/PythonAPI/UProjectSettingsService.h,.h,8372,Marketplace/VibeUE,C++ source,format/extension only,plugin source/content
Plugins/Marketplace/VibeUE/Source/VibeUE/Public/PythonAPI/URuntimeVirtualTextureService.h,.h,7267,Marketplace/VibeUE,C++ source,format/extension only,plugin source/content
Plugins/Marketplace/VibeUE/Source/VibeUE/Public/PythonAPI/USkeletonService.h,.h,41414,Marketplace/VibeUE,C++ source,format/extension only,plugin source/content
Plugins/Marketplace/VibeUE/Source/VibeUE/Public/PythonAPI/USoundCueService.h,.h,30343,Marketplace/VibeUE,C++ source,format/extension only,plugin source/content
Plugins/Marketplace/VibeUE/Source/VibeUE/Public/PythonAPI/UStateTreeService.h,.h,60011,Marketplace/VibeUE,C++ source,format/extension only,plugin source/content
Plugins/Marketplace/VibeUE/Source/VibeUE/Public/PythonAPI/UTransactionService.h,.h,6975,Marketplace/VibeUE,C++ source,format/extension only,plugin source/content
Plugins/Marketplace/VibeUE/Source/VibeUE/Public/PythonAPI/UUVMappingService.h,.h,24192,Marketplace/VibeUE,C++ source,format/extension only,plugin source/content
Plugins/Marketplace/VibeUE/Source/VibeUE/Public/PythonAPI/UViewportService.h,.h,13826,Marketplace/VibeUE,C++ source,format/extension only,plugin source/content
Plugins/Marketplace/VibeUE/Source/VibeUE/Public/PythonAPI/UWidgetService.h,.h,38926,Marketplace/VibeUE,C++ source,format/extension only,plugin source/content
Plugins/Marketplace/VibeUE/Source/VibeUE/Public/Settings/VibeUEEditorSettings.h,.h,1302,Marketplace/VibeUE,C++ source,format/extension only,plugin source/content
Plugins/Marketplace/VibeUE/Source/VibeUE/Public/Tools/PythonDiscoveryService.h,.h,6492,Marketplace/VibeUE,C++ source,format/extension only,plugin source/content
Plugins/Marketplace/VibeUE/Source/VibeUE/Public/Tools/PythonExecutionService.h,.h,3307,Marketplace/VibeUE,C++ source,format/extension only,plugin source/content
Plugins/Marketplace/VibeUE/Source/VibeUE/Public/Tools/PythonSchemaService.h,.h,2735,Marketplace/VibeUE,C++ source,format/extension only,plugin source/content
Plugins/Marketplace/VibeUE/Source/VibeUE/Public/Tools/PythonTools.h,.h,4412,Marketplace/VibeUE,C++ source,format/extension only,plugin source/content
Plugins/Marketplace/VibeUE/Source/VibeUE/Public/Tools/PythonTypes.h,.h,3026,Marketplace/VibeUE,C++ source,format/extension only,plugin source/content
Plugins/Marketplace/VibeUE/Source/VibeUE/Public/Tools/ServiceBase.h,.h,3418,Marketplace/VibeUE,C++ source,format/extension only,plugin source/content
Plugins/Marketplace/VibeUE/Source/VibeUE/Public/Tools/ToolMacros.h,.h,1826,Marketplace/VibeUE,C++ source,format/extension only,plugin source/content
Plugins/Marketplace/VibeUE/Source/VibeUE/Public/Utils/HelpFileReader.h,.h,2117,Marketplace/VibeUE,C++ source,format/extension only,plugin source/content
Plugins/Marketplace/VibeUE/Source/VibeUE/Public/Utils/ParamValidation.h,.h,4852,Marketplace/VibeUE,C++ source,format/extension only,plugin source/content
Plugins/Marketplace/VibeUE/Source/VibeUE/Public/Utils/VibeUEPaths.h,.h,2101,Marketplace/VibeUE,C++ source,format/extension only,plugin source/content
Plugins/Marketplace/VibeUE/Source/VibeUE/VibeUE.Build.cs,.cs,6101,Marketplace/VibeUE,C# build source,format/extension only,plugin source/content
Plugins/Marketplace/VibeUE/test_prompts/animation-blueprint/animation_blueprint.md,.md,11509,Marketplace/VibeUE,documentation,format/extension only,plugin source/content
Plugins/Marketplace/VibeUE/test_prompts/animation-editing.md,.md,16321,Marketplace/VibeUE,documentation,format/extension only,plugin source/content
Plugins/Marketplace/VibeUE/test_prompts/animsequence/animsequence_tests.md,.md,14898,Marketplace/VibeUE,documentation,format/extension only,plugin source/content
Plugins/Marketplace/VibeUE/test_prompts/asset_management/Test_Open_And_Selected_Assets.md,.md,1982,Marketplace/VibeUE,documentation,format/extension only,plugin source/content
Plugins/Marketplace/VibeUE/test_prompts/assets/manage_asset.md,.md,2361,Marketplace/VibeUE,documentation,format/extension only,plugin source/content
Plugins/Marketplace/VibeUE/test_prompts/blueprint/blueprint_tests.md,.md,21865,Marketplace/VibeUE,documentation,format/extension only,plugin source/content
Plugins/Marketplace/VibeUE/test_prompts/blueprint/node_discovery_tests.md,.md,5193,Marketplace/VibeUE,documentation,format/extension only,plugin source/content
Plugins/Marketplace/VibeUE/test_prompts/color/color_testing.md,.md,10555,Marketplace/VibeUE,documentation,format/extension only,plugin source/content
Plugins/Marketplace/VibeUE/test_prompts/data_asset/data_asset_test.md,.md,9992,Marketplace/VibeUE,documentation,format/extension only,plugin source/content
Plugins/Marketplace/VibeUE/test_prompts/data_table/data_table_test.md,.md,8821,Marketplace/VibeUE,documentation,format/extension only,plugin source/content
Plugins/Marketplace/VibeUE/test_prompts/deep-research/deep_research_tests.md,.md,5461,Marketplace/VibeUE,documentation,format/extension only,plugin source/content
Plugins/Marketplace/VibeUE/test_prompts/demo_prompts.md,.md,680,Marketplace/VibeUE,documentation,format/extension only,plugin source/content
Plugins/Marketplace/VibeUE/test_prompts/enhanced_input/enhanced_input_test.md,.md,4953,Marketplace/VibeUE,documentation,format/extension only,plugin source/content
Plugins/Marketplace/VibeUE/test_prompts/enum_struct/enum_struct_tests.md,.md,1910,Marketplace/VibeUE,documentation,format/extension only,plugin source/content
Plugins/Marketplace/VibeUE/test_prompts/foliage/foliage_tests.md,.md,3353,Marketplace/VibeUE,documentation,format/extension only,plugin source/content
Plugins/Marketplace/VibeUE/test_prompts/gameplay-tags/gameplay_tags_tests.md,.md,1633,Marketplace/VibeUE,documentation,format/extension only,plugin source/content
Plugins/Marketplace/VibeUE/test_prompts/landscape/landscape_tests.md,.md,41098,Marketplace/VibeUE,documentation,format/extension only,plugin source/content
Plugins/Marketplace/VibeUE/test_prompts/level_actors/level_actor_tests.md,.md,2573,Marketplace/VibeUE,documentation,format/extension only,plugin source/content
Plugins/Marketplace/VibeUE/test_prompts/logs/log_reader_tests.md,.md,3803,Marketplace/VibeUE,documentation,format/extension only,plugin source/content
Plugins/Marketplace/VibeUE/test_prompts/map-blockout/map_blockout_tests.md,.md,14982,Marketplace/VibeUE,documentation,format/extension only,plugin source/content
Plugins/Marketplace/VibeUE/test_prompts/materials/materials_tests.md,.md,7246,Marketplace/VibeUE,documentation,format/extension only,plugin source/content
Plugins/Marketplace/VibeUE/test_prompts/metasounds/metasounds_tests.md,.md,10606,Marketplace/VibeUE,documentation,format/extension only,plugin source/content
Plugins/Marketplace/VibeUE/test_prompts/montage/montage_tests.md,.md,4464,Marketplace/VibeUE,documentation,format/extension only,plugin source/content
Plugins/Marketplace/VibeUE/test_prompts/niagara/niagara_test.md,.md,6247,Marketplace/VibeUE,documentation,format/extension only,plugin source/content
Plugins/Marketplace/VibeUE/test_prompts/niagara/scratchpad_trackpainter.md,.md,5461,Marketplace/VibeUE,documentation,format/extension only,plugin source/content
Plugins/Marketplace/VibeUE/test_prompts/pcg/pcg_tests.md,.md,8800,Marketplace/VibeUE,documentation,format/extension only,plugin source/content
Plugins/Marketplace/VibeUE/test_prompts/skeleton/skeleton_tests.md,.md,10522,Marketplace/VibeUE,documentation,format/extension only,plugin source/content
Plugins/Marketplace/VibeUE/test_prompts/Smoke_Test.md,.md,1614,Marketplace/VibeUE,documentation,format/extension only,plugin source/content
Plugins/Marketplace/VibeUE/test_prompts/sound-cues/sound_cues_tests.md,.md,9108,Marketplace/VibeUE,documentation,format/extension only,plugin source/content
Plugins/Marketplace/VibeUE/test_prompts/state-trees/state_trees_tests.md,.md,23387,Marketplace/VibeUE,documentation,format/extension only,plugin source/content
Plugins/Marketplace/VibeUE/test_prompts/terrain-data/terrain_data_tests.md,.md,9574,Marketplace/VibeUE,documentation,format/extension only,plugin source/content
Plugins/Marketplace/VibeUE/test_prompts/transactions/transactions.md,.md,3692,Marketplace/VibeUE,documentation,format/extension only,plugin source/content
Plugins/Marketplace/VibeUE/test_prompts/umg/manage_umg_widget.md,.md,6789,Marketplace/VibeUE,documentation,format/extension only,plugin source/content
Plugins/Marketplace/VibeUE/test_prompts/umg/viewmodel_binding.md,.md,5306,Marketplace/VibeUE,documentation,format/extension only,plugin source/content
Plugins/Marketplace/VibeUE/test_prompts/umg/widget_hierarchy.md,.md,1321,Marketplace/VibeUE,documentation,format/extension only,plugin source/content
Plugins/Marketplace/VibeUE/test_prompts/utilities/check_unreal_connection.md,.md,766,Marketplace/VibeUE,documentation,format/extension only,plugin source/content
Plugins/Marketplace/VibeUE/test_prompts/uv-mapping/uv_mapping_tests.md,.md,13032,Marketplace/VibeUE,documentation,format/extension only,plugin source/content
Plugins/Marketplace/VibeUE/test_prompts/viewport/viewport_tests.md,.md,4355,Marketplace/VibeUE,documentation,format/extension only,plugin source/content
Plugins/Marketplace/VibeUE/VibeUE.uplugin,.uplugin,1431,Marketplace/VibeUE,plugin descriptor,format/extension only,plugin source/content
