relative_path,ext,bytes,pack,category,confidence
__ExternalActors__/ThirdPerson/Maps/ThirdPersonMap/D/SY/Z4CTQ4LG3YV10EKPD0UE8Q.uasset,.uasset,849,__ExternalActors__,starter-map-actor,low
BigNiagaraBundle/NiagaraAbstractSpace/Effects/NS_Dimension.uasset,.uasset,2117791,BigNiagaraBundle,unreal-package-unresolved,low
BigNiagaraBundle/NiagaraAbstractSpace/Effects/NS_Hyper_Jump.uasset,.uasset,1627712,BigNiagaraBundle,unreal-package-unresolved,low
BigNiagaraBundle/NiagaraAbstractSpace/Effects/NS_Hyperspace.uasset,.uasset,1907350,BigNiagaraBundle,unreal-package-unresolved,low
BigNiagaraBundle/NiagaraAbstractSpace/Effects/NS_Jet.uasset,.uasset,968504,BigNiagaraBundle,unreal-package-unresolved,low
BigNiagaraBundle/NiagaraAbstractSpace/Effects/NS_Portal.uasset,.uasset,1499371,BigNiagaraBundle,unreal-package-unresolved,low
BigNiagaraBundle/NiagaraAbstractSpace/Effects/NS_Portal_2.uasset,.uasset,1145743,BigNiagaraBundle,unreal-package-unresolved,low
BigNiagaraBundle/NiagaraAbstractSpace/Effects/NS_Relativistic_Jet.uasset,.uasset,3464969,BigNiagaraBundle,unreal-package-unresolved,low
BigNiagaraBundle/NiagaraAbstractSpace/Effects/NS_Warp_Tunnel.uasset,.uasset,2167532,BigNiagaraBundle,unreal-package-unresolved,low
BigNiagaraBundle/NiagaraAbstractSpace2/Effects/NS_FirePortal.uasset,.uasset,1763435,BigNiagaraBundle,unreal-package-unresolved,low
BigNiagaraBundle/NiagaraAbstractSpace2/Effects/NS_RingOfOmnipotence.uasset,.uasset,1987452,BigNiagaraBundle,unreal-package-unresolved,low
BigNiagaraBundle/NiagaraAbstractSpace2/Effects/NS_Shining.uasset,.uasset,1420120,BigNiagaraBundle,unreal-package-unresolved,low
BigNiagaraBundle/NiagaraAbstractSpace2/Effects/NS_Speed_Flower.uasset,.uasset,1201058,BigNiagaraBundle,unreal-package-unresolved,low
BigNiagaraBundle/NiagaraAbstractSpace2/Effects/NS_SpiralGalaxy.uasset,.uasset,1305635,BigNiagaraBundle,unreal-package-unresolved,low
BigNiagaraBundle/NiagaraAbstractSpace2/Effects/NS_Vase.uasset,.uasset,1853036,BigNiagaraBundle,unreal-package-unresolved,low
BigNiagaraBundle/NiagaraAbstractSpace3/Effects/NS_Four_Jets.uasset,.uasset,2014244,BigNiagaraBundle,unreal-package-unresolved,low
BigNiagaraBundle/NiagaraAbstractSpace3/Effects/NS_Ribbon_Spiral.uasset,.uasset,927328,BigNiagaraBundle,unreal-package-unresolved,low
BigNiagaraBundle/NiagaraAbstractSpace3/Effects/NS_Ribbon_Spiral2.uasset,.uasset,865041,BigNiagaraBundle,unreal-package-unresolved,low
BigNiagaraBundle/NiagaraAbstractSpace3/Effects/NS_Singularity.uasset,.uasset,4040649,BigNiagaraBundle,unreal-package-unresolved,low
BigNiagaraBundle/NiagaraAbstractSpace3/Effects/NS_Sphere_of_Fireworks.uasset,.uasset,1250653,BigNiagaraBundle,unreal-package-unresolved,low
BigNiagaraBundle/NiagaraAbstractSpace3/Effects/NS_Sprite_Engine.uasset,.uasset,1454951,BigNiagaraBundle,unreal-package-unresolved,low
BigNiagaraBundle/NiagaraAbstractSpace3/Effects/NS_Sprouts_of_the_Universe.uasset,.uasset,2144560,BigNiagaraBundle,unreal-package-unresolved,low
BigNiagaraBundle/NiagaraAbstractSpace3/Effects/NS_Sprouts_of_the_Universe_Up.uasset,.uasset,1154261,BigNiagaraBundle,unreal-package-unresolved,low
BigNiagaraBundle/NiagaraAbstractSpace3/Effects/NS_Worm-Hole.uasset,.uasset,2218157,BigNiagaraBundle,unreal-package-unresolved,low
BigNiagaraBundle/NiagaraAbstractSpace4/Effects/NS_ActiveWormhole.uasset,.uasset,3472718,BigNiagaraBundle,unreal-package-unresolved,low
BigNiagaraBundle/NiagaraAbstractSpace4/Effects/NS_CenterOfMass.uasset,.uasset,1553042,BigNiagaraBundle,unreal-package-unresolved,low
BigNiagaraBundle/NiagaraAbstractSpace4/Effects/NS_CenterOfMass2.uasset,.uasset,2266236,BigNiagaraBundle,unreal-package-unresolved,low
BigNiagaraBundle/NiagaraAbstractSpace4/Effects/NS_InfinityClock2.uasset,.uasset,2960839,BigNiagaraBundle,unreal-package-unresolved,low
BigNiagaraBundle/NiagaraAbstractSpace4/Effects/NS_InfinityClock5.uasset,.uasset,4501002,BigNiagaraBundle,unreal-package-unresolved,low
BigNiagaraBundle/NiagaraAbstractSpace4/Effects/NS_MobiusStrip.uasset,.uasset,1000503,BigNiagaraBundle,unreal-package-unresolved,low
BigNiagaraBundle/NiagaraAbstractSpace4/Effects/NS_MobiusStrip2.uasset,.uasset,1687834,BigNiagaraBundle,unreal-package-unresolved,low
BigNiagaraBundle/NiagaraAbstractSpace4/Effects/NS_Orion.uasset,.uasset,2200112,BigNiagaraBundle,unreal-package-unresolved,low
BigNiagaraBundle/NiagaraAbstractSpace4/Effects/NS_Orion2.uasset,.uasset,2116563,BigNiagaraBundle,unreal-package-unresolved,low
BigNiagaraBundle/NiagaraAbstractSpace4/Effects/NS_StreamsOfEnergy2.uasset,.uasset,5613894,BigNiagaraBundle,unreal-package-unresolved,low
BigNiagaraBundle/NiagaraBlackAndWhite/Materials/M_DefaultSpriteMaterialBlack.uasset,.uasset,88116,BigNiagaraBundle,material-candidate,medium
BigNiagaraBundle/NiagaraBlackAndWhite/NiagaraSystems/Black/NS_FantasyRingsBlack.uasset,.uasset,1587387,BigNiagaraBundle,niagara-system-candidate,medium
BigNiagaraBundle/NiagaraBlackAndWhite/NiagaraSystems/Black/NS_WhirpoolBlack.uasset,.uasset,1355063,BigNiagaraBundle,niagara-system-candidate,medium
BigNiagaraBundle/NiagaraBlackAndWhite/NiagaraSystems/White/NS_DreamStreamSingleWhite.uasset,.uasset,1085958,BigNiagaraBundle,niagara-system-candidate,medium
BigNiagaraBundle/NiagaraBlackAndWhite/NiagaraSystems/White/NS_FantasyRingsWhite.uasset,.uasset,1699519,BigNiagaraBundle,niagara-system-candidate,medium
BigNiagaraBundle/NiagaraBlackAndWhite/NiagaraSystems/White/NS_WhirlpoolWhite.uasset,.uasset,1352504,BigNiagaraBundle,niagara-system-candidate,medium
BigNiagaraBundle/NiagaraEffectMix4/Effects/NS_AbstractFigure.uasset,.uasset,3548551,BigNiagaraBundle,unreal-package-unresolved,low
BigNiagaraBundle/NiagaraEffectMix4/Effects/NS_ActiveAtom.uasset,.uasset,2786548,BigNiagaraBundle,unreal-package-unresolved,low
BigNiagaraBundle/NiagaraEffectMix4/Effects/NS_Jets.uasset,.uasset,1989444,BigNiagaraBundle,unreal-package-unresolved,low
BigNiagaraBundle/NiagaraEffectMix4/Effects/NS_NiagaraSplash.uasset,.uasset,3323724,BigNiagaraBundle,unreal-package-unresolved,low
BigNiagaraBundle/NiagaraEffectMix4/Effects/NS_RelativisticJet.uasset,.uasset,2762846,BigNiagaraBundle,unreal-package-unresolved,low
BigNiagaraBundle/NiagaraEffectMix4/Effects/NS_Rings.uasset,.uasset,3045505,BigNiagaraBundle,unreal-package-unresolved,low
BigNiagaraBundle/NiagaraEffectMix4/Effects/NS_VortexDoubleTorus.uasset,.uasset,2551906,BigNiagaraBundle,unreal-package-unresolved,low
BigNiagaraBundle/NiagaraHologramPack/Effects/NS_Atom.uasset,.uasset,720799,BigNiagaraBundle,unreal-package-unresolved,low
BigNiagaraBundle/NiagaraHologramPack/Effects/NS_Brain.uasset,.uasset,927228,BigNiagaraBundle,unreal-package-unresolved,low
BigNiagaraBundle/NiagaraHologramPack/Effects/NS_CityHologramm.uasset,.uasset,1032787,BigNiagaraBundle,unreal-package-unresolved,low
BigNiagaraBundle/NiagaraHologramPack/Effects/NS_CylindrDecor.uasset,.uasset,2030101,BigNiagaraBundle,unreal-package-unresolved,low
BigNiagaraBundle/NiagaraHologramPack/Effects/NS_DNA.uasset,.uasset,703261,BigNiagaraBundle,unreal-package-unresolved,low
BigNiagaraBundle/NiagaraHologramPack/Effects/NS_Earth.uasset,.uasset,908501,BigNiagaraBundle,unreal-package-unresolved,low
BigNiagaraBundle/NiagaraHologramPack/Effects/NS_HologramCylinder.uasset,.uasset,1513891,BigNiagaraBundle,unreal-package-unresolved,low
BigNiagaraBundle/NiagaraHologramPack/Effects/NS_HologramCylindrBig.uasset,.uasset,1527189,BigNiagaraBundle,unreal-package-unresolved,low
BigNiagaraBundle/NiagaraHologramPack/Effects/NS_Landcape.uasset,.uasset,1481067,BigNiagaraBundle,unreal-package-unresolved,low
BigNiagaraBundle/NiagaraHologramPack/Effects/NS_ParticlesCloud.uasset,.uasset,1110968,BigNiagaraBundle,unreal-package-unresolved,low
BigNiagaraBundle/NiagaraHologramPack/Effects/NS_SolarSystem.uasset,.uasset,753140,BigNiagaraBundle,unreal-package-unresolved,low
BigNiagaraBundle/NiagaraHologramPack/Effects/NS_SolarSystemWithOrbits.uasset,.uasset,842302,BigNiagaraBundle,unreal-package-unresolved,low
BigNiagaraBundle/NiagaraHologramPack/Meshes/SM_Atom.uasset,.uasset,602515,BigNiagaraBundle,mesh-candidate,medium
BigNiagaraBundle/NiagaraHologramPack/Meshes/SM_Brain.uasset,.uasset,531929,BigNiagaraBundle,mesh-candidate,medium
BigNiagaraBundle/NiagaraHologramPack/Meshes/SM_City.uasset,.uasset,146162,BigNiagaraBundle,mesh-candidate,medium
BigNiagaraBundle/NiagaraHologramPack/Meshes/SM_DNA.uasset,.uasset,1159187,BigNiagaraBundle,mesh-candidate,medium
BigNiagaraBundle/NiagaraHologramPack/Meshes/SM_Earth.uasset,.uasset,1190952,BigNiagaraBundle,mesh-candidate,medium
BigNiagaraBundle/NiagaraHologramPack/Meshes/SM_Landscape.uasset,.uasset,15833560,BigNiagaraBundle,mesh-candidate,medium
BigNiagaraBundle/NiagaraHologramPack/Meshes/SM_Octagon.uasset,.uasset,95679,BigNiagaraBundle,mesh-candidate,medium
BigNiagaraBundle/NiagaraHologramPack/Meshes/SM_SolarSystem.uasset,.uasset,629687,BigNiagaraBundle,mesh-candidate,medium
BigNiagaraBundle/NiagaraHologramPack/Meshes/SM_SolarSystem2.uasset,.uasset,398486,BigNiagaraBundle,mesh-candidate,medium
Dreamrise_SMSK/Animations/A_MeleeAttack_03.uasset,.uasset,6093811,Dreamrise_SMSK,animation-candidate,medium
Dreamrise_SMSK/Animations/A_MeleeAttack_03_Montage.uasset,.uasset,9846,Dreamrise_SMSK,animation-candidate,medium
Dreamrise_SMSK/Animations/A_MeleeAttack_04.uasset,.uasset,6195864,Dreamrise_SMSK,animation-candidate,medium
Dreamrise_SMSK/Animations/A_MeleeAttack_04_Montage.uasset,.uasset,9651,Dreamrise_SMSK,animation-candidate,medium
Dreamrise_SMSK/Animations/ABP_Manny.uasset,.uasset,1000969,Dreamrise_SMSK,animation-candidate,medium
Dreamrise_SMSK/Animations/ABP_Quinn.uasset,.uasset,52891,Dreamrise_SMSK,animation-candidate,medium
Dreamrise_SMSK/Animations/Anim_FP_Holdable_Idle.uasset,.uasset,1622837,Dreamrise_SMSK,animation-candidate,medium
Dreamrise_SMSK/Animations/AniM_FP_Holdable_Pistol.uasset,.uasset,227871,Dreamrise_SMSK,animation-candidate,medium
Dreamrise_SMSK/Animations/AniM_FP_Holdable_Pistol1.uasset,.uasset,215662,Dreamrise_SMSK,animation-candidate,medium
Dreamrise_SMSK/Animations/Anim_FP_Holdable_Rifle.uasset,.uasset,364927,Dreamrise_SMSK,animation-candidate,medium
Dreamrise_SMSK/Animations/Zombie/A_Zombie_Combat_Swing.uasset,.uasset,434545,Dreamrise_SMSK,animation-candidate,medium
Dreamrise_SMSK/Animations/Zombie/A_Zombie_Combat_Swing_Montage.uasset,.uasset,10334,Dreamrise_SMSK,animation-candidate,medium
Dreamrise_SMSK/Animations/Zombie/A_Zombie_Hit.uasset,.uasset,1585655,Dreamrise_SMSK,animation-candidate,medium
Dreamrise_SMSK/Animations/Zombie/A_Zombie_Hit_Montage.uasset,.uasset,10023,Dreamrise_SMSK,animation-candidate,medium
Dreamrise_SMSK/Animations/Zombie/A_Zombie_Idle.uasset,.uasset,254287,Dreamrise_SMSK,animation-candidate,medium
Dreamrise_SMSK/Animations/Zombie/A_Zombie_Walk.uasset,.uasset,232190,Dreamrise_SMSK,animation-candidate,medium
Dreamrise_SMSK/Animations/Zombie/A_Zombie_Walk_Slow.uasset,.uasset,323088,Dreamrise_SMSK,animation-candidate,medium
Dreamrise_SMSK/Animations/Zombie/ABP_Zombie.uasset,.uasset,72204,Dreamrise_SMSK,animation-candidate,medium
Dreamrise_SMSK/Animations/Zombie/BS_Zombie_Moving.uasset,.uasset,8645,Dreamrise_SMSK,animation-candidate,medium
Dreamrise_SMSK/Assets/FX/P_Gunshot.uasset,.uasset,26714,Dreamrise_SMSK,vfx-candidate,medium
Dreamrise_SMSK/Assets/FX/P_ImpactStuff.uasset,.uasset,201093,Dreamrise_SMSK,vfx-candidate,medium
Dreamrise_SMSK/Assets/Materials/M_Base.uasset,.uasset,16009,Dreamrise_SMSK,material-candidate,medium
Dreamrise_SMSK/Assets/Materials/M_BuildingGhost.uasset,.uasset,11870,Dreamrise_SMSK,material-candidate,medium
Dreamrise_SMSK/Assets/Materials/M_Fireparticle.uasset,.uasset,9196,Dreamrise_SMSK,material-candidate,medium
Dreamrise_SMSK/Assets/Materials/M_Landscape.uasset,.uasset,41539,Dreamrise_SMSK,material-candidate,medium
Dreamrise_SMSK/Assets/Materials/M_Leaves.uasset,.uasset,26386,Dreamrise_SMSK,material-candidate,medium
Dreamrise_SMSK/Assets/Materials/M_Transparent.uasset,.uasset,10428,Dreamrise_SMSK,material-candidate,medium
Dreamrise_SMSK/Assets/Materials/M_Water.uasset,.uasset,10512,Dreamrise_SMSK,material-candidate,medium
Dreamrise_SMSK/Assets/Materials/M_Weapon.uasset,.uasset,11907,Dreamrise_SMSK,material-candidate,medium
Dreamrise_SMSK/Assets/Materials/M_WoodenBark.uasset,.uasset,97903,Dreamrise_SMSK,material-candidate,medium
Dreamrise_SMSK/Assets/Materials/MF_ProcGrid.uasset,.uasset,51242,Dreamrise_SMSK,material-candidate,medium
Dreamrise_SMSK/Assets/Materials/MI_Base_Normal.uasset,.uasset,8027,Dreamrise_SMSK,material-candidate,medium
Dreamrise_SMSK/Assets/Materials/MI_Leaves_Green.uasset,.uasset,119853,Dreamrise_SMSK,material-candidate,medium
Dreamrise_SMSK/Assets/Materials/ParameterCollection/MPC_DynamicWeatherSystem.uasset,.uasset,2432,Dreamrise_SMSK,material-candidate,medium
Dreamrise_SMSK/Assets/Meshes/SM_AK47.uasset,.uasset,41931,Dreamrise_SMSK,mesh-candidate,medium
Dreamrise_SMSK/Assets/Meshes/SM_AK47mp.uasset,.uasset,112444,Dreamrise_SMSK,mesh-candidate,medium
Dreamrise_SMSK/Assets/Meshes/SM_Ammo.uasset,.uasset,40368,Dreamrise_SMSK,mesh-candidate,medium
Dreamrise_SMSK/Assets/Meshes/SM_Bread.uasset,.uasset,27415,Dreamrise_SMSK,mesh-candidate,medium
Dreamrise_SMSK/Assets/Meshes/SM_BuildPlan.uasset,.uasset,19679,Dreamrise_SMSK,mesh-candidate,medium
Dreamrise_SMSK/Assets/Meshes/SM_Colt.uasset,.uasset,60451,Dreamrise_SMSK,mesh-candidate,medium
Dreamrise_SMSK/Assets/Meshes/SM_FishingBall.uasset,.uasset,26212,Dreamrise_SMSK,mesh-candidate,medium
Dreamrise_SMSK/Assets/Meshes/SM_Glock.uasset,.uasset,39247,Dreamrise_SMSK,mesh-candidate,medium
Dreamrise_SMSK/Assets/Meshes/SM_Hammer.uasset,.uasset,89594,Dreamrise_SMSK,mesh-candidate,medium
Dreamrise_SMSK/Assets/Meshes/SM_Logs.uasset,.uasset,23471,Dreamrise_SMSK,mesh-candidate,medium
Dreamrise_SMSK/Assets/Meshes/SM_M4.uasset,.uasset,52767,Dreamrise_SMSK,mesh-candidate,medium
Dreamrise_SMSK/Assets/Meshes/SM_Machette.uasset,.uasset,27643,Dreamrise_SMSK,mesh-candidate,medium
Dreamrise_SMSK/Assets/Meshes/SM_Mountain_A.uasset,.uasset,466592,Dreamrise_SMSK,mesh-candidate,medium
Dreamrise_SMSK/Assets/Meshes/SM_RepairBench.uasset,.uasset,101896,Dreamrise_SMSK,mesh-candidate,medium
Dreamrise_SMSK/Assets/Meshes/SM_Rock.uasset,.uasset,22059,Dreamrise_SMSK,mesh-candidate,medium
Dreamrise_SMSK/Assets/Meshes/SM_Scarmp.uasset,.uasset,109270,Dreamrise_SMSK,mesh-candidate,medium
Dreamrise_SMSK/Assets/Meshes/SM_SmallWoodeHut.uasset,.uasset,70989,Dreamrise_SMSK,mesh-candidate,medium
Dreamrise_SMSK/Assets/Meshes/SM_StoneHatchet.uasset,.uasset,199214,Dreamrise_SMSK,mesh-candidate,medium
Dreamrise_SMSK/Assets/Meshes/SM_StoneItem.uasset,.uasset,21421,Dreamrise_SMSK,mesh-candidate,medium
Dreamrise_SMSK/Assets/Meshes/SM_StoragePart_03.uasset,.uasset,24248,Dreamrise_SMSK,mesh-candidate,medium
Dreamrise_SMSK/Assets/Meshes/SM_Torch.uasset,.uasset,21751,Dreamrise_SMSK,mesh-candidate,medium
Dreamrise_SMSK/Assets/Meshes/SM_Tree_Green_01.uasset,.uasset,289283,Dreamrise_SMSK,mesh-candidate,medium
Dreamrise_SMSK/Assets/Meshes/SM_WaterBottle.uasset,.uasset,22030,Dreamrise_SMSK,mesh-candidate,medium
Dreamrise_SMSK/Assets/Textures/Icons/Items/T_AK47_Grid.uasset,.uasset,24055,Dreamrise_SMSK,texture-candidate,medium
Dreamrise_SMSK/Assets/Textures/Icons/Items/T_AmmoIcon.uasset,.uasset,139425,Dreamrise_SMSK,texture-candidate,medium
Dreamrise_SMSK/Assets/Textures/Icons/Items/T_Bread.uasset,.uasset,80328,Dreamrise_SMSK,texture-candidate,medium
Dreamrise_SMSK/Assets/Textures/Icons/Items/T_Colt_Grid.uasset,.uasset,21395,Dreamrise_SMSK,texture-candidate,medium
Dreamrise_SMSK/Assets/Textures/Icons/Items/T_Hammer.uasset,.uasset,102353,Dreamrise_SMSK,texture-candidate,medium
Dreamrise_SMSK/Assets/Textures/Icons/Items/T_Log.uasset,.uasset,135644,Dreamrise_SMSK,texture-candidate,medium
Dreamrise_SMSK/Assets/Textures/Icons/Items/T_M4_Grid.uasset,.uasset,22444,Dreamrise_SMSK,texture-candidate,medium
Dreamrise_SMSK/Assets/Textures/Icons/Items/T_Machette.uasset,.uasset,83716,Dreamrise_SMSK,texture-candidate,medium
Dreamrise_SMSK/Assets/Textures/Icons/Items/T_Stone.uasset,.uasset,156644,Dreamrise_SMSK,texture-candidate,medium
Dreamrise_SMSK/Assets/Textures/Icons/Items/T_StoneHatchet.uasset,.uasset,96320,Dreamrise_SMSK,texture-candidate,medium
Dreamrise_SMSK/Assets/Textures/Icons/Items/T_WaterBottle.uasset,.uasset,110336,Dreamrise_SMSK,texture-candidate,medium
Dreamrise_SMSK/Assets/Textures/Icons/T_ArrowUp_UI.uasset,.uasset,11184,Dreamrise_SMSK,texture-candidate,medium
Dreamrise_SMSK/Assets/Textures/Icons/T_Crosshair.uasset,.uasset,5135,Dreamrise_SMSK,texture-candidate,medium
Dreamrise_SMSK/Assets/Textures/Icons/T_Discord_UI.uasset,.uasset,28966,Dreamrise_SMSK,texture-candidate,medium
Dreamrise_SMSK/Assets/Textures/Icons/T_DRProfile_UI.uasset,.uasset,156711,Dreamrise_SMSK,texture-candidate,medium
Dreamrise_SMSK/Assets/Textures/Icons/T_Food_UI.uasset,.uasset,12081,Dreamrise_SMSK,texture-candidate,medium
Dreamrise_SMSK/Assets/Textures/Icons/T_Health_UI.uasset,.uasset,10634,Dreamrise_SMSK,texture-candidate,medium
Dreamrise_SMSK/Assets/Textures/Icons/T_Marker_01.uasset,.uasset,65002,Dreamrise_SMSK,texture-candidate,medium
Dreamrise_SMSK/Assets/Textures/Icons/T_Web_UI.uasset,.uasset,11620,Dreamrise_SMSK,texture-candidate,medium
Dreamrise_SMSK/Assets/Textures/T_ColorPalette.uasset,.uasset,25415,Dreamrise_SMSK,texture-candidate,medium
Dreamrise_SMSK/Assets/Textures/T_HairMask.uasset,.uasset,6163,Dreamrise_SMSK,texture-candidate,medium
Dreamrise_SMSK/Assets/Textures/T_Leaves.uasset,.uasset,241405,Dreamrise_SMSK,texture-candidate,medium
Dreamrise_SMSK/Assets/Textures/T_WeaponColors.uasset,.uasset,6535,Dreamrise_SMSK,texture-candidate,medium
Dreamrise_SMSK/Audio/Attenuation/SAT_Gunshot.uasset,.uasset,1644,Dreamrise_SMSK,audio-candidate,medium
Dreamrise_SMSK/Audio/Attenuation/SAT_Hit.uasset,.uasset,1624,Dreamrise_SMSK,audio-candidate,medium
Dreamrise_SMSK/Audio/Concurency/SC_Gunshot.uasset,.uasset,1695,Dreamrise_SMSK,audio-candidate,medium
Dreamrise_SMSK/Audio/CUE__Footsteps.uasset,.uasset,11173,Dreamrise_SMSK,audio-candidate,medium
Dreamrise_SMSK/Audio/CUE_Backpack.uasset,.uasset,8185,Dreamrise_SMSK,audio-candidate,medium
Dreamrise_SMSK/Audio/CUE_Damage.uasset,.uasset,5696,Dreamrise_SMSK,audio-candidate,medium
Dreamrise_SMSK/Audio/CUE_Eating.uasset,.uasset,5379,Dreamrise_SMSK,audio-candidate,medium
Dreamrise_SMSK/Audio/CUE_Gunshot_Pistol_01_Cue.uasset,.uasset,8885,Dreamrise_SMSK,audio-candidate,medium
Dreamrise_SMSK/Audio/CUE_Impact.uasset,.uasset,11121,Dreamrise_SMSK,audio-candidate,medium
Dreamrise_SMSK/Audio/CUE_Soundtrack_Dreamrise_01.uasset,.uasset,6693,Dreamrise_SMSK,audio-candidate,medium
Dreamrise_SMSK/Audio/CUE_Welcome.uasset,.uasset,11221,Dreamrise_SMSK,audio-candidate,medium
Dreamrise_SMSK/Audio/CUE_Zombie_Damage.uasset,.uasset,7677,Dreamrise_SMSK,audio-candidate,medium
Dreamrise_SMSK/Audio/WAV_Backpack_01.uasset,.uasset,117502,Dreamrise_SMSK,audio-candidate,medium
Dreamrise_SMSK/Audio/WAV_Backpack_02.uasset,.uasset,135831,Dreamrise_SMSK,audio-candidate,medium
Dreamrise_SMSK/Audio/WAV_Damage_01.uasset,.uasset,136883,Dreamrise_SMSK,audio-candidate,medium
Dreamrise_SMSK/Audio/WAV_Eating.uasset,.uasset,235663,Dreamrise_SMSK,audio-candidate,medium
Dreamrise_SMSK/Audio/WAV_FootstepSolid_01.uasset,.uasset,54423,Dreamrise_SMSK,audio-candidate,medium
Dreamrise_SMSK/Audio/WAV_FootstepSolid_02.uasset,.uasset,51922,Dreamrise_SMSK,audio-candidate,medium
Dreamrise_SMSK/Audio/WAV_FootstepSolid_03.uasset,.uasset,57261,Dreamrise_SMSK,audio-candidate,medium
Dreamrise_SMSK/Audio/WAV_FootstepSolid_04.uasset,.uasset,48774,Dreamrise_SMSK,audio-candidate,medium
Dreamrise_SMSK/Audio/WAV_Gunshot_Pistol_01.uasset,.uasset,133678,Dreamrise_SMSK,audio-candidate,medium
Dreamrise_SMSK/Audio/WAV_HitsoundMarker.uasset,.uasset,86432,Dreamrise_SMSK,audio-candidate,medium
Dreamrise_SMSK/Audio/WAV_Impact_01.uasset,.uasset,114366,Dreamrise_SMSK,audio-candidate,medium
Dreamrise_SMSK/Audio/WAV_Impact_02.uasset,.uasset,91392,Dreamrise_SMSK,audio-candidate,medium
Dreamrise_SMSK/Audio/WAV_Impact_03.uasset,.uasset,69031,Dreamrise_SMSK,audio-candidate,medium
Dreamrise_SMSK/Audio/WAV_Pistol_Glock_Fire.uasset,.uasset,111087,Dreamrise_SMSK,audio-candidate,medium
Dreamrise_SMSK/Audio/WAV_Soundtrack_Dreamrise_01.uasset,.uasset,21374454,Dreamrise_SMSK,audio-candidate,medium
Dreamrise_SMSK/Audio/WAV_Welcome.uasset,.uasset,2037183,Dreamrise_SMSK,audio-candidate,medium
Dreamrise_SMSK/Audio/WAV_Welcome_02.uasset,.uasset,1209304,Dreamrise_SMSK,audio-candidate,medium
Dreamrise_SMSK/Audio/WAV_Welcome_03.uasset,.uasset,950082,Dreamrise_SMSK,audio-candidate,medium
Dreamrise_SMSK/Audio/WAV_Zombie_Damage_01.uasset,.uasset,74774,Dreamrise_SMSK,audio-candidate,medium
Dreamrise_SMSK/Blueprints/AI/BB_Zombie.uasset,.uasset,3723,Dreamrise_SMSK,blueprint-logic,high
Dreamrise_SMSK/Blueprints/AI/BT_Zombie.uasset,.uasset,24629,Dreamrise_SMSK,blueprint-logic,high
Dreamrise_SMSK/Blueprints/AI/BTTAsk_CallAIAction.uasset,.uasset,27427,Dreamrise_SMSK,blueprint-logic,high
Dreamrise_SMSK/Blueprints/AI/BTTask_FindRandomLocationInRadius.uasset,.uasset,45290,Dreamrise_SMSK,blueprint-logic,high
Dreamrise_SMSK/Blueprints/BFL_SimpleInventorySystem.uasset,.uasset,32496,Dreamrise_SMSK,blueprint-logic,high
Dreamrise_SMSK/Blueprints/BP_Building_Base.uasset,.uasset,76877,Dreamrise_SMSK,blueprint-logic,high
Dreamrise_SMSK/Blueprints/BP_Building_Bench.uasset,.uasset,35058,Dreamrise_SMSK,blueprint-logic,high
Dreamrise_SMSK/Blueprints/BP_Building_Torch.uasset,.uasset,35153,Dreamrise_SMSK,blueprint-logic,high
Dreamrise_SMSK/Blueprints/BP_Harvestable.uasset,.uasset,100275,Dreamrise_SMSK,blueprint-logic,high
Dreamrise_SMSK/Blueprints/BP_Harvestable_Stone.uasset,.uasset,31878,Dreamrise_SMSK,blueprint-logic,high
Dreamrise_SMSK/Blueprints/BP_Holdable.uasset,.uasset,118586,Dreamrise_SMSK,blueprint-logic,high
Dreamrise_SMSK/Blueprints/BP_Holdable_BuildHammer.uasset,.uasset,221114,Dreamrise_SMSK,blueprint-logic,high
Dreamrise_SMSK/Blueprints/BP_Holdable_BuildHammer_Bench.uasset,.uasset,36800,Dreamrise_SMSK,blueprint-logic,high
Dreamrise_SMSK/Blueprints/BP_Holdable_BuildHammer_Torch.uasset,.uasset,38354,Dreamrise_SMSK,blueprint-logic,high
Dreamrise_SMSK/Blueprints/BP_Holdable_Food.uasset,.uasset,146821,Dreamrise_SMSK,blueprint-logic,high
Dreamrise_SMSK/Blueprints/BP_Holdable_Food_Bread.uasset,.uasset,39201,Dreamrise_SMSK,blueprint-logic,high
Dreamrise_SMSK/Blueprints/BP_Holdable_MeleeWeapon.uasset,.uasset,288606,Dreamrise_SMSK,blueprint-logic,high
Dreamrise_SMSK/Blueprints/BP_Holdable_MeleeWeapon_Hatchet.uasset,.uasset,39648,Dreamrise_SMSK,blueprint-logic,high
Dreamrise_SMSK/Blueprints/BP_Holdable_RangeWeapon.uasset,.uasset,546755,Dreamrise_SMSK,blueprint-logic,high
Dreamrise_SMSK/Blueprints/BP_Holdable_RangeWeapon_AK47.uasset,.uasset,42602,Dreamrise_SMSK,blueprint-logic,high
Dreamrise_SMSK/Blueprints/BP_Holdable_RangeWeapon_Colt.uasset,.uasset,42632,Dreamrise_SMSK,blueprint-logic,high
Dreamrise_SMSK/Blueprints/BP_Holdable_RangeWeapon_Glock.uasset,.uasset,42661,Dreamrise_SMSK,blueprint-logic,high
Dreamrise_SMSK/Blueprints/BP_Holdable_RangeWeapon_M4.uasset,.uasset,25207,Dreamrise_SMSK,blueprint-logic,high
Dreamrise_SMSK/Blueprints/BP_LootBox.uasset,.uasset,53960,Dreamrise_SMSK,blueprint-logic,high
Dreamrise_SMSK/Blueprints/BP_LootItem.uasset,.uasset,188612,Dreamrise_SMSK,blueprint-logic,high
Dreamrise_SMSK/Blueprints/BP_SMSK_Gamemode.uasset,.uasset,15770,Dreamrise_SMSK,blueprint-logic,high
Dreamrise_SMSK/Blueprints/BP_SMSK_PlayerCharacter.uasset,.uasset,969448,Dreamrise_SMSK,blueprint-logic,high
Dreamrise_SMSK/Blueprints/BP_SMSK_PlayerController.uasset,.uasset,242897,Dreamrise_SMSK,blueprint-logic,high
Dreamrise_SMSK/Blueprints/BP_ZombieAI.uasset,.uasset,477784,Dreamrise_SMSK,blueprint-logic,high
Dreamrise_SMSK/Blueprints/BP_ZombieSpawner.uasset,.uasset,40790,Dreamrise_SMSK,blueprint-logic,high
Dreamrise_SMSK/Blueprints/Components/BPC_SimpleInventorySystem.uasset,.uasset,902528,Dreamrise_SMSK,blueprint-logic,high
Dreamrise_SMSK/Blueprints/Components/BPC_SMSK_LootComponent.uasset,.uasset,270124,Dreamrise_SMSK,blueprint-logic,high
Dreamrise_SMSK/Blueprints/Interfaces/BPI_AIInterface.uasset,.uasset,12013,Dreamrise_SMSK,blueprint-logic,high
Dreamrise_SMSK/Blueprints/Interfaces/BPI_Holdable.uasset,.uasset,32987,Dreamrise_SMSK,blueprint-logic,high
Dreamrise_SMSK/Blueprints/Interfaces/BPI_InteractionSystem.uasset,.uasset,23727,Dreamrise_SMSK,blueprint-logic,high
Dreamrise_SMSK/Blueprints/Interfaces/BPI_PlayerAnimation.uasset,.uasset,20084,Dreamrise_SMSK,blueprint-logic,high
Dreamrise_SMSK/Blueprints/Interfaces/BPI_PlayerBase.uasset,.uasset,11716,Dreamrise_SMSK,blueprint-logic,high
Dreamrise_SMSK/Blueprints/Interfaces/BPI_PlayerMovement.uasset,.uasset,12258,Dreamrise_SMSK,blueprint-logic,high
Dreamrise_SMSK/Blueprints/Interfaces/BPI_PlayerStats.uasset,.uasset,28646,Dreamrise_SMSK,blueprint-logic,high
Dreamrise_SMSK/Blueprints/Interfaces/BPI_PlayerUserInterface.uasset,.uasset,17213,Dreamrise_SMSK,blueprint-logic,high
Dreamrise_SMSK/Blueprints/Interfaces/BPI_SimpleInventorySystem.uasset,.uasset,41013,Dreamrise_SMSK,blueprint-logic,high
Dreamrise_SMSK/Blueprints/Widgets/W_BuildingRecipe.uasset,.uasset,91809,Dreamrise_SMSK,blueprint-logic,high
Dreamrise_SMSK/Blueprints/Widgets/W_BuildingRequirement.uasset,.uasset,47051,Dreamrise_SMSK,blueprint-logic,high
Dreamrise_SMSK/Blueprints/Widgets/W_Holdable_Ammo.uasset,.uasset,77476,Dreamrise_SMSK,blueprint-logic,high
Dreamrise_SMSK/Blueprints/Widgets/W_InventoryScreen.uasset,.uasset,374323,Dreamrise_SMSK,blueprint-logic,high
Dreamrise_SMSK/Blueprints/Widgets/W_Loading.uasset,.uasset,59740,Dreamrise_SMSK,blueprint-logic,high
Dreamrise_SMSK/Blueprints/Widgets/W_Mainmenu.uasset,.uasset,107229,Dreamrise_SMSK,blueprint-logic,high
Dreamrise_SMSK/Blueprints/Widgets/W_MainUI.uasset,.uasset,737320,Dreamrise_SMSK,blueprint-logic,high
Dreamrise_SMSK/Blueprints/Widgets/W_SimpleInventorySystem_InventoryItem.uasset,.uasset,199999,Dreamrise_SMSK,blueprint-logic,high
Dreamrise_SMSK/Blueprints/Widgets/W_SimpleInventorySystem_UIWeaponSlot.uasset,.uasset,193461,Dreamrise_SMSK,blueprint-logic,high
Dreamrise_SMSK/Characters/UE4_Manny/Materials/M_Human.uasset,.uasset,23953,Dreamrise_SMSK,material-candidate,medium
Dreamrise_SMSK/Characters/UE4_Manny/Materials/MI_Zombie.uasset,.uasset,10357,Dreamrise_SMSK,material-candidate,medium
Dreamrise_SMSK/Characters/UE4_Manny/SK_Mannequin_PhysicsAsset.uasset,.uasset,48090,Dreamrise_SMSK,unreal-package-unresolved,low
Dreamrise_SMSK/Characters/UE4_Manny/SK_Mannequin_Skeleton.uasset,.uasset,26447,Dreamrise_SMSK,unreal-package-unresolved,low
Dreamrise_SMSK/Characters/UE4_Manny/SK_Zombie_01.uasset,.uasset,1000322,Dreamrise_SMSK,unreal-package-unresolved,low
Dreamrise_SMSK/Characters/UE4_Manny/SK_Zombie_01_PhysicsAsset.uasset,.uasset,31402,Dreamrise_SMSK,unreal-package-unresolved,low
Dreamrise_SMSK/Characters/UE4_Manny/Textures/T_HumanColors.uasset,.uasset,9095,Dreamrise_SMSK,texture-candidate,medium
Dreamrise_SMSK/Characters/UE4_Manny/Textures/T_HumanMask.uasset,.uasset,6116,Dreamrise_SMSK,texture-candidate,medium
Dreamrise_SMSK/Characters/UE5_Manny/SKM_Male.uasset,.uasset,1305402,Dreamrise_SMSK,unreal-package-unresolved,low
Dreamrise_SMSK/Demo/Materials/M_PrototypeGrid.uasset,.uasset,42721,Dreamrise_SMSK,material-candidate,medium
Dreamrise_SMSK/Demo/Materials/M_Solid.uasset,.uasset,11412,Dreamrise_SMSK,material-candidate,medium
Dreamrise_SMSK/Demo/Materials/MI_PrototypeGrid_Brown.uasset,.uasset,13125,Dreamrise_SMSK,material-candidate,medium
Dreamrise_SMSK/Demo/Materials/MI_PrototypeGrid_Gray_02.uasset,.uasset,12465,Dreamrise_SMSK,material-candidate,medium
Dreamrise_SMSK/Demo/Materials/MI_PrototypeGrid_Green.uasset,.uasset,12481,Dreamrise_SMSK,material-candidate,medium
Dreamrise_SMSK/Demo/Materials/MI_PrototypeGrid_TopDark.uasset,.uasset,12474,Dreamrise_SMSK,material-candidate,medium
Dreamrise_SMSK/Demo/Materials/MI_Solid_Blue.uasset,.uasset,9113,Dreamrise_SMSK,material-candidate,medium
Dreamrise_SMSK/Demo/Textures/T_GridChecker_A.uasset,.uasset,9889,Dreamrise_SMSK,texture-candidate,medium
Dreamrise_SMSK/Demo/UE5_Manny/Animations/Manny/BS_MM_WalkRun.uasset,.uasset,9332,Dreamrise_SMSK,animation-candidate,medium
Dreamrise_SMSK/Demo/UE5_Manny/Animations/Manny/MM_Fall_Loop.uasset,.uasset,925674,Dreamrise_SMSK,animation-candidate,medium
Dreamrise_SMSK/Demo/UE5_Manny/Animations/Manny/MM_Idle.uasset,.uasset,1436817,Dreamrise_SMSK,animation-candidate,medium
Dreamrise_SMSK/Demo/UE5_Manny/Animations/Manny/MM_Jump.uasset,.uasset,404053,Dreamrise_SMSK,animation-candidate,medium
Dreamrise_SMSK/Demo/UE5_Manny/Animations/Manny/MM_Land.uasset,.uasset,409755,Dreamrise_SMSK,animation-candidate,medium
Dreamrise_SMSK/Demo/UE5_Manny/Animations/Manny/MM_Run_Fwd.uasset,.uasset,482628,Dreamrise_SMSK,animation-candidate,medium
Dreamrise_SMSK/Demo/UE5_Manny/Animations/Manny/MM_T_Pose.uasset,.uasset,91521,Dreamrise_SMSK,animation-candidate,medium
Dreamrise_SMSK/Demo/UE5_Manny/Animations/Manny/MM_Walk_Fwd.uasset,.uasset,549134,Dreamrise_SMSK,animation-candidate,medium
Dreamrise_SMSK/Demo/UE5_Manny/Animations/Manny/MM_Walk_InPlace.uasset,.uasset,716238,Dreamrise_SMSK,animation-candidate,medium
Dreamrise_SMSK/Demo/UE5_Manny/Animations/Quinn/BS_MF_Unarmed_WalkRun.uasset,.uasset,9372,Dreamrise_SMSK,animation-candidate,medium
Dreamrise_SMSK/Demo/UE5_Manny/Animations/Quinn/MF_Idle.uasset,.uasset,953942,Dreamrise_SMSK,animation-candidate,medium
Dreamrise_SMSK/Demo/UE5_Manny/Animations/Quinn/MF_Run_Fwd.uasset,.uasset,515343,Dreamrise_SMSK,animation-candidate,medium
Dreamrise_SMSK/Demo/UE5_Manny/Animations/Quinn/MF_Walk_Fwd.uasset,.uasset,520956,Dreamrise_SMSK,animation-candidate,medium
Dreamrise_SMSK/Demo/UE5_Manny/Materials/Functions/CA_Mannequin.uasset,.uasset,5460,Dreamrise_SMSK,material-candidate,medium
Dreamrise_SMSK/Demo/UE5_Manny/Materials/Functions/ChromaticCurve.uasset,.uasset,6414,Dreamrise_SMSK,material-candidate,medium
Dreamrise_SMSK/Demo/UE5_Manny/Materials/Functions/MF_Diffraction.uasset,.uasset,33194,Dreamrise_SMSK,material-candidate,medium
Dreamrise_SMSK/Demo/UE5_Manny/Materials/Functions/MF_logo3layers.uasset,.uasset,57845,Dreamrise_SMSK,material-candidate,medium
Dreamrise_SMSK/Demo/UE5_Manny/Materials/Functions/ML_BaseColorFallOff.uasset,.uasset,14171,Dreamrise_SMSK,material-candidate,medium
Dreamrise_SMSK/Demo/UE5_Manny/Materials/Instances/Manny/MI_Manny_01.uasset,.uasset,21645,Dreamrise_SMSK,material-candidate,medium
Dreamrise_SMSK/Demo/UE5_Manny/Materials/Instances/Manny/MI_Manny_02.uasset,.uasset,24846,Dreamrise_SMSK,material-candidate,medium
Dreamrise_SMSK/Demo/UE5_Manny/Materials/Instances/Quinn/MI_Quinn_01.uasset,.uasset,19699,Dreamrise_SMSK,material-candidate,medium
Dreamrise_SMSK/Demo/UE5_Manny/Materials/Instances/Quinn/MI_Quinn_02.uasset,.uasset,25232,Dreamrise_SMSK,material-candidate,medium
Dreamrise_SMSK/Demo/UE5_Manny/Materials/M_Mannequin.uasset,.uasset,87030,Dreamrise_SMSK,material-candidate,medium
Dreamrise_SMSK/Demo/UE5_Manny/Meshes/Mannequin_LODSettings.uasset,.uasset,19679,Dreamrise_SMSK,mesh-candidate,medium
Dreamrise_SMSK/Demo/UE5_Manny/Meshes/SK_Mannequin.uasset,.uasset,191868,Dreamrise_SMSK,mesh-candidate,medium
Dreamrise_SMSK/Demo/UE5_Manny/Meshes/SKM_Manny.uasset,.uasset,28778391,Dreamrise_SMSK,mesh-candidate,medium
Dreamrise_SMSK/Demo/UE5_Manny/Meshes/SKM_Manny_Simple.uasset,.uasset,15848298,Dreamrise_SMSK,mesh-candidate,medium
Dreamrise_SMSK/Demo/UE5_Manny/Meshes/SKM_Quinn.uasset,.uasset,29957983,Dreamrise_SMSK,mesh-candidate,medium
Dreamrise_SMSK/Demo/UE5_Manny/Meshes/SKM_Quinn_Simple.uasset,.uasset,16272066,Dreamrise_SMSK,mesh-candidate,medium
Dreamrise_SMSK/Demo/UE5_Manny/Rigs/ABP_Manny_PostProcess.uasset,.uasset,424445,Dreamrise_SMSK,unreal-package-unresolved,low
Dreamrise_SMSK/Demo/UE5_Manny/Rigs/ABP_Quinn_PostProcess.uasset,.uasset,424243,Dreamrise_SMSK,unreal-package-unresolved,low
Dreamrise_SMSK/Demo/UE5_Manny/Rigs/CR_Mannequin_BasicFootIK.uasset,.uasset,520486,Dreamrise_SMSK,unreal-package-unresolved,low
Dreamrise_SMSK/Demo/UE5_Manny/Rigs/CR_Mannequin_Body.uasset,.uasset,16834213,Dreamrise_SMSK,unreal-package-unresolved,low
Dreamrise_SMSK/Demo/UE5_Manny/Rigs/CR_Mannequin_Procedural.uasset,.uasset,1453809,Dreamrise_SMSK,unreal-package-unresolved,low
Dreamrise_SMSK/Demo/UE5_Manny/Rigs/IK_Mannequin.uasset,.uasset,142046,Dreamrise_SMSK,unreal-package-unresolved,low
Dreamrise_SMSK/Demo/UE5_Manny/Rigs/PA_Mannequin.uasset,.uasset,299319,Dreamrise_SMSK,unreal-package-unresolved,low
Dreamrise_SMSK/Demo/UE5_Manny/Rigs/Poses/Manny/Manny_calf_l_anim.uasset,.uasset,193649,Dreamrise_SMSK,unreal-package-unresolved,low
Dreamrise_SMSK/Demo/UE5_Manny/Rigs/Poses/Manny/Manny_calf_l_pose.uasset,.uasset,204203,Dreamrise_SMSK,unreal-package-unresolved,low
Dreamrise_SMSK/Demo/UE5_Manny/Rigs/Poses/Manny/Manny_calf_r_anim.uasset,.uasset,193659,Dreamrise_SMSK,unreal-package-unresolved,low
Dreamrise_SMSK/Demo/UE5_Manny/Rigs/Poses/Manny/Manny_calf_r_pose.uasset,.uasset,204203,Dreamrise_SMSK,unreal-package-unresolved,low
Dreamrise_SMSK/Demo/UE5_Manny/Rigs/Poses/Manny/Manny_clavicle_l_anim.uasset,.uasset,193205,Dreamrise_SMSK,unreal-package-unresolved,low
Dreamrise_SMSK/Demo/UE5_Manny/Rigs/Poses/Manny/Manny_clavicle_l_pose.uasset,.uasset,202509,Dreamrise_SMSK,unreal-package-unresolved,low
Dreamrise_SMSK/Demo/UE5_Manny/Rigs/Poses/Manny/Manny_clavicle_r_anim.uasset,.uasset,193047,Dreamrise_SMSK,unreal-package-unresolved,low
Dreamrise_SMSK/Demo/UE5_Manny/Rigs/Poses/Manny/Manny_clavicle_r_pose.uasset,.uasset,203111,Dreamrise_SMSK,unreal-package-unresolved,low
Dreamrise_SMSK/Demo/UE5_Manny/Rigs/Poses/Manny/Manny_foot_l_anim.uasset,.uasset,189305,Dreamrise_SMSK,unreal-package-unresolved,low
Dreamrise_SMSK/Demo/UE5_Manny/Rigs/Poses/Manny/Manny_foot_l_pose.uasset,.uasset,129017,Dreamrise_SMSK,unreal-package-unresolved,low
Dreamrise_SMSK/Demo/UE5_Manny/Rigs/Poses/Manny/Manny_foot_r_anim.uasset,.uasset,189403,Dreamrise_SMSK,unreal-package-unresolved,low
Dreamrise_SMSK/Demo/UE5_Manny/Rigs/Poses/Manny/Manny_foot_r_pose.uasset,.uasset,129017,Dreamrise_SMSK,unreal-package-unresolved,low
Dreamrise_SMSK/Demo/UE5_Manny/Rigs/Poses/Manny/Manny_hand_l_anim.uasset,.uasset,190553,Dreamrise_SMSK,unreal-package-unresolved,low
Dreamrise_SMSK/Demo/UE5_Manny/Rigs/Poses/Manny/Manny_hand_l_pose.uasset,.uasset,166013,Dreamrise_SMSK,unreal-package-unresolved,low
Dreamrise_SMSK/Demo/UE5_Manny/Rigs/Poses/Manny/Manny_hand_r_anim.uasset,.uasset,190555,Dreamrise_SMSK,unreal-package-unresolved,low
Dreamrise_SMSK/Demo/UE5_Manny/Rigs/Poses/Manny/Manny_hand_r_pose.uasset,.uasset,166013,Dreamrise_SMSK,unreal-package-unresolved,low
Dreamrise_SMSK/Demo/UE5_Manny/Rigs/Poses/Manny/Manny_lowerarm_l_anim.uasset,.uasset,238048,Dreamrise_SMSK,unreal-package-unresolved,low
Dreamrise_SMSK/Demo/UE5_Manny/Rigs/Poses/Manny/Manny_lowerarm_l_pose.uasset,.uasset,358285,Dreamrise_SMSK,unreal-package-unresolved,low
Dreamrise_SMSK/Demo/UE5_Manny/Rigs/Poses/Manny/Manny_lowerarm_r_anim.uasset,.uasset,199223,Dreamrise_SMSK,unreal-package-unresolved,low
Dreamrise_SMSK/Demo/UE5_Manny/Rigs/Poses/Manny/Manny_lowerarm_r_pose.uasset,.uasset,358285,Dreamrise_SMSK,unreal-package-unresolved,low
Dreamrise_SMSK/Demo/UE5_Manny/Rigs/Poses/Manny/Manny_thigh_l_anim.uasset,.uasset,216227,Dreamrise_SMSK,unreal-package-unresolved,low
Dreamrise_SMSK/Demo/UE5_Manny/Rigs/Poses/Manny/Manny_thigh_l_pose.uasset,.uasset,554440,Dreamrise_SMSK,unreal-package-unresolved,low
Dreamrise_SMSK/Demo/UE5_Manny/Rigs/Poses/Manny/Manny_thigh_r_anim.uasset,.uasset,216229,Dreamrise_SMSK,unreal-package-unresolved,low
Dreamrise_SMSK/Demo/UE5_Manny/Rigs/Poses/Manny/Manny_thigh_r_pose.uasset,.uasset,554440,Dreamrise_SMSK,unreal-package-unresolved,low
Dreamrise_SMSK/Demo/UE5_Manny/Rigs/Poses/Manny/Manny_upperarm_l_anim.uasset,.uasset,220920,Dreamrise_SMSK,unreal-package-unresolved,low
Dreamrise_SMSK/Demo/UE5_Manny/Rigs/Poses/Manny/Manny_upperarm_l_pose.uasset,.uasset,638036,Dreamrise_SMSK,unreal-package-unresolved,low
Dreamrise_SMSK/Demo/UE5_Manny/Rigs/Poses/Manny/Manny_upperarm_r_anim.uasset,.uasset,221434,Dreamrise_SMSK,unreal-package-unresolved,low
Dreamrise_SMSK/Demo/UE5_Manny/Rigs/Poses/Manny/Manny_upperarm_r_pose.uasset,.uasset,626598,Dreamrise_SMSK,unreal-package-unresolved,low
Dreamrise_SMSK/Demo/UE5_Manny/Rigs/Poses/Quinn/Quinn_calf_l_anim.uasset,.uasset,237444,Dreamrise_SMSK,unreal-package-unresolved,low
Dreamrise_SMSK/Demo/UE5_Manny/Rigs/Poses/Quinn/Quinn_calf_l_pose.uasset,.uasset,241900,Dreamrise_SMSK,unreal-package-unresolved,low
Dreamrise_SMSK/Demo/UE5_Manny/Rigs/Poses/Quinn/Quinn_calf_r_anim.uasset,.uasset,237424,Dreamrise_SMSK,unreal-package-unresolved,low
Dreamrise_SMSK/Demo/UE5_Manny/Rigs/Poses/Quinn/Quinn_calf_r_pose.uasset,.uasset,241981,Dreamrise_SMSK,unreal-package-unresolved,low
Dreamrise_SMSK/Demo/UE5_Manny/Rigs/Poses/Quinn/Quinn_clavicle_l_anim.uasset,.uasset,235761,Dreamrise_SMSK,unreal-package-unresolved,low
Dreamrise_SMSK/Demo/UE5_Manny/Rigs/Poses/Quinn/Quinn_clavicle_l_pose.uasset,.uasset,202686,Dreamrise_SMSK,unreal-package-unresolved,low
Dreamrise_SMSK/Demo/UE5_Manny/Rigs/Poses/Quinn/Quinn_clavicle_r_anim.uasset,.uasset,235190,Dreamrise_SMSK,unreal-package-unresolved,low
Dreamrise_SMSK/Demo/UE5_Manny/Rigs/Poses/Quinn/Quinn_clavicle_r_pose.uasset,.uasset,202787,Dreamrise_SMSK,unreal-package-unresolved,low
Dreamrise_SMSK/Demo/UE5_Manny/Rigs/Poses/Quinn/Quinn_foot_l_anim.uasset,.uasset,231544,Dreamrise_SMSK,unreal-package-unresolved,low
Dreamrise_SMSK/Demo/UE5_Manny/Rigs/Poses/Quinn/Quinn_foot_l_pose.uasset,.uasset,128994,Dreamrise_SMSK,unreal-package-unresolved,low
Dreamrise_SMSK/Demo/UE5_Manny/Rigs/Poses/Quinn/Quinn_foot_r_anim.uasset,.uasset,231546,Dreamrise_SMSK,unreal-package-unresolved,low
Dreamrise_SMSK/Demo/UE5_Manny/Rigs/Poses/Quinn/Quinn_foot_r_pose.uasset,.uasset,128994,Dreamrise_SMSK,unreal-package-unresolved,low
Dreamrise_SMSK/Demo/UE5_Manny/Rigs/Poses/Quinn/Quinn_hand_l_anim.uasset,.uasset,232696,Dreamrise_SMSK,unreal-package-unresolved,low
Dreamrise_SMSK/Demo/UE5_Manny/Rigs/Poses/Quinn/Quinn_hand_l_pose.uasset,.uasset,165990,Dreamrise_SMSK,unreal-package-unresolved,low
Dreamrise_SMSK/Demo/UE5_Manny/Rigs/Poses/Quinn/Quinn_hand_r_anim.uasset,.uasset,213596,Dreamrise_SMSK,unreal-package-unresolved,low
Dreamrise_SMSK/Demo/UE5_Manny/Rigs/Poses/Quinn/Quinn_hand_r_pose.uasset,.uasset,165990,Dreamrise_SMSK,unreal-package-unresolved,low
Dreamrise_SMSK/Demo/UE5_Manny/Rigs/Poses/Quinn/Quinn_lowerarm_l_anim.uasset,.uasset,221368,Dreamrise_SMSK,unreal-package-unresolved,low
Dreamrise_SMSK/Demo/UE5_Manny/Rigs/Poses/Quinn/Quinn_lowerarm_l_pose.uasset,.uasset,396166,Dreamrise_SMSK,unreal-package-unresolved,low
Dreamrise_SMSK/Demo/UE5_Manny/Rigs/Poses/Quinn/Quinn_lowerarm_r_anim.uasset,.uasset,221050,Dreamrise_SMSK,unreal-package-unresolved,low
Dreamrise_SMSK/Demo/UE5_Manny/Rigs/Poses/Quinn/Quinn_lowerarm_r_pose.uasset,.uasset,396166,Dreamrise_SMSK,unreal-package-unresolved,low
Dreamrise_SMSK/Demo/UE5_Manny/Rigs/Poses/Quinn/Quinn_thigh_l_anim.uasset,.uasset,236132,Dreamrise_SMSK,unreal-package-unresolved,low
Dreamrise_SMSK/Demo/UE5_Manny/Rigs/Poses/Quinn/Quinn_thigh_l_pose.uasset,.uasset,554116,Dreamrise_SMSK,unreal-package-unresolved,low
Dreamrise_SMSK/Demo/UE5_Manny/Rigs/Poses/Quinn/Quinn_thigh_r_anim.uasset,.uasset,236134,Dreamrise_SMSK,unreal-package-unresolved,low
Dreamrise_SMSK/Demo/UE5_Manny/Rigs/Poses/Quinn/Quinn_thigh_r_pose.uasset,.uasset,554116,Dreamrise_SMSK,unreal-package-unresolved,low
Dreamrise_SMSK/Demo/UE5_Manny/Rigs/Poses/Quinn/Quinn_upperarm_l_anim.uasset,.uasset,230905,Dreamrise_SMSK,unreal-package-unresolved,low
Dreamrise_SMSK/Demo/UE5_Manny/Rigs/Poses/Quinn/Quinn_upperarm_l_pose.uasset,.uasset,482009,Dreamrise_SMSK,unreal-package-unresolved,low
Dreamrise_SMSK/Demo/UE5_Manny/Rigs/Poses/Quinn/Quinn_upperarm_r_anim.uasset,.uasset,227067,Dreamrise_SMSK,unreal-package-unresolved,low
Dreamrise_SMSK/Demo/UE5_Manny/Rigs/Poses/Quinn/Quinn_upperarm_r_pose.uasset,.uasset,485019,Dreamrise_SMSK,unreal-package-unresolved,low
Dreamrise_SMSK/Demo/UE5_Manny/Rigs/RTG_Mannequin.uasset,.uasset,28293,Dreamrise_SMSK,unreal-package-unresolved,low
Dreamrise_SMSK/Demo/UE5_Manny/Textures/Manny/T_Manny_01_ASAOPMASK_MSK.uasset,.uasset,3612785,Dreamrise_SMSK,texture-candidate,medium
Dreamrise_SMSK/Demo/UE5_Manny/Textures/Manny/T_Manny_01_BN.uasset,.uasset,18514453,Dreamrise_SMSK,texture-candidate,medium
Dreamrise_SMSK/Demo/UE5_Manny/Textures/Manny/T_Manny_01_CCRCCPlastic_MSK.uasset,.uasset,10272307,Dreamrise_SMSK,texture-candidate,medium
Dreamrise_SMSK/Demo/UE5_Manny/Textures/Manny/T_Manny_01_D.uasset,.uasset,5740636,Dreamrise_SMSK,texture-candidate,medium
Dreamrise_SMSK/Demo/UE5_Manny/Textures/Manny/T_Manny_01_MSR_MSK.uasset,.uasset,11038513,Dreamrise_SMSK,texture-candidate,medium
Dreamrise_SMSK/Demo/UE5_Manny/Textures/Manny/T_Manny_01_N.uasset,.uasset,7198580,Dreamrise_SMSK,texture-candidate,medium
Dreamrise_SMSK/Demo/UE5_Manny/Textures/Manny/T_Manny_01_Tan.uasset,.uasset,1358200,Dreamrise_SMSK,texture-candidate,medium
Dreamrise_SMSK/Demo/UE5_Manny/Textures/Manny/T_Manny_02_ASAOPMASK_MSK.uasset,.uasset,8341700,Dreamrise_SMSK,texture-candidate,medium
Dreamrise_SMSK/Demo/UE5_Manny/Textures/Manny/T_Manny_02_BN.uasset,.uasset,21139803,Dreamrise_SMSK,texture-candidate,medium
Dreamrise_SMSK/Demo/UE5_Manny/Textures/Manny/T_Manny_02_CCRCCPlastic_MSK.uasset,.uasset,13144365,Dreamrise_SMSK,texture-candidate,medium
Dreamrise_SMSK/Demo/UE5_Manny/Textures/Manny/T_Manny_02_D.uasset,.uasset,9033824,Dreamrise_SMSK,texture-candidate,medium
Dreamrise_SMSK/Demo/UE5_Manny/Textures/Manny/T_Manny_02_MSR_MSK.uasset,.uasset,13677939,Dreamrise_SMSK,texture-candidate,medium
Dreamrise_SMSK/Demo/UE5_Manny/Textures/Manny/T_Manny_02_N.uasset,.uasset,7269679,Dreamrise_SMSK,texture-candidate,medium
Dreamrise_SMSK/Demo/UE5_Manny/Textures/Manny/T_Manny_02_Tan.uasset,.uasset,2154082,Dreamrise_SMSK,texture-candidate,medium
Dreamrise_SMSK/Demo/UE5_Manny/Textures/Quinn/T_Quinn_01_ASAOMASK_MSK.uasset,.uasset,5835183,Dreamrise_SMSK,texture-candidate,medium
Dreamrise_SMSK/Demo/UE5_Manny/Textures/Quinn/T_Quinn_01_CCRCCPlastic_MSK.uasset,.uasset,12400248,Dreamrise_SMSK,texture-candidate,medium
Dreamrise_SMSK/Demo/UE5_Manny/Textures/Quinn/T_Quinn_01ID_BN.uasset,.uasset,16108959,Dreamrise_SMSK,texture-candidate,medium
Dreamrise_SMSK/Demo/UE5_Manny/Textures/Quinn/T_Quinn_01ID_D.uasset,.uasset,4711405,Dreamrise_SMSK,texture-candidate,medium
Dreamrise_SMSK/Demo/UE5_Manny/Textures/Quinn/T_Quinn_01ID_MSR_MSK.uasset,.uasset,11656456,Dreamrise_SMSK,texture-candidate,medium
Dreamrise_SMSK/Demo/UE5_Manny/Textures/Quinn/T_Quinn_01ID_N.uasset,.uasset,5218010,Dreamrise_SMSK,texture-candidate,medium
Dreamrise_SMSK/Demo/UE5_Manny/Textures/Quinn/T_Quinn_01ID_Tan.uasset,.uasset,1104941,Dreamrise_SMSK,texture-candidate,medium
Dreamrise_SMSK/Demo/UE5_Manny/Textures/Quinn/T_Quinn_02_ASAOMASK_MSK.uasset,.uasset,6902263,Dreamrise_SMSK,texture-candidate,medium
Dreamrise_SMSK/Demo/UE5_Manny/Textures/Quinn/T_Quinn_02_CCRCCPlastic_MSK.uasset,.uasset,13428180,Dreamrise_SMSK,texture-candidate,medium
Dreamrise_SMSK/Demo/UE5_Manny/Textures/Quinn/T_Quinn_02ID_BN.uasset,.uasset,19707209,Dreamrise_SMSK,texture-candidate,medium
Dreamrise_SMSK/Demo/UE5_Manny/Textures/Quinn/T_Quinn_02ID_D.uasset,.uasset,6732762,Dreamrise_SMSK,texture-candidate,medium
Dreamrise_SMSK/Demo/UE5_Manny/Textures/Quinn/T_Quinn_02ID_MSR_MSK.uasset,.uasset,13170086,Dreamrise_SMSK,texture-candidate,medium
Dreamrise_SMSK/Demo/UE5_Manny/Textures/Quinn/T_Quinn_02ID_N.uasset,.uasset,5218010,Dreamrise_SMSK,texture-candidate,medium
Dreamrise_SMSK/Demo/UE5_Manny/Textures/Quinn/T_Quinn_02ID_Tan.uasset,.uasset,1758816,Dreamrise_SMSK,texture-candidate,medium
Dreamrise_SMSK/Demo/UE5_Manny/Textures/Shared/T_UE_Logo_M.uasset,.uasset,70298,Dreamrise_SMSK,texture-candidate,medium
Dreamrise_SMSK/Input/Actions/IA_Aim.uasset,.uasset,1895,Dreamrise_SMSK,unreal-package-unresolved,low
Dreamrise_SMSK/Input/Actions/IA_Interact.uasset,.uasset,1718,Dreamrise_SMSK,unreal-package-unresolved,low
Dreamrise_SMSK/Input/Actions/IA_Jump.uasset,.uasset,1900,Dreamrise_SMSK,unreal-package-unresolved,low
Dreamrise_SMSK/Input/Actions/IA_Look.uasset,.uasset,1590,Dreamrise_SMSK,unreal-package-unresolved,low
Dreamrise_SMSK/Input/Actions/IA_Melee.uasset,.uasset,1703,Dreamrise_SMSK,unreal-package-unresolved,low
Dreamrise_SMSK/Input/Actions/IA_Move.uasset,.uasset,1590,Dreamrise_SMSK,unreal-package-unresolved,low
Dreamrise_SMSK/Input/Actions/IA_Primary.uasset,.uasset,1713,Dreamrise_SMSK,unreal-package-unresolved,low
Dreamrise_SMSK/Input/Actions/IA_PrimaryAction.uasset,.uasset,1945,Dreamrise_SMSK,unreal-package-unresolved,low
Dreamrise_SMSK/Input/Actions/IA_Reload.uasset,.uasset,1708,Dreamrise_SMSK,unreal-package-unresolved,low
Dreamrise_SMSK/Input/Actions/IA_Secondary.uasset,.uasset,1723,Dreamrise_SMSK,unreal-package-unresolved,low
Dreamrise_SMSK/Input/Actions/IA_Shoot.uasset,.uasset,1703,Dreamrise_SMSK,unreal-package-unresolved,low
Dreamrise_SMSK/Input/Actions/IA_Sprint.uasset,.uasset,1708,Dreamrise_SMSK,unreal-package-unresolved,low
Dreamrise_SMSK/Input/Actions/IA_ToggleInventory.uasset,.uasset,1753,Dreamrise_SMSK,unreal-package-unresolved,low
Dreamrise_SMSK/Input/IMC_Default.uasset,.uasset,32605,Dreamrise_SMSK,unreal-package-unresolved,low
Dreamrise_SMSK/Levels/AF_Stone.uasset,.uasset,6675,Dreamrise_SMSK,map-or-data,medium
Dreamrise_SMSK/Levels/AF_Tree.uasset,.uasset,9420,Dreamrise_SMSK,map-or-data,medium
Dreamrise_SMSK/Levels/Dirt_LayerInfo.uasset,.uasset,1584,Dreamrise_SMSK,map-or-data,medium
Dreamrise_SMSK/Levels/Grass_LayerInfo.uasset,.uasset,1591,Dreamrise_SMSK,map-or-data,medium
Dreamrise_SMSK/Levels/L_Demonstration.umap,.umap,4588648,Dreamrise_SMSK,map-or-data,medium
Dreamrise_SMSK/Levels/L_Mainmenu.umap,.umap,511308,Dreamrise_SMSK,map-or-data,medium
Dreamrise_SMSK/Other/Camera/CM_Aim.uasset,.uasset,159054,Dreamrise_SMSK,data-or-type-definition,medium
Dreamrise_SMSK/Other/Camera/CM_Damage.uasset,.uasset,142759,Dreamrise_SMSK,data-or-type-definition,medium
Dreamrise_SMSK/Other/Camera/CMS_Attack.uasset,.uasset,6593,Dreamrise_SMSK,data-or-type-definition,medium
Dreamrise_SMSK/Other/Camera/CMS_Damage.uasset,.uasset,6634,Dreamrise_SMSK,data-or-type-definition,medium
Dreamrise_SMSK/Other/Camera/CMS_Shoot.uasset,.uasset,6857,Dreamrise_SMSK,data-or-type-definition,medium
Dreamrise_SMSK/Other/Data/DT_SimpleInventorySystem_ItemData.uasset,.uasset,16495,Dreamrise_SMSK,data-or-type-definition,medium
Dreamrise_SMSK/Other/Enum/E_Holdable_Stance.uasset,.uasset,3570,Dreamrise_SMSK,data-or-type-definition,medium
Dreamrise_SMSK/Other/Enum/E_InventorySystem_ItemRarity.uasset,.uasset,3406,Dreamrise_SMSK,data-or-type-definition,medium
Dreamrise_SMSK/Other/Enum/E_InventorySystem_ItemType.uasset,.uasset,3378,Dreamrise_SMSK,data-or-type-definition,medium
Dreamrise_SMSK/Other/Struct/S_Holdable_Crosshair.uasset,.uasset,5935,Dreamrise_SMSK,data-or-type-definition,medium
Dreamrise_SMSK/Other/Struct/S_InventorySystem_FullItemData.uasset,.uasset,11609,Dreamrise_SMSK,data-or-type-definition,medium
Dreamrise_SMSK/Other/Struct/S_InventorySystem_InventoryItem.uasset,.uasset,5516,Dreamrise_SMSK,data-or-type-definition,medium
Dreamrise_SMSK/Other/Struct/S_InventorySystem_InventoryItemShort.uasset,.uasset,4992,Dreamrise_SMSK,data-or-type-definition,medium
Dreamrise_SMSK/Other/Struct/S_InventorySystem_ItemData.uasset,.uasset,4919,Dreamrise_SMSK,data-or-type-definition,medium
NiagaraExamples/Blueprints/BP_Launcher.uasset,.uasset,157297,NiagaraExamples,blueprint-logic,high
NiagaraExamples/Blueprints/BP_PickUp.uasset,.uasset,332513,NiagaraExamples,blueprint-logic,high
NiagaraExamples/Blueprints/BP_PickUp_PlayerBuff.uasset,.uasset,36457,NiagaraExamples,blueprint-logic,high
NiagaraExamples/Blueprints/BP_PickUp_PlayerDeBuff.uasset,.uasset,35341,NiagaraExamples,blueprint-logic,high
NiagaraExamples/Blueprints/BP_PickUp_WeaponBuff.uasset,.uasset,35377,NiagaraExamples,blueprint-logic,high
NiagaraExamples/Blueprints/BP_PickUp_WeaponDeBuff.uasset,.uasset,35496,NiagaraExamples,blueprint-logic,high
NiagaraExamples/Blueprints/BP_Rifle.uasset,.uasset,148534,NiagaraExamples,blueprint-logic,high
NiagaraExamples/Blueprints/BP_TeslaCoil.uasset,.uasset,205709,NiagaraExamples,blueprint-logic,high
NiagaraExamples/Blueprints/BP_Torch.uasset,.uasset,328500,NiagaraExamples,blueprint-logic,high
NiagaraExamples/Blueprints/BP_WeaponBase.uasset,.uasset,463745,NiagaraExamples,blueprint-logic,high
NiagaraExamples/Blueprints/BPI_ObjectHit.uasset,.uasset,15838,NiagaraExamples,blueprint-logic,high
NiagaraExamples/Blueprints/BPI_StatusEffects.uasset,.uasset,16422,NiagaraExamples,blueprint-logic,high
NiagaraExamples/Blueprints/BPI_Weapon.uasset,.uasset,12929,NiagaraExamples,blueprint-logic,high
NiagaraExamples/Blueprints/E_ExplosionSizes.uasset,.uasset,2649,NiagaraExamples,blueprint-logic,high
NiagaraExamples/Blueprints/GE_Status_Parent.uasset,.uasset,224131,NiagaraExamples,blueprint-logic,high
NiagaraExamples/Blueprints/TriggerExplosion.uasset,.uasset,298892,NiagaraExamples,blueprint-logic,high
NiagaraExamples/Blueprints/TriggerImpact.uasset,.uasset,495035,NiagaraExamples,blueprint-logic,high
NiagaraExamples/EffectTypes/NET_Environment_Burst.uasset,.uasset,11412,NiagaraExamples,unreal-package-unresolved,low
NiagaraExamples/EffectTypes/NET_Environment_Looping.uasset,.uasset,11773,NiagaraExamples,unreal-package-unresolved,low
NiagaraExamples/EffectTypes/NET_Gameplay_Burst.uasset,.uasset,11397,NiagaraExamples,unreal-package-unresolved,low
NiagaraExamples/EffectTypes/NET_Gameplay_Looping.uasset,.uasset,11764,NiagaraExamples,unreal-package-unresolved,low
NiagaraExamples/EffectTypes/NET_NDC_Burst.uasset,.uasset,11563,NiagaraExamples,unreal-package-unresolved,low
NiagaraExamples/FX_Explosions/CameraShake/CS_Explosion_01.uasset,.uasset,6573,NiagaraExamples,unreal-package-unresolved,low
NiagaraExamples/FX_Explosions/Emitters/NE_Core.uasset,.uasset,400557,NiagaraExamples,unreal-package-unresolved,low
NiagaraExamples/FX_Explosions/Emitters/NE_Debris.uasset,.uasset,424466,NiagaraExamples,unreal-package-unresolved,low
NiagaraExamples/FX_Explosions/Emitters/NE_DustExplosion.uasset,.uasset,899670,NiagaraExamples,unreal-package-unresolved,low
NiagaraExamples/FX_Explosions/Emitters/NE_Explosion.uasset,.uasset,491252,NiagaraExamples,unreal-package-unresolved,low
NiagaraExamples/FX_Explosions/Emitters/NE_GroundDust.uasset,.uasset,403017,NiagaraExamples,unreal-package-unresolved,low
NiagaraExamples/FX_Explosions/Emitters/NE_PostProcess.uasset,.uasset,153987,NiagaraExamples,unreal-package-unresolved,low
NiagaraExamples/FX_Explosions/Emitters/NE_SparkDebris.uasset,.uasset,308150,NiagaraExamples,unreal-package-unresolved,low
NiagaraExamples/FX_Explosions/NS_Dirt_Explosion.uasset,.uasset,5682224,NiagaraExamples,unreal-package-unresolved,low
NiagaraExamples/FX_Explosions/NS_Dirt_Explosion_Medium.uasset,.uasset,5671526,NiagaraExamples,unreal-package-unresolved,low
NiagaraExamples/FX_Explosions/NS_Dirt_Explosion_Small.uasset,.uasset,5725235,NiagaraExamples,unreal-package-unresolved,low
NiagaraExamples/FX_Explosions/NS_Explosion.uasset,.uasset,6591407,NiagaraExamples,unreal-package-unresolved,low
NiagaraExamples/FX_Explosions/NS_Explosion_Medium.uasset,.uasset,5682229,NiagaraExamples,unreal-package-unresolved,low
NiagaraExamples/FX_Explosions/NS_Explosion_Small.uasset,.uasset,5719777,NiagaraExamples,unreal-package-unresolved,low
NiagaraExamples/FX_Fog/BP_FogBankCard.uasset,.uasset,109477,NiagaraExamples,unreal-package-unresolved,low
NiagaraExamples/FX_Fog/BP_FogBankVolume.uasset,.uasset,79346,NiagaraExamples,unreal-package-unresolved,low
NiagaraExamples/FX_Fog/CVC_FogBankVolume_Presets.uasset,.uasset,3641,NiagaraExamples,unreal-package-unresolved,low
NiagaraExamples/FX_Fog/SVT_FogBank_Seed0.uasset,.uasset,62173809,NiagaraExamples,unreal-package-unresolved,low
NiagaraExamples/FX_Fog/SVT_FogBank_Seed1.uasset,.uasset,61222137,NiagaraExamples,unreal-package-unresolved,low
NiagaraExamples/FX_Fog/SVT_FogBank_Seed2.uasset,.uasset,61950332,NiagaraExamples,unreal-package-unresolved,low
NiagaraExamples/FX_Fog/SVT_FogBank_Whisps_Seed0.uasset,.uasset,70841771,NiagaraExamples,unreal-package-unresolved,low
NiagaraExamples/FX_Fog/SVT_FogBank_Whisps_Seed1.uasset,.uasset,70244033,NiagaraExamples,unreal-package-unresolved,low
NiagaraExamples/FX_Fog/SVT_FogBank_Whisps_Seed2.uasset,.uasset,73975843,NiagaraExamples,unreal-package-unresolved,low
NiagaraExamples/FX_Fog/T_FogBank_Seed0_NNOO.uasset,.uasset,668769,NiagaraExamples,unreal-package-unresolved,low
NiagaraExamples/FX_Fog/T_FogBank_Seed1_NNOO.uasset,.uasset,674316,NiagaraExamples,unreal-package-unresolved,low
NiagaraExamples/FX_Fog/T_FogBank_Seed2_NNOO.uasset,.uasset,680286,NiagaraExamples,unreal-package-unresolved,low
NiagaraExamples/FX_Fog/T_FogBank_Whisps_Seed0_NNOO.uasset,.uasset,757234,NiagaraExamples,unreal-package-unresolved,low
NiagaraExamples/FX_Fog/T_FogBank_Whisps_Seed1_NNOO.uasset,.uasset,833086,NiagaraExamples,unreal-package-unresolved,low
NiagaraExamples/FX_Fog/T_FogBank_Whisps_Seed2_NNOO.uasset,.uasset,842014,NiagaraExamples,unreal-package-unresolved,low
NiagaraExamples/FX_Footstep/AN_Footstep.uasset,.uasset,325667,NiagaraExamples,unreal-package-unresolved,low
NiagaraExamples/FX_Footstep/E_Footstep_Names.uasset,.uasset,2291,NiagaraExamples,unreal-package-unresolved,low
NiagaraExamples/FX_Footstep/Materials/M_Footprint_Decal.uasset,.uasset,21111,NiagaraExamples,material-candidate,medium
NiagaraExamples/FX_Footstep/NS_Footstep_Bubbles.uasset,.uasset,290846,NiagaraExamples,unreal-package-unresolved,low
NiagaraExamples/FX_Footstep/NS_Footstep_Fire.uasset,.uasset,2361055,NiagaraExamples,unreal-package-unresolved,low
NiagaraExamples/FX_Footstep/NS_Footstep_Gravel.uasset,.uasset,956009,NiagaraExamples,unreal-package-unresolved,low
NiagaraExamples/FX_Footstep/NS_Footstep_LW.uasset,.uasset,274052,NiagaraExamples,unreal-package-unresolved,low
NiagaraExamples/FX_Footstep/Textures/Arrow_RGB.uasset,.uasset,18138,NiagaraExamples,texture-candidate,medium
NiagaraExamples/FX_Footstep/Textures/T_Footprint_Mask.uasset,.uasset,38283,NiagaraExamples,texture-candidate,medium
NiagaraExamples/FX_Footstep/Textures/T_Footprint_Mask2.uasset,.uasset,23802,NiagaraExamples,texture-candidate,medium
NiagaraExamples/FX_Footstep/Textures/T_Footprint_Normals.uasset,.uasset,270455,NiagaraExamples,texture-candidate,medium
NiagaraExamples/FX_Markers/Materials/MI_Mesh_Arrow.uasset,.uasset,9155,NiagaraExamples,material-candidate,medium
NiagaraExamples/FX_Markers/NS_Marker_Location.uasset,.uasset,482902,NiagaraExamples,unreal-package-unresolved,low
NiagaraExamples/FX_Markers/NS_Marker_Target.uasset,.uasset,477217,NiagaraExamples,unreal-package-unresolved,low
NiagaraExamples/FX_Misc/BP_DinoDragon.uasset,.uasset,95302,NiagaraExamples,unreal-package-unresolved,low
NiagaraExamples/FX_Misc/BP_HitDissolveCow.uasset,.uasset,141366,NiagaraExamples,unreal-package-unresolved,low
NiagaraExamples/FX_Misc/NS_Boundary.uasset,.uasset,312451,NiagaraExamples,unreal-package-unresolved,low
NiagaraExamples/FX_Misc/NS_Boundary_Box.uasset,.uasset,312745,NiagaraExamples,unreal-package-unresolved,low
NiagaraExamples/FX_Misc/NS_Boundary_Cylinder.uasset,.uasset,360504,NiagaraExamples,unreal-package-unresolved,low
NiagaraExamples/FX_Misc/NS_Boundary_Sphere.uasset,.uasset,357304,NiagaraExamples,unreal-package-unresolved,low
NiagaraExamples/FX_Misc/NS_Bubble_Burst.uasset,.uasset,141802,NiagaraExamples,unreal-package-unresolved,low
NiagaraExamples/FX_Misc/NS_Fire.uasset,.uasset,3471503,NiagaraExamples,unreal-package-unresolved,low
NiagaraExamples/FX_Misc/NS_FireworkBurst.uasset,.uasset,1036806,NiagaraExamples,unreal-package-unresolved,low
NiagaraExamples/FX_Misc/NS_HitDissolve.uasset,.uasset,2099118,NiagaraExamples,unreal-package-unresolved,low
NiagaraExamples/FX_Misc/NS_SkeletalMeshBones_Burst.uasset,.uasset,906691,NiagaraExamples,unreal-package-unresolved,low
NiagaraExamples/FX_Misc/NS_SkeletalMeshBones_Loop.uasset,.uasset,1116660,NiagaraExamples,unreal-package-unresolved,low
NiagaraExamples/FX_Misc/NS_SkeletalMeshTris_Burst.uasset,.uasset,982133,NiagaraExamples,unreal-package-unresolved,low
NiagaraExamples/FX_Misc/NS_SkeletalMeshTris_Loop.uasset,.uasset,921441,NiagaraExamples,unreal-package-unresolved,low
NiagaraExamples/FX_NDC/NDC_Footsteps.uasset,.uasset,3314,NiagaraExamples,unreal-package-unresolved,low
NiagaraExamples/FX_NDC/NDC_Impacts.uasset,.uasset,3515,NiagaraExamples,unreal-package-unresolved,low
NiagaraExamples/FX_NDC/NS_NDC_Footsteps.uasset,.uasset,1937122,NiagaraExamples,unreal-package-unresolved,low
NiagaraExamples/FX_NDC/NS_NDC_Footsteps_Bubbles.uasset,.uasset,794121,NiagaraExamples,unreal-package-unresolved,low
NiagaraExamples/FX_NDC/NS_NDC_Footsteps_Fire.uasset,.uasset,2947523,NiagaraExamples,unreal-package-unresolved,low
NiagaraExamples/FX_NDC/NS_NDC_Impacts.uasset,.uasset,4145903,NiagaraExamples,unreal-package-unresolved,low
NiagaraExamples/FX_PickUp/MI_Pickup_Flare.uasset,.uasset,9087,NiagaraExamples,unreal-package-unresolved,low
NiagaraExamples/FX_PickUp/MI_Pickup_Sparkles.uasset,.uasset,9070,NiagaraExamples,unreal-package-unresolved,low
NiagaraExamples/FX_PickUp/MI_Pickup_Sphere.uasset,.uasset,10254,NiagaraExamples,unreal-package-unresolved,low
NiagaraExamples/FX_PickUp/NS_Pickup_Idle.uasset,.uasset,496878,NiagaraExamples,unreal-package-unresolved,low
NiagaraExamples/FX_PickUp/NS_Pickup_Spawn.uasset,.uasset,453782,NiagaraExamples,unreal-package-unresolved,low
NiagaraExamples/FX_PickUp/NS_Pickup_Success.uasset,.uasset,454883,NiagaraExamples,unreal-package-unresolved,low
NiagaraExamples/FX_PickUp/NS_Pickup_Timeout.uasset,.uasset,454639,NiagaraExamples,unreal-package-unresolved,low
NiagaraExamples/FX_Player/NS_Player_Buff_Looping.uasset,.uasset,1522420,NiagaraExamples,unreal-package-unresolved,low
NiagaraExamples/FX_Player/NS_Player_DeBuff_Looping.uasset,.uasset,1507979,NiagaraExamples,unreal-package-unresolved,low
NiagaraExamples/FX_Player/NS_Player_Electricity_Looping.uasset,.uasset,1979202,NiagaraExamples,unreal-package-unresolved,low
NiagaraExamples/FX_Player/NS_Player_Teleport_In.uasset,.uasset,1223743,NiagaraExamples,unreal-package-unresolved,low
NiagaraExamples/FX_Player/NS_Player_Teleport_Out.uasset,.uasset,1225894,NiagaraExamples,unreal-package-unresolved,low
NiagaraExamples/FX_Player/NS_Weapon_Buff_Looping.uasset,.uasset,1220392,NiagaraExamples,unreal-package-unresolved,low
NiagaraExamples/FX_Player/NS_Weapon_DeBuff_Looping.uasset,.uasset,1202961,NiagaraExamples,unreal-package-unresolved,low
NiagaraExamples/FX_Ribbons/Emitters/NE_Arc.uasset,.uasset,825544,NiagaraExamples,unreal-package-unresolved,low
NiagaraExamples/FX_Ribbons/NS_TeslaCoil.uasset,.uasset,6482697,NiagaraExamples,unreal-package-unresolved,low
NiagaraExamples/FX_SkeletalMesh/NS_Dino_Tri_Loop.uasset,.uasset,1253008,NiagaraExamples,unreal-package-unresolved,low
NiagaraExamples/FX_SkeletalMesh/NS_Dino_Tris_Color_Burst.uasset,.uasset,909186,NiagaraExamples,unreal-package-unresolved,low
NiagaraExamples/FX_Smoke/Emitters/NE_Smoke.uasset,.uasset,344304,NiagaraExamples,unreal-package-unresolved,low
NiagaraExamples/FX_Smoke/NS_Chimney_Smoke.uasset,.uasset,956724,NiagaraExamples,unreal-package-unresolved,low
NiagaraExamples/FX_Smoke/NS_Smoke_Plume.uasset,.uasset,983933,NiagaraExamples,unreal-package-unresolved,low
NiagaraExamples/FX_Sparks/Emitters/NE_SecondarySparks.uasset,.uasset,170840,NiagaraExamples,unreal-package-unresolved,low
NiagaraExamples/FX_Sparks/Emitters/NE_Sparks.uasset,.uasset,272562,NiagaraExamples,unreal-package-unresolved,low
NiagaraExamples/FX_Sparks/NS_Spark_Burst.uasset,.uasset,2766650,NiagaraExamples,unreal-package-unresolved,low
NiagaraExamples/FX_Sparks/NS_Spark_Continuous.uasset,.uasset,3102856,NiagaraExamples,unreal-package-unresolved,low
NiagaraExamples/FX_Sparks/NS_Spark_Impact_Looping.uasset,.uasset,1557264,NiagaraExamples,unreal-package-unresolved,low
NiagaraExamples/FX_Weapons/Impacts/DynamicInputs/BurstVector.uasset,.uasset,63674,NiagaraExamples,unreal-package-unresolved,low
NiagaraExamples/FX_Weapons/Impacts/DynamicInputs/CalculateReflectionVector.uasset,.uasset,39419,NiagaraExamples,unreal-package-unresolved,low
NiagaraExamples/FX_Weapons/Impacts/DynamicInputs/RelativeOffsetFloat.uasset,.uasset,23936,NiagaraExamples,unreal-package-unresolved,low
NiagaraExamples/FX_Weapons/Impacts/Emitters/NE_Impact.uasset,.uasset,158660,NiagaraExamples,unreal-package-unresolved,low
NiagaraExamples/FX_Weapons/Impacts/Emitters/NE_Impact_LightDecal.uasset,.uasset,318242,NiagaraExamples,unreal-package-unresolved,low
NiagaraExamples/FX_Weapons/Impacts/Emitters/NE_Impact_Mesh.uasset,.uasset,358319,NiagaraExamples,unreal-package-unresolved,low
NiagaraExamples/FX_Weapons/Impacts/Emitters/NE_Impact_MeshAndSprite.uasset,.uasset,472763,NiagaraExamples,unreal-package-unresolved,low
NiagaraExamples/FX_Weapons/Impacts/Emitters/NE_Impact_SecondarySprite.uasset,.uasset,168321,NiagaraExamples,unreal-package-unresolved,low
NiagaraExamples/FX_Weapons/Impacts/Emitters/NE_Impact_Sprite.uasset,.uasset,333921,NiagaraExamples,unreal-package-unresolved,low
NiagaraExamples/FX_Weapons/Impacts/NS_Impact_Concrete.uasset,.uasset,4720925,NiagaraExamples,unreal-package-unresolved,low
NiagaraExamples/FX_Weapons/Impacts/NS_Impact_Glass.uasset,.uasset,4641912,NiagaraExamples,unreal-package-unresolved,low
NiagaraExamples/FX_Weapons/Impacts/NS_Impact_Metal.uasset,.uasset,3363541,NiagaraExamples,unreal-package-unresolved,low
NiagaraExamples/FX_Weapons/Impacts/NS_Impact_Wood.uasset,.uasset,4773771,NiagaraExamples,unreal-package-unresolved,low
NiagaraExamples/FX_Weapons/MuzzleFlashes/Emitters/NE_BulletShells.uasset,.uasset,166130,NiagaraExamples,unreal-package-unresolved,low
NiagaraExamples/FX_Weapons/MuzzleFlashes/Emitters/NE_MuzzleFlash_Base.uasset,.uasset,183015,NiagaraExamples,unreal-package-unresolved,low
NiagaraExamples/FX_Weapons/MuzzleFlashes/Emitters/NE_MuzzleFlash_Smoke.uasset,.uasset,226257,NiagaraExamples,unreal-package-unresolved,low
NiagaraExamples/FX_Weapons/MuzzleFlashes/Emitters/NE_MuzzleFlash_Sparks_Base.uasset,.uasset,160565,NiagaraExamples,unreal-package-unresolved,low
NiagaraExamples/FX_Weapons/MuzzleFlashes/Materials/Instances/MI_Flipbook_Pyro_Muzzle.uasset,.uasset,12838,NiagaraExamples,material-candidate,medium
NiagaraExamples/FX_Weapons/MuzzleFlashes/Materials/Instances/MI_Flipbook_Smoke_Muzzle.uasset,.uasset,13930,NiagaraExamples,material-candidate,medium
NiagaraExamples/FX_Weapons/MuzzleFlashes/Materials/Instances/MI_MuzzleFlash_Sphere.uasset,.uasset,13218,NiagaraExamples,material-candidate,medium
NiagaraExamples/FX_Weapons/MuzzleFlashes/Materials/Instances/MI_Stylized_Sparkes.uasset,.uasset,7039,NiagaraExamples,material-candidate,medium
NiagaraExamples/FX_Weapons/MuzzleFlashes/Materials/M_MuzzleFlash_Distortion.uasset,.uasset,23952,NiagaraExamples,material-candidate,medium
NiagaraExamples/FX_Weapons/MuzzleFlashes/Meshes/M_BulletShell_FX.uasset,.uasset,23631,NiagaraExamples,mesh-candidate,medium
NiagaraExamples/FX_Weapons/MuzzleFlashes/Meshes/MI_BulletShell_FX.uasset,.uasset,10345,NiagaraExamples,mesh-candidate,medium
NiagaraExamples/FX_Weapons/MuzzleFlashes/Meshes/SM_BulletShell.uasset,.uasset,16886,NiagaraExamples,mesh-candidate,medium
NiagaraExamples/FX_Weapons/MuzzleFlashes/Meshes/T_BulletShell.uasset,.uasset,157253,NiagaraExamples,mesh-candidate,medium
NiagaraExamples/FX_Weapons/MuzzleFlashes/Meshes/T_BulletShell_NM.uasset,.uasset,340097,NiagaraExamples,mesh-candidate,medium
NiagaraExamples/FX_Weapons/MuzzleFlashes/NS_MuzzleFlash.uasset,.uasset,3155004,NiagaraExamples,unreal-package-unresolved,low
NiagaraExamples/FX_Weapons/MuzzleFlashes/Textures/T_MuzzleFlash.uasset,.uasset,2887263,NiagaraExamples,texture-candidate,medium
NiagaraExamples/FX_Weapons/MuzzleFlashes/Textures/T_MuzzleFlash_Side.uasset,.uasset,917096,NiagaraExamples,texture-candidate,medium
NiagaraExamples/FX_Weapons/MuzzleFlashes/Textures/T_MuzzleFlash_Sphere.uasset,.uasset,1178231,NiagaraExamples,texture-candidate,medium
NiagaraExamples/FX_Weapons/MuzzleFlashes/Textures/T_ThinSmoke_FX.uasset,.uasset,4610468,NiagaraExamples,texture-candidate,medium
NiagaraExamples/FX_Weapons/Projectiles/BP_ImpactProjectile.uasset,.uasset,41110,NiagaraExamples,unreal-package-unresolved,low
NiagaraExamples/FX_Weapons/Projectiles/BP_ProjectileMaster.uasset,.uasset,149526,NiagaraExamples,unreal-package-unresolved,low
NiagaraExamples/FX_Weapons/Projectiles/BP_RocketProjectile.uasset,.uasset,47115,NiagaraExamples,unreal-package-unresolved,low
NiagaraExamples/FX_Weapons/Trails/NS_BulletTracer.uasset,.uasset,651495,NiagaraExamples,unreal-package-unresolved,low
NiagaraExamples/FX_Weapons/Trails/NS_RocketTrail.uasset,.uasset,1126059,NiagaraExamples,unreal-package-unresolved,low
NiagaraExamples/FX_Weapons/Trails/NS_SimpleRibbonTrail.uasset,.uasset,289923,NiagaraExamples,unreal-package-unresolved,low
NiagaraExamples/Gallery/Blueprints/AN_Gallery_Footstep.uasset,.uasset,448689,NiagaraExamples,blueprint-logic,high
NiagaraExamples/Gallery/Blueprints/BP_Gallery_Character.uasset,.uasset,954360,NiagaraExamples,blueprint-logic,high
NiagaraExamples/Gallery/Blueprints/BP_Gallery_GameMode.uasset,.uasset,21473,NiagaraExamples,blueprint-logic,high
NiagaraExamples/Gallery/Blueprints/BP_Gallery_PlayerController.uasset,.uasset,35471,NiagaraExamples,blueprint-logic,high
NiagaraExamples/Gallery/Blueprints/Tools/BP_FireworkTarget.uasset,.uasset,129059,NiagaraExamples,blueprint-logic,high
NiagaraExamples/Gallery/Blueprints/Tools/BP_HelpStand.uasset,.uasset,89135,NiagaraExamples,blueprint-logic,high
NiagaraExamples/Gallery/Blueprints/Tools/BP_LightFixture.uasset,.uasset,30504,NiagaraExamples,blueprint-logic,high
NiagaraExamples/Gallery/Blueprints/Tools/BP_LightFixtureWall.uasset,.uasset,31378,NiagaraExamples,blueprint-logic,high
NiagaraExamples/Gallery/Blueprints/Tools/BP_RangeFinder.uasset,.uasset,58488,NiagaraExamples,blueprint-logic,high
NiagaraExamples/Gallery/Blueprints/Tools/BP_SpawnSystemInVolume.uasset,.uasset,63306,NiagaraExamples,blueprint-logic,high
NiagaraExamples/Gallery/Blueprints/Tools/BP_TargetDisk.uasset,.uasset,131539,NiagaraExamples,blueprint-logic,high
NiagaraExamples/Gallery/Blueprints/Tools/BP_TargetKnot.uasset,.uasset,31470,NiagaraExamples,blueprint-logic,high
NiagaraExamples/Gallery/Blueprints/Tools/BP_Teleporter.uasset,.uasset,287647,NiagaraExamples,blueprint-logic,high
NiagaraExamples/Gallery/Blueprints/Tools/BP_WeaponAutoFire.uasset,.uasset,595461,NiagaraExamples,blueprint-logic,high
NiagaraExamples/Gallery/DemoPlatform/Blueprints/BP_DemoDisplay.uasset,.uasset,1466306,NiagaraExamples,blueprint-logic,high
NiagaraExamples/Gallery/DemoPlatform/Blueprints/BP_DemoRoom.uasset,.uasset,2947495,NiagaraExamples,blueprint-logic,high
NiagaraExamples/Gallery/DemoPlatform/Materials/M_Button2.uasset,.uasset,20113,NiagaraExamples,material-candidate,medium
NiagaraExamples/Gallery/DemoPlatform/Materials/M_Button_Emissive.uasset,.uasset,14143,NiagaraExamples,material-candidate,medium
NiagaraExamples/Gallery/DemoPlatform/Materials/M_DemoRoom.uasset,.uasset,24749,NiagaraExamples,material-candidate,medium
NiagaraExamples/Gallery/DemoPlatform/Materials/M_DemoWall.uasset,.uasset,12920,NiagaraExamples,material-candidate,medium
NiagaraExamples/Gallery/DemoPlatform/Materials/M_DemoWall_Inst.uasset,.uasset,47359,NiagaraExamples,material-candidate,medium
NiagaraExamples/Gallery/DemoPlatform/Materials/M_DemoWall_Inst_3.uasset,.uasset,47716,NiagaraExamples,material-candidate,medium
NiagaraExamples/Gallery/DemoPlatform/Materials/M_Display.uasset,.uasset,13651,NiagaraExamples,material-candidate,medium
NiagaraExamples/Gallery/DemoPlatform/Materials/M_GlasDoor.uasset,.uasset,24582,NiagaraExamples,material-candidate,medium
NiagaraExamples/Gallery/DemoPlatform/Materials/M_GlasDoor_Inst.uasset,.uasset,120553,NiagaraExamples,material-candidate,medium
NiagaraExamples/Gallery/DemoPlatform/Materials/M_Glow.uasset,.uasset,10404,NiagaraExamples,material-candidate,medium
NiagaraExamples/Gallery/DemoPlatform/Materials/M_Metal.uasset,.uasset,24770,NiagaraExamples,material-candidate,medium
NiagaraExamples/Gallery/DemoPlatform/Materials/M_Tile.uasset,.uasset,69880,NiagaraExamples,material-candidate,medium
NiagaraExamples/Gallery/DemoPlatform/Materials/M_Tile_2.uasset,.uasset,40234,NiagaraExamples,material-candidate,medium
NiagaraExamples/Gallery/DemoPlatform/Materials/M_Tile_Glossy.uasset,.uasset,9860,NiagaraExamples,material-candidate,medium
NiagaraExamples/Gallery/DemoPlatform/Materials/M_Tile_Grey.uasset,.uasset,10235,NiagaraExamples,material-candidate,medium
NiagaraExamples/Gallery/DemoPlatform/Materials/M_UELogo.uasset,.uasset,16787,NiagaraExamples,material-candidate,medium
NiagaraExamples/Gallery/DemoPlatform/Materials/M_VisulizerEmissive_Inst.uasset,.uasset,8775,NiagaraExamples,material-candidate,medium
NiagaraExamples/Gallery/DemoPlatform/Materials/MaterialFunctions/ColorTint_HQ.uasset,.uasset,81000,NiagaraExamples,material-candidate,medium
NiagaraExamples/Gallery/DemoPlatform/Materials/MaterialFunctions/CrossTalkNextChannel.uasset,.uasset,57461,NiagaraExamples,material-candidate,medium
NiagaraExamples/Gallery/DemoPlatform/Materials/MD_Col.uasset,.uasset,8958,NiagaraExamples,material-candidate,medium
NiagaraExamples/Gallery/DemoPlatform/Materials/MD_Warning_Beta.uasset,.uasset,13487,NiagaraExamples,material-candidate,medium
NiagaraExamples/Gallery/DemoPlatform/Materials/MD_Warning_Deprecated.uasset,.uasset,13003,NiagaraExamples,material-candidate,medium
NiagaraExamples/Gallery/DemoPlatform/Materials/MD_WarningBase.uasset,.uasset,53553,NiagaraExamples,material-candidate,medium
NiagaraExamples/Gallery/DemoPlatform/Materials/Metal.uasset,.uasset,1469,NiagaraExamples,material-candidate,medium
NiagaraExamples/Gallery/DemoPlatform/Materials/MI_Display_Blue.uasset,.uasset,9461,NiagaraExamples,material-candidate,medium
NiagaraExamples/Gallery/DemoPlatform/Materials/MI_Display_Gray.uasset,.uasset,9036,NiagaraExamples,material-candidate,medium
NiagaraExamples/Gallery/DemoPlatform/Materials/MI_DisplayButton_Emissive.uasset,.uasset,8589,NiagaraExamples,material-candidate,medium
NiagaraExamples/Gallery/DemoPlatform/Materials/MI_Metal_Light.uasset,.uasset,9556,NiagaraExamples,material-candidate,medium
NiagaraExamples/Gallery/DemoPlatform/Materials/MI_Tile_Ceiling.uasset,.uasset,10954,NiagaraExamples,material-candidate,medium
NiagaraExamples/Gallery/DemoPlatform/Materials/MI_TileBlack.uasset,.uasset,8793,NiagaraExamples,material-candidate,medium
NiagaraExamples/Gallery/DemoPlatform/Materials/MI_TileColour.uasset,.uasset,11160,NiagaraExamples,material-candidate,medium
NiagaraExamples/Gallery/DemoPlatform/Materials/Rubber.uasset,.uasset,1568,NiagaraExamples,material-candidate,medium
NiagaraExamples/Gallery/DemoPlatform/Meshes/Button.uasset,.uasset,365019,NiagaraExamples,mesh-candidate,medium
NiagaraExamples/Gallery/DemoPlatform/Meshes/Display_Button.uasset,.uasset,247410,NiagaraExamples,mesh-candidate,medium
NiagaraExamples/Gallery/DemoPlatform/Meshes/Display_Corner_B.uasset,.uasset,131814,NiagaraExamples,mesh-candidate,medium
NiagaraExamples/Gallery/DemoPlatform/Meshes/Display_Curve_B.uasset,.uasset,34758,NiagaraExamples,mesh-candidate,medium
NiagaraExamples/Gallery/DemoPlatform/Meshes/Display_EdgeCurve_B.uasset,.uasset,176600,NiagaraExamples,mesh-candidate,medium
NiagaraExamples/Gallery/DemoPlatform/Meshes/Display_Main_B.uasset,.uasset,17881,NiagaraExamples,mesh-candidate,medium
NiagaraExamples/Gallery/DemoPlatform/Meshes/Display_Side_B.uasset,.uasset,29716,NiagaraExamples,mesh-candidate,medium
NiagaraExamples/Gallery/DemoPlatform/Meshes/Floor_Corner.uasset,.uasset,78109,NiagaraExamples,mesh-candidate,medium
NiagaraExamples/Gallery/DemoPlatform/Meshes/Floor_Edge.uasset,.uasset,21987,NiagaraExamples,mesh-candidate,medium
NiagaraExamples/Gallery/DemoPlatform/Meshes/Pipe.uasset,.uasset,21722,NiagaraExamples,mesh-candidate,medium
NiagaraExamples/Gallery/DemoPlatform/Meshes/ShadowBox_1MPanel.uasset,.uasset,50059,NiagaraExamples,mesh-candidate,medium
NiagaraExamples/Gallery/DemoPlatform/Meshes/ShadowBox_1MPanel2.uasset,.uasset,20540,NiagaraExamples,mesh-candidate,medium
NiagaraExamples/Gallery/DemoPlatform/Meshes/ShadowBox_InteriorCorner.uasset,.uasset,24656,NiagaraExamples,mesh-candidate,medium
NiagaraExamples/Gallery/DemoPlatform/Meshes/ShadowBox_RoundCorner.uasset,.uasset,133939,NiagaraExamples,mesh-candidate,medium
NiagaraExamples/Gallery/DemoPlatform/Meshes/ShadowBox_RoundEdge.uasset,.uasset,61684,NiagaraExamples,mesh-candidate,medium
NiagaraExamples/Gallery/DemoPlatform/Meshes/Slider_Button.uasset,.uasset,126631,NiagaraExamples,mesh-candidate,medium
NiagaraExamples/Gallery/DemoPlatform/Meshes/SM_Door.uasset,.uasset,59395,NiagaraExamples,mesh-candidate,medium
NiagaraExamples/Gallery/DemoPlatform/Meshes/SM_SliderBase.uasset,.uasset,26111,NiagaraExamples,mesh-candidate,medium
NiagaraExamples/Gallery/DemoPlatform/Meshes/SM_SliderBase_Cap.uasset,.uasset,32499,NiagaraExamples,mesh-candidate,medium
NiagaraExamples/Gallery/DemoPlatform/Meshes/SM_VizButton.uasset,.uasset,88992,NiagaraExamples,mesh-candidate,medium
NiagaraExamples/Gallery/DemoPlatform/Meshes/Splitter_Curve.uasset,.uasset,70660,NiagaraExamples,mesh-candidate,medium
NiagaraExamples/Gallery/DemoPlatform/Meshes/Splitter_Wall.uasset,.uasset,44000,NiagaraExamples,mesh-candidate,medium
NiagaraExamples/Gallery/DemoPlatform/Meshes/Splitter_Wall2.uasset,.uasset,107233,NiagaraExamples,mesh-candidate,medium
NiagaraExamples/Gallery/DemoPlatform/Meshes/TagBar_Middle.uasset,.uasset,42743,NiagaraExamples,mesh-candidate,medium
NiagaraExamples/Gallery/DemoPlatform/Meshes/TagBar_TitleCap.uasset,.uasset,147683,NiagaraExamples,mesh-candidate,medium
NiagaraExamples/Gallery/DemoPlatform/Meshes/TagBar_TitleCap1.uasset,.uasset,165445,NiagaraExamples,mesh-candidate,medium
NiagaraExamples/Gallery/DemoPlatform/Meshes/Tile_10MPillar.uasset,.uasset,21871,NiagaraExamples,mesh-candidate,medium
NiagaraExamples/Gallery/DemoPlatform/Meshes/Tile_10MPillar_B.uasset,.uasset,42753,NiagaraExamples,mesh-candidate,medium
NiagaraExamples/Gallery/DemoPlatform/Meshes/Tile_10MWall.uasset,.uasset,17836,NiagaraExamples,mesh-candidate,medium
NiagaraExamples/Gallery/DemoPlatform/Meshes/Tile_Edge.uasset,.uasset,19410,NiagaraExamples,mesh-candidate,medium
NiagaraExamples/Gallery/DemoPlatform/Meshes/Tile_InnerCurve.uasset,.uasset,27312,NiagaraExamples,mesh-candidate,medium
NiagaraExamples/Gallery/DemoPlatform/Meshes/Tile_InnerCurve_B.uasset,.uasset,3218415,NiagaraExamples,mesh-candidate,medium
NiagaraExamples/Gallery/DemoPlatform/Meshes/Tile_InnerCurveEdge.uasset,.uasset,47920,NiagaraExamples,mesh-candidate,medium
NiagaraExamples/Gallery/DemoPlatform/Meshes/Tile_InnerCurveEdge2.uasset,.uasset,68350,NiagaraExamples,mesh-candidate,medium
NiagaraExamples/Gallery/DemoPlatform/Meshes/Tile_InteriorEdge.uasset,.uasset,17968,NiagaraExamples,mesh-candidate,medium
NiagaraExamples/Gallery/DemoPlatform/Meshes/Tile_InteriorSquare.uasset,.uasset,17939,NiagaraExamples,mesh-candidate,medium
NiagaraExamples/Gallery/DemoPlatform/Meshes/Tile_OuterCurve.uasset,.uasset,46242,NiagaraExamples,mesh-candidate,medium
NiagaraExamples/Gallery/DemoPlatform/Meshes/TrimFeature_MetalTrim_Bend.uasset,.uasset,45717,NiagaraExamples,mesh-candidate,medium
NiagaraExamples/Gallery/DemoPlatform/Meshes/TrimFeature_MetalTrim_Straight.uasset,.uasset,33373,NiagaraExamples,mesh-candidate,medium
NiagaraExamples/Gallery/DemoPlatform/Meshes/UELogo.uasset,.uasset,3573316,NiagaraExamples,mesh-candidate,medium
NiagaraExamples/Gallery/DemoPlatform/Misc/BP_QuickActions.uasset,.uasset,269072,NiagaraExamples,unreal-package-unresolved,low
NiagaraExamples/Gallery/DemoPlatform/Misc/DT_Colourways.uasset,.uasset,2775,NiagaraExamples,unreal-package-unresolved,low
NiagaraExamples/Gallery/DemoPlatform/Misc/E_EnclosureLevel.uasset,.uasset,2115,NiagaraExamples,unreal-package-unresolved,low
NiagaraExamples/Gallery/DemoPlatform/Misc/E_ExteriorLightingPreset.uasset,.uasset,2635,NiagaraExamples,unreal-package-unresolved,low
NiagaraExamples/Gallery/DemoPlatform/Misc/E_RoomLighting.uasset,.uasset,6226,NiagaraExamples,unreal-package-unresolved,low
NiagaraExamples/Gallery/DemoPlatform/Misc/S_Colour.uasset,.uasset,4028,NiagaraExamples,unreal-package-unresolved,low
NiagaraExamples/Gallery/DemoPlatform/Misc/S_RoomSettings.uasset,.uasset,16117,NiagaraExamples,unreal-package-unresolved,low
NiagaraExamples/Gallery/DemoPlatform/Textures/DemoRoomThumb.uasset,.uasset,61944,NiagaraExamples,texture-candidate,medium
NiagaraExamples/Gallery/DemoPlatform/Textures/T_GrungySurface_slnneipc_4K_MR.uasset,.uasset,32867856,NiagaraExamples,texture-candidate,medium
NiagaraExamples/Gallery/DemoPlatform/Textures/T_Pattern_M.uasset,.uasset,1240992,NiagaraExamples,texture-candidate,medium
NiagaraExamples/Gallery/DemoPlatform/Textures/T_Warning_A.uasset,.uasset,26401,NiagaraExamples,texture-candidate,medium
NiagaraExamples/Gallery/Inputs/Actions/IA_Aim.uasset,.uasset,1195,NiagaraExamples,unreal-package-unresolved,low
NiagaraExamples/Gallery/Inputs/Actions/IA_AutoExposureLimited.uasset,.uasset,1579,NiagaraExamples,unreal-package-unresolved,low
NiagaraExamples/Gallery/Inputs/Actions/IA_AutoExposureOff.uasset,.uasset,1559,NiagaraExamples,unreal-package-unresolved,low
NiagaraExamples/Gallery/Inputs/Actions/IA_AutoExposureOn.uasset,.uasset,1554,NiagaraExamples,unreal-package-unresolved,low
NiagaraExamples/Gallery/Inputs/Actions/IA_DataChannelImpacts.uasset,.uasset,1574,NiagaraExamples,unreal-package-unresolved,low
NiagaraExamples/Gallery/Inputs/Actions/IA_DayNight.uasset,.uasset,1524,NiagaraExamples,unreal-package-unresolved,low
NiagaraExamples/Gallery/Inputs/Actions/IA_ExplosionsLarge.uasset,.uasset,1559,NiagaraExamples,unreal-package-unresolved,low
NiagaraExamples/Gallery/Inputs/Actions/IA_ExplosionsMedium.uasset,.uasset,1564,NiagaraExamples,unreal-package-unresolved,low
NiagaraExamples/Gallery/Inputs/Actions/IA_ExplosionsSmall.uasset,.uasset,1559,NiagaraExamples,unreal-package-unresolved,low
NiagaraExamples/Gallery/Inputs/Actions/IA_Fire.uasset,.uasset,1706,NiagaraExamples,unreal-package-unresolved,low
NiagaraExamples/Gallery/Inputs/Actions/IA_Interact.uasset,.uasset,1220,NiagaraExamples,unreal-package-unresolved,low
NiagaraExamples/Gallery/Inputs/Actions/IA_Jump.uasset,.uasset,1706,NiagaraExamples,unreal-package-unresolved,low
NiagaraExamples/Gallery/Inputs/Actions/IA_LineTrace.uasset,.uasset,1529,NiagaraExamples,unreal-package-unresolved,low
NiagaraExamples/Gallery/Inputs/Actions/IA_Look.uasset,.uasset,1396,NiagaraExamples,unreal-package-unresolved,low
NiagaraExamples/Gallery/Inputs/Actions/IA_MouseLook.uasset,.uasset,1421,NiagaraExamples,unreal-package-unresolved,low
NiagaraExamples/Gallery/Inputs/Actions/IA_Move.uasset,.uasset,1396,NiagaraExamples,unreal-package-unresolved,low
NiagaraExamples/Gallery/Inputs/Actions/IA_OpenDocs.uasset,.uasset,1524,NiagaraExamples,unreal-package-unresolved,low
NiagaraExamples/Gallery/Inputs/Actions/IA_Ping.uasset,.uasset,1200,NiagaraExamples,unreal-package-unresolved,low
NiagaraExamples/Gallery/Inputs/Actions/IA_Projectile.uasset,.uasset,1534,NiagaraExamples,unreal-package-unresolved,low
NiagaraExamples/Gallery/Inputs/Actions/IA_Shift.uasset,.uasset,1832,NiagaraExamples,unreal-package-unresolved,low
NiagaraExamples/Gallery/Inputs/Actions/IA_SpawnedImpacts.uasset,.uasset,1554,NiagaraExamples,unreal-package-unresolved,low
NiagaraExamples/Gallery/Inputs/IMC_Default.uasset,.uasset,16667,NiagaraExamples,unreal-package-unresolved,low
NiagaraExamples/Gallery/Inputs/IMC_MouseLook.uasset,.uasset,2688,NiagaraExamples,unreal-package-unresolved,low
NiagaraExamples/Gallery/Inputs/Touch/BPI_TouchInterface.uasset,.uasset,16490,NiagaraExamples,unreal-package-unresolved,low
NiagaraExamples/Gallery/Inputs/Touch/UI_Thumbstick.uasset,.uasset,223053,NiagaraExamples,unreal-package-unresolved,low
NiagaraExamples/Gallery/Inputs/Touch/UI_TouchSimple.uasset,.uasset,85842,NiagaraExamples,unreal-package-unresolved,low
NiagaraExamples/Gallery/LevelSequences/LS_DayNight.uasset,.uasset,41274,NiagaraExamples,unreal-package-unresolved,low
NiagaraExamples/Gallery/LevelSequences/LS_Mesh_Loop.uasset,.uasset,38008,NiagaraExamples,unreal-package-unresolved,low
NiagaraExamples/Gallery/Materials/M_Gallery_Text_Outline_Opaque.uasset,.uasset,34530,NiagaraExamples,material-candidate,medium
NiagaraExamples/Gallery/Materials/M_GalleryTextMaterialTranslucent.uasset,.uasset,29260,NiagaraExamples,material-candidate,medium
NiagaraExamples/Gallery/Materials/M_Glass.uasset,.uasset,14036,NiagaraExamples,material-candidate,medium
NiagaraExamples/Gallery/Materials/M_HelpStand_BG.uasset,.uasset,20716,NiagaraExamples,material-candidate,medium
NiagaraExamples/Gallery/Materials/M_HelpStand_Emissive.uasset,.uasset,26973,NiagaraExamples,material-candidate,medium
NiagaraExamples/Gallery/Materials/M_HelpStand_Metal.uasset,.uasset,20688,NiagaraExamples,material-candidate,medium
NiagaraExamples/Gallery/Materials/M_Lava.uasset,.uasset,32184,NiagaraExamples,material-candidate,medium
NiagaraExamples/Gallery/Materials/M_LightFixture.uasset,.uasset,18505,NiagaraExamples,material-candidate,medium
NiagaraExamples/Gallery/Materials/M_LightFixtureBlack.uasset,.uasset,11533,NiagaraExamples,material-candidate,medium
NiagaraExamples/Gallery/Materials/M_LightFixtureWhite.uasset,.uasset,8873,NiagaraExamples,material-candidate,medium
NiagaraExamples/Gallery/Materials/M_ProcGrid.uasset,.uasset,45046,NiagaraExamples,material-candidate,medium
NiagaraExamples/Gallery/Materials/M_QuixelAsset_Simple.uasset,.uasset,21962,NiagaraExamples,material-candidate,medium
NiagaraExamples/Gallery/Materials/M_QuixelDecal_Simple.uasset,.uasset,43445,NiagaraExamples,material-candidate,medium
NiagaraExamples/Gallery/Materials/M_RangeFloor.uasset,.uasset,18774,NiagaraExamples,material-candidate,medium
NiagaraExamples/Gallery/Materials/M_Target_Concrete.uasset,.uasset,13073,NiagaraExamples,material-candidate,medium
NiagaraExamples/Gallery/Materials/M_Target_Glass.uasset,.uasset,14777,NiagaraExamples,material-candidate,medium
NiagaraExamples/Gallery/Materials/M_Target_Gravel.uasset,.uasset,18358,NiagaraExamples,material-candidate,medium
NiagaraExamples/Gallery/Materials/M_Target_Metal.uasset,.uasset,14310,NiagaraExamples,material-candidate,medium
NiagaraExamples/Gallery/Materials/M_Target_Wood.uasset,.uasset,15386,NiagaraExamples,material-candidate,medium
NiagaraExamples/Gallery/Materials/MannequinTarget/M_MannequinTarget_Concrete.uasset,.uasset,15175,NiagaraExamples,material-candidate,medium
NiagaraExamples/Gallery/Materials/MannequinTarget/M_MannequinTarget_Glass.uasset,.uasset,15996,NiagaraExamples,material-candidate,medium
NiagaraExamples/Gallery/Materials/MannequinTarget/M_MannequinTarget_Metal.uasset,.uasset,16413,NiagaraExamples,material-candidate,medium
NiagaraExamples/Gallery/Materials/MannequinTarget/M_MannequinTarget_Wood.uasset,.uasset,19516,NiagaraExamples,material-candidate,medium
NiagaraExamples/Gallery/Materials/MannequinTarget/ML_Concrete.uasset,.uasset,13037,NiagaraExamples,material-candidate,medium
NiagaraExamples/Gallery/Materials/MannequinTarget/ML_Glass.uasset,.uasset,17233,NiagaraExamples,material-candidate,medium
NiagaraExamples/Gallery/Materials/MannequinTarget/ML_Gravel.uasset,.uasset,20134,NiagaraExamples,material-candidate,medium
NiagaraExamples/Gallery/Materials/MannequinTarget/ML_Mannequin.uasset,.uasset,16864,NiagaraExamples,material-candidate,medium
NiagaraExamples/Gallery/Materials/MannequinTarget/ML_Metal.uasset,.uasset,16770,NiagaraExamples,material-candidate,medium
NiagaraExamples/Gallery/Materials/MannequinTarget/ML_Target.uasset,.uasset,27790,NiagaraExamples,material-candidate,medium
NiagaraExamples/Gallery/Materials/MannequinTarget/ML_Wood.uasset,.uasset,22638,NiagaraExamples,material-candidate,medium
NiagaraExamples/Gallery/Materials/MannequinTarget/MLB_AoverB.uasset,.uasset,10652,NiagaraExamples,material-candidate,medium
NiagaraExamples/Gallery/Materials/MannequinTarget/MLB_NormalBlend.uasset,.uasset,14830,NiagaraExamples,material-candidate,medium
NiagaraExamples/Gallery/Materials/MaterialFunctions/MF_DesatAssets.uasset,.uasset,10875,NiagaraExamples,material-candidate,medium
NiagaraExamples/Gallery/Materials/MaterialFunctions/MF_ProcGrid.uasset,.uasset,49414,NiagaraExamples,material-candidate,medium
NiagaraExamples/Gallery/Materials/MI_Glass_Blue.uasset,.uasset,8629,NiagaraExamples,material-candidate,medium
NiagaraExamples/Gallery/Materials/MI_Glass_Green.uasset,.uasset,8578,NiagaraExamples,material-candidate,medium
NiagaraExamples/Gallery/Materials/MI_Grid_Gravel.uasset,.uasset,10996,NiagaraExamples,material-candidate,medium
NiagaraExamples/Gallery/Materials/MI_Knot_Wood.uasset,.uasset,12064,NiagaraExamples,material-candidate,medium
NiagaraExamples/Gallery/Materials/MI_LandscapeGrid.uasset,.uasset,12831,NiagaraExamples,material-candidate,medium
NiagaraExamples/Gallery/Materials/MI_LandscapeGrid_Target.uasset,.uasset,9163,NiagaraExamples,material-candidate,medium
NiagaraExamples/Gallery/Materials/MI_ProcGrid.uasset,.uasset,13311,NiagaraExamples,material-candidate,medium
NiagaraExamples/Gallery/Materials/MI_ProcGrid_Range.uasset,.uasset,11831,NiagaraExamples,material-candidate,medium
NiagaraExamples/Gallery/Materials/MI_RangeFloorDirt.uasset,.uasset,8960,NiagaraExamples,material-candidate,medium
NiagaraExamples/Gallery/Materials/MI_RangeFloorFire.uasset,.uasset,8816,NiagaraExamples,material-candidate,medium
NiagaraExamples/Gallery/Materials/MI_RangeFloorStylized.uasset,.uasset,9039,NiagaraExamples,material-candidate,medium
NiagaraExamples/Gallery/Megascans/Surfaces/Gravel_Ground_xbnefjm/Medium/xbnefjm_tier_2/Materials/MI_xbnefjm.uasset,.uasset,70538,NiagaraExamples,material-candidate,medium
NiagaraExamples/Gallery/Megascans/Surfaces/Gravel_Ground_xbnefjm/Medium/xbnefjm_tier_2/Textures/T_xbnefjm_2K_B.uasset,.uasset,9257303,NiagaraExamples,texture-candidate,medium
NiagaraExamples/Gallery/Megascans/Surfaces/Gravel_Ground_xbnefjm/Medium/xbnefjm_tier_2/Textures/T_xbnefjm_2K_N.uasset,.uasset,12964807,NiagaraExamples,texture-candidate,medium
NiagaraExamples/Gallery/Megascans/Surfaces/Gravel_Ground_xbnefjm/Medium/xbnefjm_tier_2/Textures/T_xbnefjm_2K_ORM.uasset,.uasset,7702135,NiagaraExamples,texture-candidate,medium
NiagaraExamples/Gallery/PhysMats/PhysM_Concrete.uasset,.uasset,1274,NiagaraExamples,unreal-package-unresolved,low
NiagaraExamples/Gallery/PhysMats/PhysM_Dirt.uasset,.uasset,1254,NiagaraExamples,unreal-package-unresolved,low
NiagaraExamples/Gallery/PhysMats/PhysM_Glass.uasset,.uasset,1259,NiagaraExamples,unreal-package-unresolved,low
NiagaraExamples/Gallery/PhysMats/PhysM_Gravel.uasset,.uasset,1264,NiagaraExamples,unreal-package-unresolved,low
NiagaraExamples/Gallery/PhysMats/PhysM_HitDissolve.uasset,.uasset,1289,NiagaraExamples,unreal-package-unresolved,low
NiagaraExamples/Gallery/PhysMats/PhysM_HitShower.uasset,.uasset,1279,NiagaraExamples,unreal-package-unresolved,low
NiagaraExamples/Gallery/PhysMats/PhysM_Lava.uasset,.uasset,1254,NiagaraExamples,unreal-package-unresolved,low
NiagaraExamples/Gallery/PhysMats/PhysM_Metal.uasset,.uasset,1259,NiagaraExamples,unreal-package-unresolved,low
NiagaraExamples/Gallery/PhysMats/PhysM_Wood.uasset,.uasset,1254,NiagaraExamples,unreal-package-unresolved,low
NiagaraExamples/Gallery/SkeletalMesh/DinoDragon/Material/DINO.uasset,.uasset,25290,NiagaraExamples,skeletal-mesh-candidate,medium
NiagaraExamples/Gallery/SkeletalMesh/DinoDragon/Material/DINO_A.uasset,.uasset,1770067,NiagaraExamples,skeletal-mesh-candidate,medium
NiagaraExamples/Gallery/SkeletalMesh/DinoDragon/Material/DINO_D.uasset,.uasset,5014868,NiagaraExamples,skeletal-mesh-candidate,medium
NiagaraExamples/Gallery/SkeletalMesh/DinoDragon/Material/Dino_N.uasset,.uasset,2911334,NiagaraExamples,skeletal-mesh-candidate,medium
NiagaraExamples/Gallery/SkeletalMesh/DinoDragon/Material/Eyeball.uasset,.uasset,6532,NiagaraExamples,skeletal-mesh-candidate,medium
NiagaraExamples/Gallery/SkeletalMesh/DinoDragon/Material/EYES.uasset,.uasset,12274,NiagaraExamples,skeletal-mesh-candidate,medium
NiagaraExamples/Gallery/SkeletalMesh/DinoDragon/SK_DinoDragon.uasset,.uasset,21638725,NiagaraExamples,skeletal-mesh-candidate,medium
NiagaraExamples/Gallery/SkeletalMesh/DinoDragon/SK_DinoDragon_Physics.uasset,.uasset,95692,NiagaraExamples,skeletal-mesh-candidate,medium
NiagaraExamples/Gallery/SkeletalMesh/DinoDragon/SK_DinoDragon_Skeleton.uasset,.uasset,19614,NiagaraExamples,skeletal-mesh-candidate,medium
NiagaraExamples/Gallery/SkeletalMesh/Mannequins/Anims/ABP_Gallery.uasset,.uasset,525007,NiagaraExamples,skeletal-mesh-candidate,medium
NiagaraExamples/Gallery/SkeletalMesh/Mannequins/Anims/BS_Strafe.uasset,.uasset,30968,NiagaraExamples,skeletal-mesh-candidate,medium
NiagaraExamples/Gallery/SkeletalMesh/Mannequins/Anims/Enum_Footstep.uasset,.uasset,2353,NiagaraExamples,skeletal-mesh-candidate,medium
NiagaraExamples/Gallery/SkeletalMesh/Mannequins/Anims/Rifle/Jog/MF_Rifle_Jog_Bwd.uasset,.uasset,571839,NiagaraExamples,skeletal-mesh-candidate,medium
NiagaraExamples/Gallery/SkeletalMesh/Mannequins/Anims/Rifle/Jog/MF_Rifle_Jog_Fwd.uasset,.uasset,508465,NiagaraExamples,skeletal-mesh-candidate,medium
NiagaraExamples/Gallery/SkeletalMesh/Mannequins/Anims/Rifle/Jog/MF_Rifle_Jog_Left.uasset,.uasset,293541,NiagaraExamples,skeletal-mesh-candidate,medium
NiagaraExamples/Gallery/SkeletalMesh/Mannequins/Anims/Rifle/Jog/MF_Rifle_Jog_Right.uasset,.uasset,415597,NiagaraExamples,skeletal-mesh-candidate,medium
NiagaraExamples/Gallery/SkeletalMesh/Mannequins/Anims/Rifle/Jump/MM_Fall_Loop.uasset,.uasset,925196,NiagaraExamples,skeletal-mesh-candidate,medium
NiagaraExamples/Gallery/SkeletalMesh/Mannequins/Anims/Rifle/Jump/MM_Jump.uasset,.uasset,403575,NiagaraExamples,skeletal-mesh-candidate,medium
NiagaraExamples/Gallery/SkeletalMesh/Mannequins/Anims/Rifle/Jump/MM_Land.uasset,.uasset,413964,NiagaraExamples,skeletal-mesh-candidate,medium
NiagaraExamples/Gallery/SkeletalMesh/Mannequins/Anims/Rifle/MF_Rifle_Idle_ADS.uasset,.uasset,1700135,NiagaraExamples,skeletal-mesh-candidate,medium
NiagaraExamples/Gallery/SkeletalMesh/Mannequins/Anims/Rifle/Walk/MF_Rifle_Walk_Bwd.uasset,.uasset,456805,NiagaraExamples,skeletal-mesh-candidate,medium
NiagaraExamples/Gallery/SkeletalMesh/Mannequins/Anims/Rifle/Walk/MF_Rifle_Walk_Fwd.uasset,.uasset,497214,NiagaraExamples,skeletal-mesh-candidate,medium
NiagaraExamples/Gallery/SkeletalMesh/Mannequins/Anims/Rifle/Walk/MF_Rifle_Walk_Left.uasset,.uasset,460266,NiagaraExamples,skeletal-mesh-candidate,medium
NiagaraExamples/Gallery/SkeletalMesh/Mannequins/Anims/Rifle/Walk/MF_Rifle_Walk_Right.uasset,.uasset,517625,NiagaraExamples,skeletal-mesh-candidate,medium
NiagaraExamples/Gallery/SkeletalMesh/Mannequins/Materials/M_Mannequin.uasset,.uasset,79116,NiagaraExamples,skeletal-mesh-candidate,medium
NiagaraExamples/Gallery/SkeletalMesh/Mannequins/Materials/Manny/MI_Manny_01_New.uasset,.uasset,18188,NiagaraExamples,skeletal-mesh-candidate,medium
NiagaraExamples/Gallery/SkeletalMesh/Mannequins/Materials/Manny/MI_Manny_02_New.uasset,.uasset,20063,NiagaraExamples,skeletal-mesh-candidate,medium
NiagaraExamples/Gallery/SkeletalMesh/Mannequins/Materials/Quinn/MI_Quinn_01.uasset,.uasset,11603,NiagaraExamples,skeletal-mesh-candidate,medium
NiagaraExamples/Gallery/SkeletalMesh/Mannequins/Materials/Quinn/MI_Quinn_02.uasset,.uasset,11137,NiagaraExamples,skeletal-mesh-candidate,medium
NiagaraExamples/Gallery/SkeletalMesh/Mannequins/Meshes/SK_Mannequin.uasset,.uasset,191690,NiagaraExamples,skeletal-mesh-candidate,medium
NiagaraExamples/Gallery/SkeletalMesh/Mannequins/Meshes/SKM_Manny_Simple.uasset,.uasset,15824064,NiagaraExamples,skeletal-mesh-candidate,medium
NiagaraExamples/Gallery/SkeletalMesh/Mannequins/Meshes/SKM_Quinn_Simple.uasset,.uasset,16248600,NiagaraExamples,skeletal-mesh-candidate,medium
NiagaraExamples/Gallery/SkeletalMesh/Mannequins/Rigs/CR_Mannequin_Body.uasset,.uasset,16695545,NiagaraExamples,skeletal-mesh-candidate,medium
NiagaraExamples/Gallery/SkeletalMesh/Mannequins/Rigs/CR_Mannequin_FootIK.uasset,.uasset,328312,NiagaraExamples,skeletal-mesh-candidate,medium
NiagaraExamples/Gallery/SkeletalMesh/Mannequins/Rigs/PA_Mannequin.uasset,.uasset,303149,NiagaraExamples,skeletal-mesh-candidate,medium
NiagaraExamples/Gallery/SkeletalMesh/Mannequins/Textures/Manny/T_Manny_01_BN.uasset,.uasset,1418367,NiagaraExamples,skeletal-mesh-candidate,medium
NiagaraExamples/Gallery/SkeletalMesh/Mannequins/Textures/Manny/T_Manny_01_D.uasset,.uasset,691411,NiagaraExamples,skeletal-mesh-candidate,medium
NiagaraExamples/Gallery/SkeletalMesh/Mannequins/Textures/Manny/T_Manny_01_MRA.uasset,.uasset,698994,NiagaraExamples,skeletal-mesh-candidate,medium
NiagaraExamples/Gallery/SkeletalMesh/Mannequins/Textures/Manny/T_Manny_02_BN.uasset,.uasset,20842694,NiagaraExamples,skeletal-mesh-candidate,medium
NiagaraExamples/Gallery/SkeletalMesh/Mannequins/Textures/Manny/T_Manny_02_D.uasset,.uasset,1025278,NiagaraExamples,skeletal-mesh-candidate,medium
NiagaraExamples/Gallery/SkeletalMesh/Mannequins/Textures/Manny/T_Manny_02_MRA.uasset,.uasset,1029373,NiagaraExamples,skeletal-mesh-candidate,medium
NiagaraExamples/Gallery/SkeletalMesh/Mannequins/Textures/Quinn/T_Quinn_01_D.uasset,.uasset,661255,NiagaraExamples,skeletal-mesh-candidate,medium
NiagaraExamples/Gallery/SkeletalMesh/Mannequins/Textures/Quinn/T_Quinn_01_MRA.uasset,.uasset,764555,NiagaraExamples,skeletal-mesh-candidate,medium
NiagaraExamples/Gallery/SkeletalMesh/Mannequins/Textures/Quinn/T_Quinn_01_N.uasset,.uasset,1258761,NiagaraExamples,skeletal-mesh-candidate,medium
NiagaraExamples/Gallery/SkeletalMesh/Mannequins/Textures/Quinn/T_Quinn_02_D.uasset,.uasset,928520,NiagaraExamples,skeletal-mesh-candidate,medium
NiagaraExamples/Gallery/SkeletalMesh/Mannequins/Textures/Quinn/T_Quinn_02_MRA.uasset,.uasset,943572,NiagaraExamples,skeletal-mesh-candidate,medium
NiagaraExamples/Gallery/SkeletalMesh/Mannequins/Textures/Quinn/T_Quinn_02_N.uasset,.uasset,1517004,NiagaraExamples,skeletal-mesh-candidate,medium
NiagaraExamples/Gallery/SkeletalMesh/Mannequins/Textures/Shared/T_UE_Logo_M.uasset,.uasset,59621,NiagaraExamples,skeletal-mesh-candidate,medium
NiagaraExamples/Gallery/StaticMesh/BeachBall/M_BeachBall.uasset,.uasset,13355,NiagaraExamples,mesh-candidate,medium
NiagaraExamples/Gallery/StaticMesh/BeachBall/M_BeachBallBlue.uasset,.uasset,9285,NiagaraExamples,mesh-candidate,medium
NiagaraExamples/Gallery/StaticMesh/BeachBall/M_BeachBallRed.uasset,.uasset,9009,NiagaraExamples,mesh-candidate,medium
NiagaraExamples/Gallery/StaticMesh/BeachBall/M_BeachBallWhite.uasset,.uasset,6964,NiagaraExamples,mesh-candidate,medium
NiagaraExamples/Gallery/StaticMesh/BeachBall/M_BeachBallYellow.uasset,.uasset,9328,NiagaraExamples,mesh-candidate,medium
NiagaraExamples/Gallery/StaticMesh/BeachBall/SM_BeachBall.uasset,.uasset,27568,NiagaraExamples,mesh-candidate,medium
NiagaraExamples/Gallery/StaticMesh/EditorHelpCPUReadable.uasset,.uasset,81789,NiagaraExamples,mesh-candidate,medium
NiagaraExamples/Gallery/StaticMesh/SM_Arrow.uasset,.uasset,18901,NiagaraExamples,mesh-candidate,medium
NiagaraExamples/Gallery/StaticMesh/SM_Box.uasset,.uasset,17133,NiagaraExamples,mesh-candidate,medium
NiagaraExamples/Gallery/StaticMesh/SM_ExplosionTarget.uasset,.uasset,22182,NiagaraExamples,mesh-candidate,medium
NiagaraExamples/Gallery/StaticMesh/SM_FireplaceLogs.uasset,.uasset,31164,NiagaraExamples,mesh-candidate,medium
NiagaraExamples/Gallery/StaticMesh/SM_Knot.uasset,.uasset,332784,NiagaraExamples,mesh-candidate,medium
NiagaraExamples/Gallery/StaticMesh/SM_LightFixture.uasset,.uasset,16146,NiagaraExamples,mesh-candidate,medium
NiagaraExamples/Gallery/StaticMesh/SM_LightFixtureWall.uasset,.uasset,41616,NiagaraExamples,mesh-candidate,medium
NiagaraExamples/Gallery/StaticMesh/SM_MannequinTarget.uasset,.uasset,29915,NiagaraExamples,mesh-candidate,medium
NiagaraExamples/Gallery/StaticMesh/SM_TorchBase.uasset,.uasset,28485,NiagaraExamples,mesh-candidate,medium
NiagaraExamples/Gallery/StaticMesh/SM_TorchFuel.uasset,.uasset,15510,NiagaraExamples,mesh-candidate,medium
NiagaraExamples/Gallery/StaticMesh/ToyCow/Materials/M_Toy_Cow.uasset,.uasset,42762,NiagaraExamples,mesh-candidate,medium
NiagaraExamples/Gallery/StaticMesh/ToyCow/SM_ToyCow.uasset,.uasset,180950,NiagaraExamples,mesh-candidate,medium
NiagaraExamples/Gallery/StaticMesh/ToyCow/Textures/T_Toy_Cow_M.uasset,.uasset,130112,NiagaraExamples,mesh-candidate,medium
NiagaraExamples/Gallery/StaticMesh/ToyCow/Textures/T_Toy_Cow_N.uasset,.uasset,642202,NiagaraExamples,mesh-candidate,medium
NiagaraExamples/Gallery/Textures/T_MannequinTarget.uasset,.uasset,354458,NiagaraExamples,texture-candidate,medium
NiagaraExamples/Gallery/Weapons/Generic/Materials/M_Weapon.uasset,.uasset,60762,NiagaraExamples,material-candidate,medium
NiagaraExamples/Gallery/Weapons/Generic/Textures/T_Weapon_AORM.uasset,.uasset,5575,NiagaraExamples,texture-candidate,medium
NiagaraExamples/Gallery/Weapons/Generic/Textures/T_Weapon_D.uasset,.uasset,5281,NiagaraExamples,texture-candidate,medium
NiagaraExamples/Gallery/Weapons/Generic/Textures/T_Weapon_Mask.uasset,.uasset,5601,NiagaraExamples,texture-candidate,medium
NiagaraExamples/Gallery/Weapons/Generic/Textures/T_Weapon_N.uasset,.uasset,5604,NiagaraExamples,texture-candidate,medium
NiagaraExamples/Gallery/Weapons/Launcher/Materials/MI_Weapon_Launcher.uasset,.uasset,19381,NiagaraExamples,material-candidate,medium
NiagaraExamples/Gallery/Weapons/Launcher/Mesh/SK_Launcher_PhysicsAsset.uasset,.uasset,9577,NiagaraExamples,unreal-package-unresolved,low
NiagaraExamples/Gallery/Weapons/Launcher/Mesh/SK_Launcher_Skeleton.uasset,.uasset,10326,NiagaraExamples,unreal-package-unresolved,low
NiagaraExamples/Gallery/Weapons/Launcher/Mesh/SKM_Launcher.uasset,.uasset,3307005,NiagaraExamples,unreal-package-unresolved,low
NiagaraExamples/Gallery/Weapons/Launcher/Texture/T_Launcher_AORM.uasset,.uasset,17579625,NiagaraExamples,unreal-package-unresolved,low
NiagaraExamples/Gallery/Weapons/Launcher/Texture/T_Launcher_D.uasset,.uasset,9990615,NiagaraExamples,unreal-package-unresolved,low
NiagaraExamples/Gallery/Weapons/Launcher/Texture/T_Launcher_Mask.uasset,.uasset,342535,NiagaraExamples,unreal-package-unresolved,low
NiagaraExamples/Gallery/Weapons/Launcher/Texture/T_Launcher_N.uasset,.uasset,17925745,NiagaraExamples,unreal-package-unresolved,low
NiagaraExamples/Gallery/Weapons/Rifle/Animations/ABP_Weap_Rifle.uasset,.uasset,38907,NiagaraExamples,animation-candidate,medium
NiagaraExamples/Gallery/Weapons/Rifle/Animations/AM_MM_Rifle_DryFire.uasset,.uasset,12703,NiagaraExamples,animation-candidate,medium
NiagaraExamples/Gallery/Weapons/Rifle/Animations/AM_MM_Rifle_Equip.uasset,.uasset,15334,NiagaraExamples,animation-candidate,medium
NiagaraExamples/Gallery/Weapons/Rifle/Animations/AM_MM_Rifle_Fire.uasset,.uasset,14897,NiagaraExamples,animation-candidate,medium
NiagaraExamples/Gallery/Weapons/Rifle/Animations/AM_MM_Rifle_Reload.uasset,.uasset,18043,NiagaraExamples,animation-candidate,medium
NiagaraExamples/Gallery/Weapons/Rifle/Animations/AM_MM_Rifle_Reload_Emote_MW.uasset,.uasset,20655,NiagaraExamples,animation-candidate,medium
NiagaraExamples/Gallery/Weapons/Rifle/Animations/AM_Weap_Rifle_Fire.uasset,.uasset,8995,NiagaraExamples,animation-candidate,medium
NiagaraExamples/Gallery/Weapons/Rifle/Animations/AM_Weap_Rifle_Reload.uasset,.uasset,9013,NiagaraExamples,animation-candidate,medium
NiagaraExamples/Gallery/Weapons/Rifle/Animations/Weap_Rifle_Fire.uasset,.uasset,26913,NiagaraExamples,animation-candidate,medium
NiagaraExamples/Gallery/Weapons/Rifle/Animations/Weap_Rifle_Reload.uasset,.uasset,63826,NiagaraExamples,animation-candidate,medium
NiagaraExamples/Gallery/Weapons/Rifle/Materials/MI_Weapon_Rifle.uasset,.uasset,18652,NiagaraExamples,material-candidate,medium
NiagaraExamples/Gallery/Weapons/Rifle/Mesh/SK_Rifle.uasset,.uasset,2452342,NiagaraExamples,unreal-package-unresolved,low
NiagaraExamples/Gallery/Weapons/Rifle/Mesh/SK_Rifle_PhysicsAsset.uasset,.uasset,8683,NiagaraExamples,unreal-package-unresolved,low
NiagaraExamples/Gallery/Weapons/Rifle/Mesh/SK_Rifle_Skeleton.uasset,.uasset,9802,NiagaraExamples,unreal-package-unresolved,low
NiagaraExamples/Gallery/Weapons/Rifle/Mesh/SM_Rifle.uasset,.uasset,617588,NiagaraExamples,unreal-package-unresolved,low
NiagaraExamples/Gallery/Weapons/Rifle/Sounds/Rifle_Load01.uasset,.uasset,153368,NiagaraExamples,unreal-package-unresolved,low
NiagaraExamples/Gallery/Weapons/Rifle/Textures/T_Rifle_AORM.uasset,.uasset,18205871,NiagaraExamples,texture-candidate,medium
NiagaraExamples/Gallery/Weapons/Rifle/Textures/T_Rifle_Combined_N.uasset,.uasset,17257197,NiagaraExamples,texture-candidate,medium
NiagaraExamples/Gallery/Weapons/Rifle/Textures/T_Rifle_D.uasset,.uasset,10271782,NiagaraExamples,texture-candidate,medium
NiagaraExamples/Gallery/Weapons/Rifle/Textures/T_Rifle_Masks.uasset,.uasset,312711,NiagaraExamples,texture-candidate,medium
NiagaraExamples/Gallery/Widgets/Crosshair.uasset,.uasset,11403,NiagaraExamples,unreal-package-unresolved,low
NiagaraExamples/Gallery/Widgets/WB_Crosshair.uasset,.uasset,171395,NiagaraExamples,unreal-package-unresolved,low
NiagaraExamples/GalleryLevel.umap,.umap,2931609,NiagaraExamples,unreal-map,high
NiagaraExamples/GalleryLevel_BuiltData.uasset,.uasset,4764816,NiagaraExamples,unreal-package-unresolved,low
NiagaraExamples/Materials/MasterMaterials/M_BakerBackgroundColor.uasset,.uasset,12625,NiagaraExamples,material-candidate,medium
NiagaraExamples/Materials/MasterMaterials/M_BasicSprite.uasset,.uasset,20684,NiagaraExamples,material-candidate,medium
NiagaraExamples/Materials/MasterMaterials/M_BrightCore.uasset,.uasset,32136,NiagaraExamples,material-candidate,medium
NiagaraExamples/Materials/MasterMaterials/M_BubbleSprite.uasset,.uasset,31102,NiagaraExamples,material-candidate,medium
NiagaraExamples/Materials/MasterMaterials/M_BulletHole.uasset,.uasset,28642,NiagaraExamples,material-candidate,medium
NiagaraExamples/Materials/MasterMaterials/M_BulletHole_Glass.uasset,.uasset,19750,NiagaraExamples,material-candidate,medium
NiagaraExamples/Materials/MasterMaterials/M_Decal_Boundary.uasset,.uasset,38385,NiagaraExamples,material-candidate,medium
NiagaraExamples/Materials/MasterMaterials/M_Decal_Glow.uasset,.uasset,32273,NiagaraExamples,material-candidate,medium
NiagaraExamples/Materials/MasterMaterials/M_Decal_SubUV.uasset,.uasset,26191,NiagaraExamples,material-candidate,medium
NiagaraExamples/Materials/MasterMaterials/M_Distortion.uasset,.uasset,22889,NiagaraExamples,material-candidate,medium
NiagaraExamples/Materials/MasterMaterials/M_Energy.uasset,.uasset,26099,NiagaraExamples,material-candidate,medium
NiagaraExamples/Materials/MasterMaterials/M_Flames.uasset,.uasset,41316,NiagaraExamples,material-candidate,medium
NiagaraExamples/Materials/MasterMaterials/M_FlamesCard.uasset,.uasset,54462,NiagaraExamples,material-candidate,medium
NiagaraExamples/Materials/MasterMaterials/M_Flare.uasset,.uasset,26040,NiagaraExamples,material-candidate,medium
NiagaraExamples/Materials/MasterMaterials/M_FogBankCard.uasset,.uasset,38868,NiagaraExamples,material-candidate,medium
NiagaraExamples/Materials/MasterMaterials/M_FresnelGlow.uasset,.uasset,43797,NiagaraExamples,material-candidate,medium
NiagaraExamples/Materials/MasterMaterials/M_GlassShard.uasset,.uasset,14441,NiagaraExamples,material-candidate,medium
NiagaraExamples/Materials/MasterMaterials/M_Glow_Capsule.uasset,.uasset,40179,NiagaraExamples,material-candidate,medium
NiagaraExamples/Materials/MasterMaterials/M_Mesh_Add.uasset,.uasset,59902,NiagaraExamples,material-candidate,medium
NiagaraExamples/Materials/MasterMaterials/M_Mesh_Overlay.uasset,.uasset,67567,NiagaraExamples,material-candidate,medium
NiagaraExamples/Materials/MasterMaterials/M_Pebbles.uasset,.uasset,26090,NiagaraExamples,material-candidate,medium
NiagaraExamples/Materials/MasterMaterials/M_Quixel_Simple.uasset,.uasset,22770,NiagaraExamples,material-candidate,medium
NiagaraExamples/Materials/MasterMaterials/M_Ribbon_Arc.uasset,.uasset,73245,NiagaraExamples,material-candidate,medium
NiagaraExamples/Materials/MasterMaterials/M_SimpleAdditive.uasset,.uasset,21102,NiagaraExamples,material-candidate,medium
NiagaraExamples/Materials/MasterMaterials/M_SimpleDebris.uasset,.uasset,26304,NiagaraExamples,material-candidate,medium
NiagaraExamples/Materials/MasterMaterials/M_SimpleOpaque.uasset,.uasset,11961,NiagaraExamples,material-candidate,medium
NiagaraExamples/Materials/MasterMaterials/M_SmokeAndFire_Sprites.uasset,.uasset,152885,NiagaraExamples,material-candidate,medium
NiagaraExamples/Materials/MasterMaterials/M_SmokeAndFire_Sprites_Backup.uasset,.uasset,171176,NiagaraExamples,material-candidate,medium
NiagaraExamples/Materials/MasterMaterials/M_Sparks.uasset,.uasset,31237,NiagaraExamples,material-candidate,medium
NiagaraExamples/Materials/MasterMaterials/M_Tracer.uasset,.uasset,42977,NiagaraExamples,material-candidate,medium
NiagaraExamples/Materials/MasterMaterials/M_TracerRibbon.uasset,.uasset,15630,NiagaraExamples,material-candidate,medium
NiagaraExamples/Materials/MasterMaterials/M_Turbulent_SmokeSubUV.uasset,.uasset,20300,NiagaraExamples,material-candidate,medium
NiagaraExamples/Materials/MaterialFunctions/MF_DecalNormalFade.uasset,.uasset,15377,NiagaraExamples,material-candidate,medium
NiagaraExamples/Materials/MaterialFunctions/MF_ExposureCompensation.uasset,.uasset,13944,NiagaraExamples,material-candidate,medium
NiagaraExamples/Materials/MaterialFunctions/MF_FastSphereNormal.uasset,.uasset,18404,NiagaraExamples,material-candidate,medium
NiagaraExamples/Materials/MaterialFunctions/MF_MotionStretchSpark.uasset,.uasset,25154,NiagaraExamples,material-candidate,medium
NiagaraExamples/Materials/MaterialFunctions/MF_TrigSphereNormal.uasset,.uasset,21185,NiagaraExamples,material-candidate,medium
NiagaraExamples/Materials/MI_BasicSprite.uasset,.uasset,6573,NiagaraExamples,material-candidate,medium
NiagaraExamples/Materials/MI_BasicSprite_Masked.uasset,.uasset,8571,NiagaraExamples,material-candidate,medium
NiagaraExamples/Materials/MI_BasicSprite_Translucent.uasset,.uasset,8498,NiagaraExamples,material-candidate,medium
NiagaraExamples/Materials/MI_Boundary_TechGrid.uasset,.uasset,7913,NiagaraExamples,material-candidate,medium
NiagaraExamples/Materials/MI_BubbleSprite.uasset,.uasset,8092,NiagaraExamples,material-candidate,medium
NiagaraExamples/Materials/MI_BulletHole.uasset,.uasset,7273,NiagaraExamples,material-candidate,medium
NiagaraExamples/Materials/MI_BulletHole_Glass.uasset,.uasset,9717,NiagaraExamples,material-candidate,medium
NiagaraExamples/Materials/MI_Distortion.uasset,.uasset,6608,NiagaraExamples,material-candidate,medium
NiagaraExamples/Materials/MI_Explosion_8x8.uasset,.uasset,16033,NiagaraExamples,material-candidate,medium
NiagaraExamples/Materials/MI_Explosion_Decal.uasset,.uasset,9029,NiagaraExamples,material-candidate,medium
NiagaraExamples/Materials/MI_Explosion_Decal_Frame0.uasset,.uasset,7284,NiagaraExamples,material-candidate,medium
NiagaraExamples/Materials/MI_Explosion_Decal_Frame1.uasset,.uasset,7284,NiagaraExamples,material-candidate,medium
NiagaraExamples/Materials/MI_Explosion_Decal_Frame2.uasset,.uasset,7284,NiagaraExamples,material-candidate,medium
NiagaraExamples/Materials/MI_Explosion_Decal_Frame3.uasset,.uasset,7284,NiagaraExamples,material-candidate,medium
NiagaraExamples/Materials/MI_ExplosionBurst_8x8.uasset,.uasset,19136,NiagaraExamples,material-candidate,medium
NiagaraExamples/Materials/MI_ExplosionFlare.uasset,.uasset,8517,NiagaraExamples,material-candidate,medium
NiagaraExamples/Materials/MI_ExplosionRoil_8x8.uasset,.uasset,19638,NiagaraExamples,material-candidate,medium
NiagaraExamples/Materials/MI_ExplosionWide_8x16.uasset,.uasset,18525,NiagaraExamples,material-candidate,medium
NiagaraExamples/Materials/MI_FireBall_8x8.uasset,.uasset,16181,NiagaraExamples,material-candidate,medium
NiagaraExamples/Materials/MI_FireRoil_8x8.uasset,.uasset,16325,NiagaraExamples,material-candidate,medium
NiagaraExamples/Materials/MI_Fireworks.uasset,.uasset,7302,NiagaraExamples,material-candidate,medium
NiagaraExamples/Materials/MI_Flames.uasset,.uasset,8471,NiagaraExamples,material-candidate,medium
NiagaraExamples/Materials/MI_Flames_ExportVelocity.uasset,.uasset,9734,NiagaraExamples,material-candidate,medium
NiagaraExamples/Materials/MI_Flare.uasset,.uasset,5843,NiagaraExamples,material-candidate,medium
NiagaraExamples/Materials/MI_Flare_TeslaCoil.uasset,.uasset,8458,NiagaraExamples,material-candidate,medium
NiagaraExamples/Materials/MI_GlassShard.uasset,.uasset,6069,NiagaraExamples,material-candidate,medium
NiagaraExamples/Materials/MI_ImpactFlash.uasset,.uasset,10514,NiagaraExamples,material-candidate,medium
NiagaraExamples/Materials/MI_Marker_Target.uasset,.uasset,9866,NiagaraExamples,material-candidate,medium
NiagaraExamples/Materials/MI_Mesh_Overlay_TeslaCoil.uasset,.uasset,17485,NiagaraExamples,material-candidate,medium
NiagaraExamples/Materials/MI_Mesh_Overlay_TeslaCoil_Player.uasset,.uasset,16495,NiagaraExamples,material-candidate,medium
NiagaraExamples/Materials/MI_Overlay_Player_Buff.uasset,.uasset,10497,NiagaraExamples,material-candidate,medium
NiagaraExamples/Materials/MI_Overlay_Player_DeBuff.uasset,.uasset,10573,NiagaraExamples,material-candidate,medium
NiagaraExamples/Materials/MI_Overlay_Weapon_Buff.uasset,.uasset,11577,NiagaraExamples,material-candidate,medium
NiagaraExamples/Materials/MI_Overlay_Weapon_DeBuff.uasset,.uasset,11662,NiagaraExamples,material-candidate,medium
NiagaraExamples/Materials/MI_Pebbles.uasset,.uasset,6811,NiagaraExamples,material-candidate,medium
NiagaraExamples/Materials/MI_RocketFlareCore.uasset,.uasset,9361,NiagaraExamples,material-candidate,medium
NiagaraExamples/Materials/MI_RocketTrail_8x8.uasset,.uasset,16446,NiagaraExamples,material-candidate,medium
NiagaraExamples/Materials/MI_SimpleDebris.uasset,.uasset,7118,NiagaraExamples,material-candidate,medium
NiagaraExamples/Materials/MI_SimpleDebris_Translucent.uasset,.uasset,8292,NiagaraExamples,material-candidate,medium
NiagaraExamples/Materials/MI_SimpleGlassShards.uasset,.uasset,9635,NiagaraExamples,material-candidate,medium
NiagaraExamples/Materials/MI_SimpleProjectile.uasset,.uasset,5543,NiagaraExamples,material-candidate,medium
NiagaraExamples/Materials/MI_SmokePuff_8x8.uasset,.uasset,15224,NiagaraExamples,material-candidate,medium
NiagaraExamples/Materials/MI_SmokePuffLight_8x8.uasset,.uasset,15786,NiagaraExamples,material-candidate,medium
NiagaraExamples/Materials/MI_SmokePuffLight_8x8_Emissive.uasset,.uasset,15854,NiagaraExamples,material-candidate,medium
NiagaraExamples/Materials/MI_SmokePuffLight_8x8_Emissive_Tesla.uasset,.uasset,16226,NiagaraExamples,material-candidate,medium
NiagaraExamples/Materials/MI_SmokePuffLight_Impact.uasset,.uasset,17667,NiagaraExamples,material-candidate,medium
NiagaraExamples/Materials/MI_SmokeRoil_8x8.uasset,.uasset,14696,NiagaraExamples,material-candidate,medium
NiagaraExamples/Materials/MI_SmokeTrail_2x16.uasset,.uasset,16028,NiagaraExamples,material-candidate,medium
NiagaraExamples/Materials/MI_SmokeWispy_8x8_Emissive.uasset,.uasset,15007,NiagaraExamples,material-candidate,medium
NiagaraExamples/Materials/MI_Sparks.uasset,.uasset,7340,NiagaraExamples,material-candidate,medium
NiagaraExamples/Materials/MI_TestSprite.uasset,.uasset,10130,NiagaraExamples,material-candidate,medium
NiagaraExamples/Materials/MI_Tracer.uasset,.uasset,8192,NiagaraExamples,material-candidate,medium
NiagaraExamples/Materials/MI_TracerRibbon.uasset,.uasset,6825,NiagaraExamples,material-candidate,medium
NiagaraExamples/Materials/Reference/M_SubUV_Utilities.uasset,.uasset,21669,NiagaraExamples,material-candidate,medium
NiagaraExamples/Materials/Reference/NS_SubUV_Utilities.uasset,.uasset,380414,NiagaraExamples,material-candidate,medium
NiagaraExamples/Materials/Reference/NumberGrid.uasset,.uasset,33661,NiagaraExamples,material-candidate,medium
NiagaraExamples/MPC_NiagaraExamples.uasset,.uasset,1881,NiagaraExamples,unreal-package-unresolved,low
NiagaraExamples/NPC_NiagaraExamples.uasset,.uasset,4477,NiagaraExamples,unreal-package-unresolved,low
NiagaraExamples/StaticMesh/Broken_Concrete_Slab_tmclbcpiw/MI_Broken_Concrete_Slab_tmclbcpiw_1K.uasset,.uasset,12875,NiagaraExamples,mesh-candidate,medium
NiagaraExamples/StaticMesh/Broken_Concrete_Slab_tmclbcpiw/T_Broken_Concrete_Slab_tmclbcpiw_1K_D.uasset,.uasset,1170937,NiagaraExamples,mesh-candidate,medium
NiagaraExamples/StaticMesh/Broken_Concrete_Slab_tmclbcpiw/T_Broken_Concrete_Slab_tmclbcpiw_1K_N.uasset,.uasset,1143552,NiagaraExamples,mesh-candidate,medium
NiagaraExamples/StaticMesh/Broken_Concrete_Slab_tmclbcpiw/T_BrokenConcreteSlab_tmclbcpiw_1K_DpR.uasset,.uasset,336639,NiagaraExamples,mesh-candidate,medium
NiagaraExamples/StaticMesh/Broken_Concrete_Slab_tmjgderjw/MI_Broken_Concrete_Slab_tmjgderjw_1K.uasset,.uasset,12199,NiagaraExamples,mesh-candidate,medium
NiagaraExamples/StaticMesh/Broken_Concrete_Slab_tmjgderjw/T_Broken_Concrete_Slab_tmjgderjw_1K_D.uasset,.uasset,1117414,NiagaraExamples,mesh-candidate,medium
NiagaraExamples/StaticMesh/Broken_Concrete_Slab_tmjgderjw/T_Broken_Concrete_Slab_tmjgderjw_1K_N.uasset,.uasset,1134397,NiagaraExamples,mesh-candidate,medium
NiagaraExamples/StaticMesh/Broken_Concrete_Slab_tmjgderjw/T_BrokenConcreteSlab_tmjgderjw_1K_DpR.uasset,.uasset,400278,NiagaraExamples,mesh-candidate,medium
NiagaraExamples/StaticMesh/Concrete_Rubble_uc1iccejw/MI_Concrete_Rubble_uc1iccejw_1K.uasset,.uasset,13361,NiagaraExamples,mesh-candidate,medium
NiagaraExamples/StaticMesh/Concrete_Rubble_uc1iccejw/T_Concrete_Rubble_uc1iccejw_1K_D.uasset,.uasset,1195197,NiagaraExamples,mesh-candidate,medium
NiagaraExamples/StaticMesh/Concrete_Rubble_uc1iccejw/T_Concrete_Rubble_uc1iccejw_1K_N.uasset,.uasset,1146480,NiagaraExamples,mesh-candidate,medium
NiagaraExamples/StaticMesh/Concrete_Rubble_uc1iccejw/T_ConcreteRubble_uc1iccejw_1K_DpR.uasset,.uasset,458054,NiagaraExamples,mesh-candidate,medium
NiagaraExamples/StaticMesh/Concrete_Rubble_uc1jagbjw/MI_Concrete_Rubble_uc1jagbjw_1K.uasset,.uasset,12584,NiagaraExamples,mesh-candidate,medium
NiagaraExamples/StaticMesh/Concrete_Rubble_uc1jagbjw/T_Concrete_Rubble_uc1jagbjw_1K_D.uasset,.uasset,1150815,NiagaraExamples,mesh-candidate,medium
NiagaraExamples/StaticMesh/Concrete_Rubble_uc1jagbjw/T_Concrete_Rubble_uc1jagbjw_1K_N.uasset,.uasset,1164110,NiagaraExamples,mesh-candidate,medium
NiagaraExamples/StaticMesh/Concrete_Rubble_uc1jagbjw/T_ConcreteRubble_uc1jagbjw_1K_DpR.uasset,.uasset,452889,NiagaraExamples,mesh-candidate,medium
NiagaraExamples/StaticMesh/Concrete_Rubble_uc1jagnjw/MI_Concrete_Rubble_uc1jagnjw_1K.uasset,.uasset,13033,NiagaraExamples,mesh-candidate,medium
NiagaraExamples/StaticMesh/Concrete_Rubble_uc1jagnjw/T_Concrete_Rubble_uc1jagnjw_1K_D.uasset,.uasset,1183636,NiagaraExamples,mesh-candidate,medium
NiagaraExamples/StaticMesh/Concrete_Rubble_uc1jagnjw/T_Concrete_Rubble_uc1jagnjw_1K_N.uasset,.uasset,1086965,NiagaraExamples,mesh-candidate,medium
NiagaraExamples/StaticMesh/Concrete_Rubble_uc1jagnjw/T_ConcreteRubble_uc1jagnjw_1K_DpR.uasset,.uasset,433113,NiagaraExamples,mesh-candidate,medium
NiagaraExamples/StaticMesh/Pine_Bark_Piece_wjtsdevs/MI_Pine_Bark_Piece_wjtsdevs_2K.uasset,.uasset,12701,NiagaraExamples,mesh-candidate,medium
NiagaraExamples/StaticMesh/Pine_Bark_Piece_wjtsdevs/T_Pine_Bark_Piece_wjtsdevs_2K_D.uasset,.uasset,1394427,NiagaraExamples,mesh-candidate,medium
NiagaraExamples/StaticMesh/Pine_Bark_Piece_wjtsdevs/T_Pine_Bark_Piece_wjtsdevs_2K_N.uasset,.uasset,1248226,NiagaraExamples,mesh-candidate,medium
NiagaraExamples/StaticMesh/Pine_Bark_Piece_wjtsdevs/T_PineBarkPiece_wjtsdevs_2K_DpR.uasset,.uasset,482430,NiagaraExamples,mesh-candidate,medium
NiagaraExamples/StaticMesh/Pine_Bark_Piece_wjtuebms/MI_Pine_Bark_Piece_wjtuebms_2K.uasset,.uasset,12871,NiagaraExamples,mesh-candidate,medium
NiagaraExamples/StaticMesh/Pine_Bark_Piece_wjtuebms/T_Pine_Bark_Piece_wjtuebms_2K_D.uasset,.uasset,1388047,NiagaraExamples,mesh-candidate,medium
NiagaraExamples/StaticMesh/Pine_Bark_Piece_wjtuebms/T_Pine_Bark_Piece_wjtuebms_2K_N.uasset,.uasset,1234338,NiagaraExamples,mesh-candidate,medium
NiagaraExamples/StaticMesh/Pine_Bark_Piece_wjtuebms/T_PineBarkPiece_wjtuebms_2K_DpR.uasset,.uasset,501130,NiagaraExamples,mesh-candidate,medium
NiagaraExamples/StaticMesh/Rock_shopk/MI_Rock_shopk_2K.uasset,.uasset,13453,NiagaraExamples,mesh-candidate,medium
NiagaraExamples/StaticMesh/Rock_shopk/T_Rock_shopk_2K_D.uasset,.uasset,1279522,NiagaraExamples,mesh-candidate,medium
NiagaraExamples/StaticMesh/Rock_shopk/T_Rock_shopk_2K_DpR.uasset,.uasset,547638,NiagaraExamples,mesh-candidate,medium
NiagaraExamples/StaticMesh/Rock_shopk/T_Rock_shopk_2K_N.uasset,.uasset,1069019,NiagaraExamples,mesh-candidate,medium
NiagaraExamples/StaticMesh/S_Broken_Concrete_Slab_tmclbcpiw.uasset,.uasset,34883,NiagaraExamples,mesh-candidate,medium
NiagaraExamples/StaticMesh/S_Broken_Concrete_Slab_tmjgderjw.uasset,.uasset,28476,NiagaraExamples,mesh-candidate,medium
NiagaraExamples/StaticMesh/S_Concrete_Rubble_uc1iccejw.uasset,.uasset,36372,NiagaraExamples,mesh-candidate,medium
NiagaraExamples/StaticMesh/S_Concrete_Rubble_uc1jagbjw.uasset,.uasset,36866,NiagaraExamples,mesh-candidate,medium
NiagaraExamples/StaticMesh/S_Concrete_Rubble_uc1jagnjw.uasset,.uasset,26443,NiagaraExamples,mesh-candidate,medium
NiagaraExamples/StaticMesh/S_Pine_Bark_Piece_wjtsdevs.uasset,.uasset,29188,NiagaraExamples,mesh-candidate,medium
NiagaraExamples/StaticMesh/S_Pine_Bark_Piece_wjtuebms.uasset,.uasset,31047,NiagaraExamples,mesh-candidate,medium
NiagaraExamples/StaticMesh/S_Rock_shopk.uasset,.uasset,31254,NiagaraExamples,mesh-candidate,medium
NiagaraExamples/StaticMesh/S_Test_LODs.uasset,.uasset,32089,NiagaraExamples,mesh-candidate,medium
NiagaraExamples/StaticMesh/S_Tree_Debris_wjtuagls.uasset,.uasset,31048,NiagaraExamples,mesh-candidate,medium
NiagaraExamples/StaticMesh/S_Wood_Debris_vb2mfeliw.uasset,.uasset,30486,NiagaraExamples,mesh-candidate,medium
NiagaraExamples/StaticMesh/SM_Box_1Unit.uasset,.uasset,113529,NiagaraExamples,mesh-candidate,medium
NiagaraExamples/StaticMesh/SM_Cylinder_1Unit.uasset,.uasset,17353,NiagaraExamples,mesh-candidate,medium
NiagaraExamples/StaticMesh/SM_Disk.uasset,.uasset,14952,NiagaraExamples,mesh-candidate,medium
NiagaraExamples/StaticMesh/SM_GlassShard_01.uasset,.uasset,30621,NiagaraExamples,mesh-candidate,medium
NiagaraExamples/StaticMesh/SM_GlassShard_02.uasset,.uasset,28814,NiagaraExamples,mesh-candidate,medium
NiagaraExamples/StaticMesh/SM_GlassShard_03.uasset,.uasset,34725,NiagaraExamples,mesh-candidate,medium
NiagaraExamples/StaticMesh/SM_InvertedSphere.uasset,.uasset,23948,NiagaraExamples,mesh-candidate,medium
NiagaraExamples/StaticMesh/SM_SimpleProjectile.uasset,.uasset,15447,NiagaraExamples,mesh-candidate,medium
NiagaraExamples/StaticMesh/SM_Sphere_1Unit.uasset,.uasset,86894,NiagaraExamples,mesh-candidate,medium
NiagaraExamples/StaticMesh/TestLODsMaterials/M_LODS.uasset,.uasset,11699,NiagaraExamples,mesh-candidate,medium
NiagaraExamples/StaticMesh/TestLODsMaterials/MI_LOD0.uasset,.uasset,7138,NiagaraExamples,mesh-candidate,medium
NiagaraExamples/StaticMesh/TestLODsMaterials/MI_LOD1.uasset,.uasset,8109,NiagaraExamples,mesh-candidate,medium
NiagaraExamples/StaticMesh/TestLODsMaterials/MI_LOD2.uasset,.uasset,7798,NiagaraExamples,mesh-candidate,medium
NiagaraExamples/StaticMesh/TestLODsMaterials/MI_LOD3.uasset,.uasset,8086,NiagaraExamples,mesh-candidate,medium
NiagaraExamples/StaticMesh/Tree_Debris_wjtuagls/MI_Tree_Debris_wjtuagls_2K.uasset,.uasset,13982,NiagaraExamples,mesh-candidate,medium
NiagaraExamples/StaticMesh/Tree_Debris_wjtuagls/T_Tree_Debris_wjtuagls_2K_D.uasset,.uasset,1374307,NiagaraExamples,mesh-candidate,medium
NiagaraExamples/StaticMesh/Tree_Debris_wjtuagls/T_Tree_Debris_wjtuagls_2K_N.uasset,.uasset,1232921,NiagaraExamples,mesh-candidate,medium
NiagaraExamples/StaticMesh/Tree_Debris_wjtuagls/T_TreeDebris_wjtuagls_2K_DpR.uasset,.uasset,500828,NiagaraExamples,mesh-candidate,medium
NiagaraExamples/StaticMesh/Wood_Debris_vb2mfeliw/MI_Wood_Debris_vb2mfeliw_2K.uasset,.uasset,13425,NiagaraExamples,mesh-candidate,medium
NiagaraExamples/StaticMesh/Wood_Debris_vb2mfeliw/T_Wood_Debris_vb2mfeliw_2K_D.uasset,.uasset,1303587,NiagaraExamples,mesh-candidate,medium
NiagaraExamples/StaticMesh/Wood_Debris_vb2mfeliw/T_Wood_Debris_vb2mfeliw_2K_N.uasset,.uasset,1152740,NiagaraExamples,mesh-candidate,medium
NiagaraExamples/StaticMesh/Wood_Debris_vb2mfeliw/T_WoodDebris_vb2mfeliw_2K_DpR.uasset,.uasset,408471,NiagaraExamples,mesh-candidate,medium
NiagaraExamples/Textures/ColorCurves/Atlas_FXColorCurves.uasset,.uasset,6924,NiagaraExamples,texture-candidate,medium
NiagaraExamples/Textures/ColorCurves/EmissiveColorCurve.uasset,.uasset,5560,NiagaraExamples,texture-candidate,medium
NiagaraExamples/Textures/Decals/BulletHole.uasset,.uasset,66222,NiagaraExamples,texture-candidate,medium
NiagaraExamples/Textures/Decals/BulletHole_Normals.uasset,.uasset,131528,NiagaraExamples,texture-candidate,medium
NiagaraExamples/Textures/Decals/ExplosionDecalMasks.uasset,.uasset,2103938,NiagaraExamples,texture-candidate,medium
NiagaraExamples/Textures/Flares/LensFlare_01.uasset,.uasset,129501,NiagaraExamples,texture-candidate,medium
NiagaraExamples/Textures/Flares/LensFlare_02.uasset,.uasset,73488,NiagaraExamples,texture-candidate,medium
NiagaraExamples/Textures/Noise/M_NoiseDistortionExample.uasset,.uasset,26500,NiagaraExamples,texture-candidate,medium
NiagaraExamples/Textures/Noise/T_AlligatorNoise_CenteredTiling.uasset,.uasset,3010289,NiagaraExamples,texture-candidate,medium
NiagaraExamples/Textures/Noise/T_Hermite2Noise_CenteredTiling.uasset,.uasset,3812552,NiagaraExamples,texture-candidate,medium
NiagaraExamples/Textures/Noise/T_HermiteNoise_CenteredTiling.uasset,.uasset,3184261,NiagaraExamples,texture-candidate,medium
NiagaraExamples/Textures/Noise/T_SparseConvolutionNoise_CenteredTiling.uasset,.uasset,3782531,NiagaraExamples,texture-candidate,medium
NiagaraExamples/Textures/Sprites/T_Explosion_EOO.uasset,.uasset,6534162,NiagaraExamples,texture-candidate,medium
NiagaraExamples/Textures/Sprites/T_Explosion_Normals.uasset,.uasset,27390948,NiagaraExamples,texture-candidate,medium
NiagaraExamples/Textures/Sprites/T_ExplosionBurst_EOO_Loop.uasset,.uasset,6267088,NiagaraExamples,texture-candidate,medium
NiagaraExamples/Textures/Sprites/T_ExplosionBurst_Normals_Loop.uasset,.uasset,2349745,NiagaraExamples,texture-candidate,medium
NiagaraExamples/Textures/Sprites/T_ExplosionRoil_EOO_Loop.uasset,.uasset,4944463,NiagaraExamples,texture-candidate,medium
NiagaraExamples/Textures/Sprites/T_ExplosionRoil_Normals_Loop.uasset,.uasset,8276631,NiagaraExamples,texture-candidate,medium
NiagaraExamples/Textures/Sprites/T_ExplosionWide_EOO.uasset,.uasset,26873688,NiagaraExamples,texture-candidate,medium
NiagaraExamples/Textures/Sprites/T_ExplosionWide_Normals.uasset,.uasset,13823556,NiagaraExamples,texture-candidate,medium
NiagaraExamples/Textures/Sprites/T_FireBall_EOO_Loop.uasset,.uasset,4798788,NiagaraExamples,texture-candidate,medium
NiagaraExamples/Textures/Sprites/T_FireBall_Normals_Loop.uasset,.uasset,8379734,NiagaraExamples,texture-candidate,medium
NiagaraExamples/Textures/Sprites/T_FireRoil_EOO_Loop.uasset,.uasset,4903366,NiagaraExamples,texture-candidate,medium
NiagaraExamples/Textures/Sprites/T_FireRoil_Normals_Loop.uasset,.uasset,8189451,NiagaraExamples,texture-candidate,medium
NiagaraExamples/Textures/Sprites/T_Plasma_Wisps.uasset,.uasset,8502983,NiagaraExamples,texture-candidate,medium
NiagaraExamples/Textures/Sprites/T_Smoke_Wispy.uasset,.uasset,6111953,NiagaraExamples,texture-candidate,medium
NiagaraExamples/Textures/Sprites/T_Smoke_Wispy_Normals.uasset,.uasset,4731468,NiagaraExamples,texture-candidate,medium
NiagaraExamples/Textures/Sprites/T_SmokePuff_EOO_Loop.uasset,.uasset,3476259,NiagaraExamples,texture-candidate,medium
NiagaraExamples/Textures/Sprites/T_SmokePuff_Normals_Loop.uasset,.uasset,7238007,NiagaraExamples,texture-candidate,medium
NiagaraExamples/Textures/Sprites/T_SmokePuffLight_EOO_Loop.uasset,.uasset,4154715,NiagaraExamples,texture-candidate,medium
NiagaraExamples/Textures/Sprites/T_SmokePuffLight_Normals_Loop.uasset,.uasset,7740249,NiagaraExamples,texture-candidate,medium
NiagaraExamples/Textures/Sprites/T_SmokeRoil_EOO_Loop.uasset,.uasset,3933803,NiagaraExamples,texture-candidate,medium
NiagaraExamples/Textures/Sprites/T_SmokeRoil_Normals_Loop.uasset,.uasset,5886219,NiagaraExamples,texture-candidate,medium
NiagaraExamples/Textures/Sprites/T_SmokeTrail_EOO_Loop.uasset,.uasset,7061640,NiagaraExamples,texture-candidate,medium
NiagaraExamples/Textures/Sprites/T_SmokeTrail_Normals_Loop.uasset,.uasset,10013939,NiagaraExamples,texture-candidate,medium
NiagaraExamples/Textures/Utils/BaseEOO.uasset,.uasset,10181,NiagaraExamples,texture-candidate,medium
NiagaraExamples/Textures/Utils/BaseNormal.uasset,.uasset,10724,NiagaraExamples,texture-candidate,medium
NiagaraExamples/Textures/Utils/CutoutMask.uasset,.uasset,11185,NiagaraExamples,texture-candidate,medium
NiagaraExamples/Textures/Utils/CutoutMask_8x8.uasset,.uasset,24514,NiagaraExamples,texture-candidate,medium
NiagaraExamples/Textures/Utils/NumberGrid.uasset,.uasset,33510,NiagaraExamples,texture-candidate,medium
NiagaraExamples/Textures/Utils/NumberGrid_BandW.uasset,.uasset,20203,NiagaraExamples,texture-candidate,medium
NiagaraExamples/Textures/Utils/RedGradient.uasset,.uasset,196869,NiagaraExamples,texture-candidate,medium
NiagaraExamples/Utilities/Blueprints/BP_VFX_Preview_Spawner.uasset,.uasset,150626,NiagaraExamples,blueprint-logic,high
NiagaraExamples/Utilities/Blueprints/EUB_CrossFadeSpriteLoop.uasset,.uasset,270159,NiagaraExamples,blueprint-logic,high
NiagaraExamples/Utilities/Blueprints/EUB_HeightToNormals.uasset,.uasset,154197,NiagaraExamples,blueprint-logic,high
NiagaraExamples/Utilities/Blueprints/EUB_ShuffleTextureChannels.uasset,.uasset,317933,NiagaraExamples,blueprint-logic,high
NiagaraExamples/Utilities/Blueprints/EUB_SnapToActor.uasset,.uasset,443094,NiagaraExamples,blueprint-logic,high
NiagaraExamples/Utilities/Blueprints/SupportData/M_CrossFadeSpriteLoop.uasset,.uasset,54762,NiagaraExamples,blueprint-logic,high
NiagaraExamples/Utilities/Blueprints/SupportData/M_NormalizeRGB.uasset,.uasset,16761,NiagaraExamples,blueprint-logic,high
NiagaraExamples/Utilities/Blueprints/SupportData/M_NormalsFromHeight.uasset,.uasset,20081,NiagaraExamples,blueprint-logic,high
NiagaraExamples/Utilities/Blueprints/SupportData/M_ShuffleTextureChannelsCrowd.uasset,.uasset,22368,NiagaraExamples,blueprint-logic,high
NiagaraExamples/Utilities/Blueprints/SupportData/ShuffleChannelsRGBA.uasset,.uasset,3608,NiagaraExamples,blueprint-logic,high
NiagaraExamples/Utilities/Icons/NiagaraExamplesIcon.uasset,.uasset,36223,NiagaraExamples,unreal-package-unresolved,low
NiagaraExamples/Utilities/SpriteGeneration/ExplosionRoil/NS_ExplosionRoil.uasset,.uasset,8084490,NiagaraExamples,unreal-package-unresolved,low
NiagaraExamples/Utilities/SpriteGeneration/ExplosionRoil/NS_ExplosionRoil_BakedAtlas_Alpha.uasset,.uasset,24463774,NiagaraExamples,unreal-package-unresolved,low
NiagaraExamples/Utilities/SpriteGeneration/ExplosionRoil/NS_ExplosionRoil_BakedAtlas_Emissive.uasset,.uasset,17571227,NiagaraExamples,unreal-package-unresolved,low
NiagaraExamples/Utilities/SpriteGeneration/ExplosionRoil/NS_ExplosionRoil_BakedAtlas_Normals.uasset,.uasset,29234804,NiagaraExamples,unreal-package-unresolved,low
NiagaraExamples/Utilities/SpriteGeneration/ExplosionRoil/NS_ExplosionRoil_BakedAtlas_Occlusion.uasset,.uasset,19841912,NiagaraExamples,unreal-package-unresolved,low
NiagaraExamples/Utilities/SpriteGeneration/ExplosionRoil/T_ExplosionRoil_EOO_Loop.uasset,.uasset,18000373,NiagaraExamples,unreal-package-unresolved,low
NiagaraExamples/Utilities/SpriteGeneration/ExplosionRoil/T_ExplosionRoil_Normals_Loop.uasset,.uasset,31110613,NiagaraExamples,unreal-package-unresolved,low
NiagaraExamples/Utilities/SpriteGeneration/NS_TestSprite.uasset,.uasset,470282,NiagaraExamples,unreal-package-unresolved,low
NiagaraExamples/Utilities/SpriteGeneration/SmokePuffLight/NS_SmokePuffLight.uasset,.uasset,7918189,NiagaraExamples,unreal-package-unresolved,low
NiagaraExamples/Utilities/SpriteGeneration/SmokePuffLight/NS_SmokePuffLight_BakedAtlas_Emissive.uasset,.uasset,9915331,NiagaraExamples,unreal-package-unresolved,low
NiagaraExamples/Utilities/SpriteGeneration/SmokePuffLight/NS_SmokePuffLight_BakedAtlas_Normals.uasset,.uasset,7050790,NiagaraExamples,unreal-package-unresolved,low
NiagaraExamples/Utilities/SpriteGeneration/SmokePuffLight/NS_SmokePuffLight_BakedAtlas_Occlusion.uasset,.uasset,5272449,NiagaraExamples,unreal-package-unresolved,low
NiagaraExamples/Utilities/SpriteGeneration/SmokePuffLight/NS_SmokePuffLight_BakedAtlas_Smoke_2048_RGB.uasset,.uasset,3293942,NiagaraExamples,unreal-package-unresolved,low
NiagaraExamples/Utilities/SpriteGeneration/TestSpriteMap.umap,.umap,217123,NiagaraExamples,unreal-map,high
NiagaraExamples/Utilities/TABC_NiagaraExamples.uasset,.uasset,10827,NiagaraExamples,unreal-package-unresolved,low
sA_Megapack_v1/Levels/LVL_Attackpack.umap,.umap,582098,sA_Megapack_v1,map-or-data,medium
sA_Megapack_v1/Levels/LVL_Attackpack_BuiltData.uasset,.uasset,1049826,sA_Megapack_v1,map-or-data,medium
sA_Megapack_v1/Levels/LVL_IceSkillSet.umap,.umap,616537,sA_Megapack_v1,map-or-data,medium
sA_Megapack_v1/Levels/LVL_IceSkillSet_BuiltData.uasset,.uasset,1049830,sA_Megapack_v1,map-or-data,medium
sA_Megapack_v1/Levels/LVL_Pickup.umap,.umap,1055912,sA_Megapack_v1,map-or-data,medium
sA_Megapack_v1/Levels/LVL_Pickup_BuiltData.uasset,.uasset,1052313,sA_Megapack_v1,map-or-data,medium
sA_Megapack_v1/Levels/LVL_Projectilevfx.umap,.umap,202569,sA_Megapack_v1,map-or-data,medium
sA_Megapack_v1/Levels/LVL_Projectilevfx_BuiltData.uasset,.uasset,1049838,sA_Megapack_v1,map-or-data,medium
sA_Megapack_v1/Levels/LVL_Ray.umap,.umap,393582,sA_Megapack_v1,map-or-data,medium
sA_Megapack_v1/Levels/LVL_Ray_BuiltData.uasset,.uasset,1052289,sA_Megapack_v1,map-or-data,medium
sA_Megapack_v1/Levels/LVL_Shooting.umap,.umap,371442,sA_Megapack_v1,map-or-data,medium
sA_Megapack_v1/Levels/LVL_Shooting_BuiltData.uasset,.uasset,1052321,sA_Megapack_v1,map-or-data,medium
sA_Megapack_v1/sA_PickupSet_1/Blueprints/BP_RAY_Spawner.uasset,.uasset,180157,sA_Megapack_v1,blueprint-logic,high
sA_Megapack_v1/sA_PickupSet_1/Fx/NiagaraEmitters/Ne_Aura.uasset,.uasset,132850,sA_Megapack_v1,vfx-candidate,medium
sA_Megapack_v1/sA_PickupSet_1/Fx/NiagaraEmitters/NE_CoinBurst.uasset,.uasset,182656,sA_Megapack_v1,vfx-candidate,medium
sA_Megapack_v1/sA_PickupSet_1/Fx/NiagaraEmitters/NE_Light.uasset,.uasset,78082,sA_Megapack_v1,vfx-candidate,medium
sA_Megapack_v1/sA_PickupSet_1/Fx/NiagaraEmitters/NE_PickupCricle.uasset,.uasset,99658,sA_Megapack_v1,vfx-candidate,medium
sA_Megapack_v1/sA_PickupSet_1/Fx/NiagaraEmitters/NE_SimpleBurst.uasset,.uasset,199917,sA_Megapack_v1,vfx-candidate,medium
sA_Megapack_v1/sA_PickupSet_1/Fx/NiagaraEmitters/NE_SimpleSprite.uasset,.uasset,92569,sA_Megapack_v1,vfx-candidate,medium
sA_Megapack_v1/sA_PickupSet_1/Fx/NiagaraSystems/NS_Coin_Shower.uasset,.uasset,1129827,sA_Megapack_v1,vfx-candidate,medium
sA_Megapack_v1/sA_PickupSet_1/Fx/NiagaraSystems/NS_CoinBurst.uasset,.uasset,941732,sA_Megapack_v1,vfx-candidate,medium
sA_Megapack_v1/sA_PickupSet_1/Fx/NiagaraSystems/NS_CoinBurst2.uasset,.uasset,992086,sA_Megapack_v1,vfx-candidate,medium
sA_Megapack_v1/sA_PickupSet_1/Fx/NiagaraSystems/NS_Energy_1.uasset,.uasset,1464523,sA_Megapack_v1,vfx-candidate,medium
sA_Megapack_v1/sA_PickupSet_1/Fx/NiagaraSystems/NS_Energy_2.uasset,.uasset,791159,sA_Megapack_v1,vfx-candidate,medium
sA_Megapack_v1/sA_PickupSet_1/Fx/NiagaraSystems/NS_Healing_1.uasset,.uasset,804789,sA_Megapack_v1,vfx-candidate,medium
sA_Megapack_v1/sA_PickupSet_1/Fx/NiagaraSystems/NS_Healing_2.uasset,.uasset,1205055,sA_Megapack_v1,vfx-candidate,medium
sA_Megapack_v1/sA_PickupSet_1/Fx/NiagaraSystems/NS_Healing_3.uasset,.uasset,1345990,sA_Megapack_v1,vfx-candidate,medium
sA_Megapack_v1/sA_PickupSet_1/Fx/NiagaraSystems/NS_Magic_1.uasset,.uasset,1454661,sA_Megapack_v1,vfx-candidate,medium
sA_Megapack_v1/sA_PickupSet_1/Fx/NiagaraSystems/NS_Magic_2.uasset,.uasset,1613826,sA_Megapack_v1,vfx-candidate,medium
sA_Megapack_v1/sA_PickupSet_1/Fx/NiagaraSystems/NS_Pickup_1.uasset,.uasset,1469097,sA_Megapack_v1,vfx-candidate,medium
sA_Megapack_v1/sA_PickupSet_1/Fx/NiagaraSystems/NS_Pickup_2.uasset,.uasset,1462732,sA_Megapack_v1,vfx-candidate,medium
sA_Megapack_v1/sA_PickupSet_1/Fx/NiagaraSystems/NS_Pickup_3.uasset,.uasset,1520563,sA_Megapack_v1,vfx-candidate,medium
sA_Megapack_v1/sA_PickupSet_1/Fx/NiagaraSystems/NS_Pickup_4.uasset,.uasset,1424563,sA_Megapack_v1,vfx-candidate,medium
sA_Megapack_v1/sA_PickupSet_1/Fx/NiagaraSystems/NS_Pickup_5.uasset,.uasset,1504170,sA_Megapack_v1,vfx-candidate,medium
sA_Megapack_v1/sA_PickupSet_1/Fx/NiagaraSystems/NS_Shield.uasset,.uasset,768780,sA_Megapack_v1,vfx-candidate,medium
sA_Megapack_v1/sA_PickupSet_1/Fx/NiagaraSystems/NS_Shield_2.uasset,.uasset,1198948,sA_Megapack_v1,vfx-candidate,medium
sA_Megapack_v1/sA_PickupSet_1/Fx/NiagaraSystems/NS_Shield_3.uasset,.uasset,1577935,sA_Megapack_v1,vfx-candidate,medium
sA_Megapack_v1/sA_PickupSet_1/Levels/LVL_Showroom.umap,.umap,1055939,sA_Megapack_v1,map-or-data,medium
sA_Megapack_v1/sA_PickupSet_1/Levels/LVL_Showroom_BuiltData.uasset,.uasset,1052324,sA_Megapack_v1,map-or-data,medium
sA_Megapack_v1/sA_PickupSet_1/Materials/M_AdditiveScrollNiagara.uasset,.uasset,87381,sA_Megapack_v1,material-candidate,medium
sA_Megapack_v1/sA_PickupSet_1/Materials/M_Ground.uasset,.uasset,85376,sA_Megapack_v1,material-candidate,medium
sA_Megapack_v1/sA_PickupSet_1/Materials/M_Master_Fresnel.uasset,.uasset,59868,sA_Megapack_v1,material-candidate,medium
sA_Megapack_v1/sA_PickupSet_1/Materials/M_Master_MetalFX.uasset,.uasset,63474,sA_Megapack_v1,material-candidate,medium
sA_Megapack_v1/sA_PickupSet_1/Materials/M_Master_RadialBeam.uasset,.uasset,72607,sA_Megapack_v1,material-candidate,medium
sA_Megapack_v1/sA_PickupSet_1/Materials/M_sA_Aura.uasset,.uasset,93310,sA_Megapack_v1,material-candidate,medium
sA_Megapack_v1/sA_PickupSet_1/Materials/MI_Aura_1.uasset,.uasset,65125,sA_Megapack_v1,material-candidate,medium
sA_Megapack_v1/sA_PickupSet_1/Materials/MI_Coin_1.uasset,.uasset,59238,sA_Megapack_v1,material-candidate,medium
sA_Megapack_v1/sA_PickupSet_1/Materials/MI_Fresnel.uasset,.uasset,75764,sA_Megapack_v1,material-candidate,medium
sA_Megapack_v1/sA_PickupSet_1/Materials/MI_Ground_Showscene.uasset,.uasset,86593,sA_Megapack_v1,material-candidate,medium
sA_Megapack_v1/sA_PickupSet_1/Materials/MI_Scroll_1.uasset,.uasset,74541,sA_Megapack_v1,material-candidate,medium
sA_Megapack_v1/sA_PickupSet_1/Materials/MI_Shield_1.uasset,.uasset,76251,sA_Megapack_v1,material-candidate,medium
sA_Megapack_v1/sA_PickupSet_1/Materials/Textures/Beam01.png,.png,496469,sA_Megapack_v1,raster-image,high
sA_Megapack_v1/sA_PickupSet_1/Materials/Textures/Noise00.png,.png,287022,sA_Megapack_v1,raster-image,high
sA_Megapack_v1/sA_PickupSet_1/Materials/Textures/Noise000.png,.png,364000,sA_Megapack_v1,raster-image,high
sA_Megapack_v1/sA_PickupSet_1/Materials/Textures/Noise10.png,.png,1210487,sA_Megapack_v1,raster-image,high
sA_Megapack_v1/sA_PickupSet_1/Materials/Textures/T_Beam_01.uasset,.uasset,511285,sA_Megapack_v1,material-candidate,medium
sA_Megapack_v1/sA_PickupSet_1/Materials/Textures/T_Noise_DistortedCaustic.uasset,.uasset,509646,sA_Megapack_v1,material-candidate,medium
sA_Megapack_v1/sA_PickupSet_1/Materials/Textures/T_NoiseCloud_1.uasset,.uasset,198338,sA_Megapack_v1,material-candidate,medium
sA_Megapack_v1/sA_PickupSet_1/Materials/Textures/T_NoiseCloud_2.uasset,.uasset,232289,sA_Megapack_v1,material-candidate,medium
sA_Megapack_v1/sA_PickupSet_1/Materials/Textures/T_NoiseFurry.uasset,.uasset,1154711,sA_Megapack_v1,material-candidate,medium
sA_Megapack_v1/sA_PickupSet_1/Materials/Textures/T_Ray_5.uasset,.uasset,5546070,sA_Megapack_v1,material-candidate,medium
sA_Megapack_v1/sA_PickupSet_1/Materials/Textures/T_Shield_1.uasset,.uasset,2047717,sA_Megapack_v1,material-candidate,medium
sA_Megapack_v1/sA_PickupSet_1/Models/SM_Coin_1.uasset,.uasset,95187,sA_Megapack_v1,mesh-candidate,medium
sA_Megapack_v1/sA_PickupSet_1/Models/SM_Energy_1.uasset,.uasset,90646,sA_Megapack_v1,mesh-candidate,medium
sA_Megapack_v1/sA_PickupSet_1/Models/SM_Pickup_Defence.uasset,.uasset,106245,sA_Megapack_v1,mesh-candidate,medium
sA_Megapack_v1/sA_PickupSet_1/Models/SM_Pickup_Defence_2.uasset,.uasset,144198,sA_Megapack_v1,mesh-candidate,medium
sA_Megapack_v1/sA_PickupSet_1/Models/SM_Pickup_Defence_3.uasset,.uasset,106071,sA_Megapack_v1,mesh-candidate,medium
sA_Megapack_v1/sA_PickupSet_1/Models/SM_Pickup_Gem.uasset,.uasset,89427,sA_Megapack_v1,mesh-candidate,medium
sA_Megapack_v1/sA_PickupSet_1/Models/SM_Pickup_Health.uasset,.uasset,311615,sA_Megapack_v1,mesh-candidate,medium
sA_Megapack_v1/sA_PickupSet_1/Models/SM_Pickup_Magic.uasset,.uasset,114511,sA_Megapack_v1,mesh-candidate,medium
sA_Megapack_v1/sA_PickupSet_1/Models/SM_Pickup_ss.uasset,.uasset,92323,sA_Megapack_v1,mesh-candidate,medium
sA_Megapack_v1/sA_PickupSet_1/Models/SM_Plane.uasset,.uasset,87951,sA_Megapack_v1,mesh-candidate,medium
sA_Megapack_v1/sA_Projectilevfx/Vfx/Blueprints/BP_CameraShake01.uasset,.uasset,5307,sA_Megapack_v1,vfx-candidate,medium
sA_Megapack_v1/sA_Projectilevfx/Vfx/Blueprints/BP_Def_Pawn.uasset,.uasset,32390,sA_Megapack_v1,vfx-candidate,medium
sA_Megapack_v1/sA_Projectilevfx/Vfx/Blueprints/BP_Projectile_1_Small.uasset,.uasset,128996,sA_Megapack_v1,vfx-candidate,medium
sA_Megapack_v1/sA_Projectilevfx/Vfx/Blueprints/BP_Projectile_2_Small.uasset,.uasset,129002,sA_Megapack_v1,vfx-candidate,medium
sA_Megapack_v1/sA_Projectilevfx/Vfx/Blueprints/BP_Projectile_3_Small.uasset,.uasset,129002,sA_Megapack_v1,vfx-candidate,medium
sA_Megapack_v1/sA_Projectilevfx/Vfx/Blueprints/BP_Projectile_4_Small.uasset,.uasset,129010,sA_Megapack_v1,vfx-candidate,medium
sA_Megapack_v1/sA_Projectilevfx/Vfx/Blueprints/BP_Projectile_5.uasset,.uasset,129071,sA_Megapack_v1,vfx-candidate,medium
sA_Megapack_v1/sA_Projectilevfx/Vfx/Blueprints/BP_Projectile_6.uasset,.uasset,103396,sA_Megapack_v1,vfx-candidate,medium
sA_Megapack_v1/sA_Projectilevfx/Vfx/Blueprints/BP_Projectile_7.uasset,.uasset,102848,sA_Megapack_v1,vfx-candidate,medium
sA_Megapack_v1/sA_Projectilevfx/Vfx/Blueprints/BP_Projectile_7A.uasset,.uasset,127824,sA_Megapack_v1,vfx-candidate,medium
sA_Megapack_v1/sA_Projectilevfx/Vfx/Blueprints/BP_Projectile_Spawner.uasset,.uasset,214044,sA_Megapack_v1,vfx-candidate,medium
sA_Megapack_v1/sA_Projectilevfx/Vfx/Fx/Niagara_Emitters/NE_CircleTail.uasset,.uasset,314938,sA_Megapack_v1,vfx-candidate,medium
sA_Megapack_v1/sA_Projectilevfx/Vfx/Fx/Niagara_Emitters/NE_Flash.uasset,.uasset,259214,sA_Megapack_v1,vfx-candidate,medium
sA_Megapack_v1/sA_Projectilevfx/Vfx/Fx/Niagara_Emitters/NE_Particles.uasset,.uasset,382420,sA_Megapack_v1,vfx-candidate,medium
sA_Megapack_v1/sA_Projectilevfx/Vfx/Fx/Niagara_Emitters/NE_Projectile.uasset,.uasset,345748,sA_Megapack_v1,vfx-candidate,medium
sA_Megapack_v1/sA_Projectilevfx/Vfx/Fx/Niagara_Emitters/NE_Projectile_Sphere.uasset,.uasset,288695,sA_Megapack_v1,vfx-candidate,medium
sA_Megapack_v1/sA_Projectilevfx/Vfx/Fx/Niagara_Emitters/NE_RingMesh.uasset,.uasset,275074,sA_Megapack_v1,vfx-candidate,medium
sA_Megapack_v1/sA_Projectilevfx/Vfx/Fx/Niagara_Emitters/NE_Smoke3.uasset,.uasset,423406,sA_Megapack_v1,vfx-candidate,medium
sA_Megapack_v1/sA_Projectilevfx/Vfx/Fx/Niagara_Emitters/NE_Smoke_0.uasset,.uasset,355006,sA_Megapack_v1,vfx-candidate,medium
sA_Megapack_v1/sA_Projectilevfx/Vfx/Fx/Niagara_Emitters/NE_Smoke_01.uasset,.uasset,423454,sA_Megapack_v1,vfx-candidate,medium
sA_Megapack_v1/sA_Projectilevfx/Vfx/Fx/Niagara_Emitters/NE_Sparks.uasset,.uasset,437789,sA_Megapack_v1,vfx-candidate,medium
sA_Megapack_v1/sA_Projectilevfx/Vfx/Fx/Niagara_Emitters/NE_Trail.uasset,.uasset,304834,sA_Megapack_v1,vfx-candidate,medium
sA_Megapack_v1/sA_Projectilevfx/Vfx/Fx/Niagara_Systems/NS_Hit.uasset,.uasset,3369853,sA_Megapack_v1,vfx-candidate,medium
sA_Megapack_v1/sA_Projectilevfx/Vfx/Fx/Niagara_Systems/NS_Hit2.uasset,.uasset,3612810,sA_Megapack_v1,vfx-candidate,medium
sA_Megapack_v1/sA_Projectilevfx/Vfx/Fx/Niagara_Systems/NS_Hit3.uasset,.uasset,4827487,sA_Megapack_v1,vfx-candidate,medium
sA_Megapack_v1/sA_Projectilevfx/Vfx/Fx/Niagara_Systems/NS_Hit4.uasset,.uasset,4758186,sA_Megapack_v1,vfx-candidate,medium
sA_Megapack_v1/sA_Projectilevfx/Vfx/Fx/Niagara_Systems/NS_Hit5.uasset,.uasset,4584942,sA_Megapack_v1,vfx-candidate,medium
sA_Megapack_v1/sA_Projectilevfx/Vfx/Fx/Niagara_Systems/NS_Hit6.uasset,.uasset,3389479,sA_Megapack_v1,vfx-candidate,medium
sA_Megapack_v1/sA_Projectilevfx/Vfx/Fx/Niagara_Systems/NS_Hit7.uasset,.uasset,1573640,sA_Megapack_v1,vfx-candidate,medium
sA_Megapack_v1/sA_Projectilevfx/Vfx/Fx/Niagara_Systems/NS_Muzzle.uasset,.uasset,4577420,sA_Megapack_v1,vfx-candidate,medium
sA_Megapack_v1/sA_Projectilevfx/Vfx/Fx/Niagara_Systems/NS_Muzzle_2.uasset,.uasset,5215659,sA_Megapack_v1,vfx-candidate,medium
sA_Megapack_v1/sA_Projectilevfx/Vfx/Fx/Niagara_Systems/NS_Muzzle_3.uasset,.uasset,5120288,sA_Megapack_v1,vfx-candidate,medium
sA_Megapack_v1/sA_Projectilevfx/Vfx/Fx/Niagara_Systems/NS_Muzzle_4.uasset,.uasset,5245870,sA_Megapack_v1,vfx-candidate,medium
sA_Megapack_v1/sA_Projectilevfx/Vfx/Fx/Niagara_Systems/NS_Muzzle_5.uasset,.uasset,5356596,sA_Megapack_v1,vfx-candidate,medium
sA_Megapack_v1/sA_Projectilevfx/Vfx/Fx/Niagara_Systems/NS_Muzzle_6.uasset,.uasset,2378092,sA_Megapack_v1,vfx-candidate,medium
sA_Megapack_v1/sA_Projectilevfx/Vfx/Fx/Niagara_Systems/NS_Muzzle_7.uasset,.uasset,3321555,sA_Megapack_v1,vfx-candidate,medium
sA_Megapack_v1/sA_Projectilevfx/Vfx/Fx/Niagara_Systems/NS_Projectile1_Small.uasset,.uasset,2931606,sA_Megapack_v1,vfx-candidate,medium
sA_Megapack_v1/sA_Projectilevfx/Vfx/Fx/Niagara_Systems/NS_Projectile2_Small.uasset,.uasset,3200059,sA_Megapack_v1,vfx-candidate,medium
sA_Megapack_v1/sA_Projectilevfx/Vfx/Fx/Niagara_Systems/NS_Projectile3_Small.uasset,.uasset,4201079,sA_Megapack_v1,vfx-candidate,medium
sA_Megapack_v1/sA_Projectilevfx/Vfx/Fx/Niagara_Systems/NS_Projectile4_Small.uasset,.uasset,3456444,sA_Megapack_v1,vfx-candidate,medium
sA_Megapack_v1/sA_Projectilevfx/Vfx/Fx/Niagara_Systems/NS_Projectile5.uasset,.uasset,4928233,sA_Megapack_v1,vfx-candidate,medium
sA_Megapack_v1/sA_Projectilevfx/Vfx/Fx/Niagara_Systems/NS_Projectile6.uasset,.uasset,1756819,sA_Megapack_v1,vfx-candidate,medium
sA_Megapack_v1/sA_Projectilevfx/Vfx/Fx/Niagara_Systems/NS_Projectile7.uasset,.uasset,2372855,sA_Megapack_v1,vfx-candidate,medium
sA_Megapack_v1/sA_Projectilevfx/Vfx/Materials/M_ABNiagara.uasset,.uasset,72553,sA_Megapack_v1,vfx-candidate,medium
sA_Megapack_v1/sA_Projectilevfx/Vfx/Materials/M_ABScrollNiagara.uasset,.uasset,87287,sA_Megapack_v1,vfx-candidate,medium
sA_Megapack_v1/sA_Projectilevfx/Vfx/Materials/M_AdditiveNiagara.uasset,.uasset,72791,sA_Megapack_v1,vfx-candidate,medium
sA_Megapack_v1/sA_Projectilevfx/Vfx/Materials/M_AdditiveScrollNiagara.uasset,.uasset,86851,sA_Megapack_v1,vfx-candidate,medium
sA_Megapack_v1/sA_Projectilevfx/Vfx/Materials/M_DemoScene.uasset,.uasset,75433,sA_Megapack_v1,vfx-candidate,medium
sA_Megapack_v1/sA_Projectilevfx/Vfx/Materials/M_sA_Aura.uasset,.uasset,90730,sA_Megapack_v1,vfx-candidate,medium
sA_Megapack_v1/sA_Projectilevfx/Vfx/Materials/M_Simple_Bram.uasset,.uasset,72787,sA_Megapack_v1,vfx-candidate,medium
sA_Megapack_v1/sA_Projectilevfx/Vfx/Materials/M_Smoke.uasset,.uasset,72223,sA_Megapack_v1,vfx-candidate,medium
sA_Megapack_v1/sA_Projectilevfx/Vfx/Materials/MI_Additive.uasset,.uasset,68473,sA_Megapack_v1,vfx-candidate,medium
sA_Megapack_v1/sA_Projectilevfx/Vfx/Materials/MI_Additive1.uasset,.uasset,68477,sA_Megapack_v1,vfx-candidate,medium
sA_Megapack_v1/sA_Projectilevfx/Vfx/Materials/Mi_Beam01_AB.uasset,.uasset,69165,sA_Megapack_v1,vfx-candidate,medium
sA_Megapack_v1/sA_Projectilevfx/Vfx/Materials/Mi_Beam01_Add.uasset,.uasset,69410,sA_Megapack_v1,vfx-candidate,medium
sA_Megapack_v1/sA_Projectilevfx/Vfx/Materials/MI_Dark_Hit_Skull.uasset,.uasset,78732,sA_Megapack_v1,vfx-candidate,medium
sA_Megapack_v1/sA_Projectilevfx/Vfx/Materials/MI_Dark_Hit_Skull_Cloud.uasset,.uasset,83089,sA_Megapack_v1,vfx-candidate,medium
sA_Megapack_v1/sA_Projectilevfx/Vfx/Materials/MI_Dark_Projectile_7.uasset,.uasset,78705,sA_Megapack_v1,vfx-candidate,medium
sA_Megapack_v1/sA_Projectilevfx/Vfx/Materials/MI_DarkProjectile.uasset,.uasset,81837,sA_Megapack_v1,vfx-candidate,medium
sA_Megapack_v1/sA_Projectilevfx/Vfx/Materials/MI_DarkProjectile_2.uasset,.uasset,80981,sA_Megapack_v1,vfx-candidate,medium
sA_Megapack_v1/sA_Projectilevfx/Vfx/Materials/MI_DarkProjectile_3.uasset,.uasset,84909,sA_Megapack_v1,vfx-candidate,medium
sA_Megapack_v1/sA_Projectilevfx/Vfx/Materials/MI_DarkProjectile_4.uasset,.uasset,83678,sA_Megapack_v1,vfx-candidate,medium
sA_Megapack_v1/sA_Projectilevfx/Vfx/Materials/MI_DarkProjectile_5.uasset,.uasset,80336,sA_Megapack_v1,vfx-candidate,medium
sA_Megapack_v1/sA_Projectilevfx/Vfx/Materials/MI_DarkTail.uasset,.uasset,81377,sA_Megapack_v1,vfx-candidate,medium
sA_Megapack_v1/sA_Projectilevfx/Vfx/Materials/MI_DarkTail_2.uasset,.uasset,82184,sA_Megapack_v1,vfx-candidate,medium
sA_Megapack_v1/sA_Projectilevfx/Vfx/Materials/MI_DarkTail_3.uasset,.uasset,82344,sA_Megapack_v1,vfx-candidate,medium
sA_Megapack_v1/sA_Projectilevfx/Vfx/Materials/MI_DarkTail_4.uasset,.uasset,83999,sA_Megapack_v1,vfx-candidate,medium
sA_Megapack_v1/sA_Projectilevfx/Vfx/Materials/MI_Hit_Skull.uasset,.uasset,74332,sA_Megapack_v1,vfx-candidate,medium
sA_Megapack_v1/sA_Projectilevfx/Vfx/Materials/MI_Hit_Skull_Cloud.uasset,.uasset,74997,sA_Megapack_v1,vfx-candidate,medium
sA_Megapack_v1/sA_Projectilevfx/Vfx/Materials/MI_Projectile_1.uasset,.uasset,74921,sA_Megapack_v1,vfx-candidate,medium
sA_Megapack_v1/sA_Projectilevfx/Vfx/Materials/MI_Projectile_2.uasset,.uasset,75118,sA_Megapack_v1,vfx-candidate,medium
sA_Megapack_v1/sA_Projectilevfx/Vfx/Materials/MI_Projectile_3.uasset,.uasset,75897,sA_Megapack_v1,vfx-candidate,medium
sA_Megapack_v1/sA_Projectilevfx/Vfx/Materials/MI_Projectile_4.uasset,.uasset,75389,sA_Megapack_v1,vfx-candidate,medium
sA_Megapack_v1/sA_Projectilevfx/Vfx/Materials/MI_Projectile_5.uasset,.uasset,74519,sA_Megapack_v1,vfx-candidate,medium
sA_Megapack_v1/sA_Projectilevfx/Vfx/Materials/MI_Projectile_7.uasset,.uasset,74409,sA_Megapack_v1,vfx-candidate,medium
sA_Megapack_v1/sA_Projectilevfx/Vfx/Materials/MI_sA_Aura_Inst.uasset,.uasset,71445,sA_Megapack_v1,vfx-candidate,medium
sA_Megapack_v1/sA_Projectilevfx/Vfx/Materials/MI_Simple_Circle.uasset,.uasset,70096,sA_Megapack_v1,vfx-candidate,medium
sA_Megapack_v1/sA_Projectilevfx/Vfx/Materials/MI_Tail_1.uasset,.uasset,74208,sA_Megapack_v1,vfx-candidate,medium
sA_Megapack_v1/sA_Projectilevfx/Vfx/Materials/MI_Tail_2.uasset,.uasset,74554,sA_Megapack_v1,vfx-candidate,medium
sA_Megapack_v1/sA_Projectilevfx/Vfx/Materials/MI_Tail_3.uasset,.uasset,75095,sA_Megapack_v1,vfx-candidate,medium
sA_Megapack_v1/sA_Projectilevfx/Vfx/Materials/MI_Tail_4.uasset,.uasset,75595,sA_Megapack_v1,vfx-candidate,medium
sA_Megapack_v1/sA_Projectilevfx/Vfx/Materials/Textures/Beam01.png,.png,496469,sA_Megapack_v1,raster-image,high
sA_Megapack_v1/sA_Projectilevfx/Vfx/Materials/Textures/Noise00.png,.png,287022,sA_Megapack_v1,raster-image,high
sA_Megapack_v1/sA_Projectilevfx/Vfx/Materials/Textures/Noise00.uasset,.uasset,266551,sA_Megapack_v1,vfx-candidate,medium
sA_Megapack_v1/sA_Projectilevfx/Vfx/Materials/Textures/Noise000.png,.png,364000,sA_Megapack_v1,raster-image,high
sA_Megapack_v1/sA_Projectilevfx/Vfx/Materials/Textures/Noise000.uasset,.uasset,318243,sA_Megapack_v1,vfx-candidate,medium
sA_Megapack_v1/sA_Projectilevfx/Vfx/Materials/Textures/Noise01.png,.png,71609,sA_Megapack_v1,raster-image,high
sA_Megapack_v1/sA_Projectilevfx/Vfx/Materials/Textures/Noise01.uasset,.uasset,48288,sA_Megapack_v1,vfx-candidate,medium
sA_Megapack_v1/sA_Projectilevfx/Vfx/Materials/Textures/Noise02.png,.png,396918,sA_Megapack_v1,raster-image,high
sA_Megapack_v1/sA_Projectilevfx/Vfx/Materials/Textures/Noise02.uasset,.uasset,435121,sA_Megapack_v1,vfx-candidate,medium
sA_Megapack_v1/sA_Projectilevfx/Vfx/Materials/Textures/Noise03.TGA,.tga,786476,sA_Megapack_v1,raster-image,high
sA_Megapack_v1/sA_Projectilevfx/Vfx/Materials/Textures/Noise03.uasset,.uasset,399999,sA_Megapack_v1,vfx-candidate,medium
sA_Megapack_v1/sA_Projectilevfx/Vfx/Materials/Textures/Noise04.png,.png,101446,sA_Megapack_v1,raster-image,high
sA_Megapack_v1/sA_Projectilevfx/Vfx/Materials/Textures/Noise04.uasset,.uasset,124975,sA_Megapack_v1,vfx-candidate,medium
sA_Megapack_v1/sA_Projectilevfx/Vfx/Materials/Textures/Noise06.png,.png,3739532,sA_Megapack_v1,raster-image,high
sA_Megapack_v1/sA_Projectilevfx/Vfx/Materials/Textures/Noise06.uasset,.uasset,3818492,sA_Megapack_v1,vfx-candidate,medium
sA_Megapack_v1/sA_Projectilevfx/Vfx/Materials/Textures/Noise07.png,.png,162436,sA_Megapack_v1,raster-image,high
sA_Megapack_v1/sA_Projectilevfx/Vfx/Materials/Textures/Noise07.uasset,.uasset,181913,sA_Megapack_v1,vfx-candidate,medium
sA_Megapack_v1/sA_Projectilevfx/Vfx/Materials/Textures/Noise08.png,.png,309880,sA_Megapack_v1,raster-image,high
sA_Megapack_v1/sA_Projectilevfx/Vfx/Materials/Textures/Noise08.uasset,.uasset,324909,sA_Megapack_v1,vfx-candidate,medium
sA_Megapack_v1/sA_Projectilevfx/Vfx/Materials/Textures/Noise09.png,.png,378068,sA_Megapack_v1,raster-image,high
sA_Megapack_v1/sA_Projectilevfx/Vfx/Materials/Textures/Noise09.uasset,.uasset,417770,sA_Megapack_v1,vfx-candidate,medium
sA_Megapack_v1/sA_Projectilevfx/Vfx/Materials/Textures/Noise10.png,.png,1210487,sA_Megapack_v1,raster-image,high
sA_Megapack_v1/sA_Projectilevfx/Vfx/Materials/Textures/Noise10.uasset,.uasset,1468060,sA_Megapack_v1,vfx-candidate,medium
sA_Megapack_v1/sA_Projectilevfx/Vfx/Materials/Textures/Noise11.png,.png,127366,sA_Megapack_v1,raster-image,high
sA_Megapack_v1/sA_Projectilevfx/Vfx/Materials/Textures/Noise11.uasset,.uasset,145914,sA_Megapack_v1,vfx-candidate,medium
sA_Megapack_v1/sA_Projectilevfx/Vfx/Materials/Textures/Noise12.png,.png,25029,sA_Megapack_v1,raster-image,high
sA_Megapack_v1/sA_Projectilevfx/Vfx/Materials/Textures/Noise12.uasset,.uasset,45618,sA_Megapack_v1,vfx-candidate,medium
sA_Megapack_v1/sA_Projectilevfx/Vfx/Materials/Textures/T_Beam_01.uasset,.uasset,511297,sA_Megapack_v1,vfx-candidate,medium
sA_Megapack_v1/sA_Projectilevfx/Vfx/Materials/Textures/T_Circle_01.uasset,.uasset,529972,sA_Megapack_v1,vfx-candidate,medium
sA_Megapack_v1/sA_Projectilevfx/Vfx/Materials/Textures/T_Flame.uasset,.uasset,5300519,sA_Megapack_v1,vfx-candidate,medium
sA_Megapack_v1/sA_Projectilevfx/Vfx/Materials/Textures/T_Noise00.uasset,.uasset,362938,sA_Megapack_v1,vfx-candidate,medium
sA_Megapack_v1/sA_Projectilevfx/Vfx/Materials/Textures/T_Noise000.uasset,.uasset,406965,sA_Megapack_v1,vfx-candidate,medium
sA_Megapack_v1/sA_Projectilevfx/Vfx/Materials/Textures/T_Noise01.uasset,.uasset,423595,sA_Megapack_v1,vfx-candidate,medium
sA_Megapack_v1/sA_Projectilevfx/Vfx/Materials/Textures/T_Noise02.uasset,.uasset,427462,sA_Megapack_v1,vfx-candidate,medium
sA_Megapack_v1/sA_Projectilevfx/Vfx/Materials/Textures/T_Noise03.uasset,.uasset,756072,sA_Megapack_v1,vfx-candidate,medium
sA_Megapack_v1/sA_Projectilevfx/Vfx/Materials/Textures/T_Noise04.uasset,.uasset,385745,sA_Megapack_v1,vfx-candidate,medium
sA_Megapack_v1/sA_Projectilevfx/Vfx/Materials/Textures/T_Noise06.uasset,.uasset,827967,sA_Megapack_v1,vfx-candidate,medium
sA_Megapack_v1/sA_Projectilevfx/Vfx/Materials/Textures/T_Noise07.uasset,.uasset,619198,sA_Megapack_v1,vfx-candidate,medium
sA_Megapack_v1/sA_Projectilevfx/Vfx/Materials/Textures/T_Noise08.uasset,.uasset,468007,sA_Megapack_v1,vfx-candidate,medium
sA_Megapack_v1/sA_Projectilevfx/Vfx/Materials/Textures/T_Noise09.uasset,.uasset,525722,sA_Megapack_v1,vfx-candidate,medium
sA_Megapack_v1/sA_Projectilevfx/Vfx/Materials/Textures/T_Noise10.uasset,.uasset,475325,sA_Megapack_v1,vfx-candidate,medium
sA_Megapack_v1/sA_Projectilevfx/Vfx/Materials/Textures/T_Noise11.uasset,.uasset,441333,sA_Megapack_v1,vfx-candidate,medium
sA_Megapack_v1/sA_Projectilevfx/Vfx/Materials/Textures/T_Noise12.uasset,.uasset,411956,sA_Megapack_v1,vfx-candidate,medium
sA_Megapack_v1/sA_Projectilevfx/Vfx/Materials/Textures/T_Projectile_1.uasset,.uasset,4004885,sA_Megapack_v1,vfx-candidate,medium
sA_Megapack_v1/sA_Projectilevfx/Vfx/Materials/Textures/T_Projectile_2.uasset,.uasset,2898952,sA_Megapack_v1,vfx-candidate,medium
sA_Megapack_v1/sA_Projectilevfx/Vfx/Materials/Textures/T_Projectile_3.uasset,.uasset,4211016,sA_Megapack_v1,vfx-candidate,medium
sA_Megapack_v1/sA_Projectilevfx/Vfx/Materials/Textures/T_Projectile_4.uasset,.uasset,3780871,sA_Megapack_v1,vfx-candidate,medium
sA_Megapack_v1/sA_Projectilevfx/Vfx/Materials/Textures/T_Projectile_7.uasset,.uasset,1992332,sA_Megapack_v1,vfx-candidate,medium
sA_Megapack_v1/sA_Projectilevfx/Vfx/Materials/Textures/T_Projectile_Tail.uasset,.uasset,5546088,sA_Megapack_v1,vfx-candidate,medium
sA_Megapack_v1/sA_Projectilevfx/Vfx/Materials/Textures/T_Skull_Cloud.uasset,.uasset,1430891,sA_Megapack_v1,vfx-candidate,medium
sA_Megapack_v1/sA_Projectilevfx/Vfx/Materials/Textures/T_Skull_Projectile.uasset,.uasset,2872598,sA_Megapack_v1,vfx-candidate,medium
sA_Megapack_v1/sA_Projectilevfx/Vfx/Materials/Textures/T_Skull_Solo.uasset,.uasset,769664,sA_Megapack_v1,vfx-candidate,medium
sA_Megapack_v1/sA_Projectilevfx/Vfx/Materials/Textures/T_Smoke_SubUV.uasset,.uasset,1959513,sA_Megapack_v1,vfx-candidate,medium
sA_Megapack_v1/sA_Projectilevfx/Vfx/Materials/Textures/T_Trail_2.uasset,.uasset,5772370,sA_Megapack_v1,vfx-candidate,medium
sA_Megapack_v1/sA_Projectilevfx/Vfx/Materials/Textures/T_Trail_3.uasset,.uasset,3263192,sA_Megapack_v1,vfx-candidate,medium
sA_Megapack_v1/sA_Projectilevfx/Vfx/Materials/Textures/T_Trail_4.uasset,.uasset,6166236,sA_Megapack_v1,vfx-candidate,medium
sA_Megapack_v1/sA_Projectilevfx/Vfx/Models/SM_Cyl.uasset,.uasset,101875,sA_Megapack_v1,vfx-candidate,medium
sA_Megapack_v1/sA_Projectilevfx/Vfx/Models/SM_Fx_NinStar.uasset,.uasset,137082,sA_Megapack_v1,vfx-candidate,medium
sA_Megapack_v1/sA_Projectilevfx/Vfx/Models/SM_Fx_Ring.uasset,.uasset,90529,sA_Megapack_v1,vfx-candidate,medium
sA_Megapack_v1/sA_Projectilevfx/Vfx/Models/SM_Fx_Sphere.uasset,.uasset,138247,sA_Megapack_v1,vfx-candidate,medium
sA_Megapack_v1/sA_Projectilevfx/Vfx/Models/SM_Fx_Sphere_2.uasset,.uasset,137574,sA_Megapack_v1,vfx-candidate,medium
sA_Megapack_v1/sA_Projectilevfx/Vfx/Models/SM_Fx_Sphere_3.uasset,.uasset,133465,sA_Megapack_v1,vfx-candidate,medium
sA_Megapack_v1/sA_Projectilevfx/Vfx/Models/SM_Projectile_1.uasset,.uasset,212430,sA_Megapack_v1,vfx-candidate,medium
sA_Megapack_v1/sA_Projectilevfx/Vfx/Models/SM_Projectile_2.uasset,.uasset,230574,sA_Megapack_v1,vfx-candidate,medium
sA_Megapack_v1/sA_Rayvfx/Blueprints/BP_RAY_Spawner.uasset,.uasset,190526,sA_Megapack_v1,blueprint-logic,high
sA_Megapack_v1/sA_Rayvfx/Fx/NiagaraEmitters/NE_Beam.uasset,.uasset,153001,sA_Megapack_v1,vfx-candidate,medium
sA_Megapack_v1/sA_Rayvfx/Fx/NiagaraEmitters/NE_Flash_0.uasset,.uasset,92400,sA_Megapack_v1,vfx-candidate,medium
sA_Megapack_v1/sA_Rayvfx/Fx/NiagaraEmitters/NE_Omniburst.uasset,.uasset,203387,sA_Megapack_v1,vfx-candidate,medium
sA_Megapack_v1/sA_Rayvfx/Fx/NiagaraEmitters/NE_Ray1.uasset,.uasset,115631,sA_Megapack_v1,vfx-candidate,medium
sA_Megapack_v1/sA_Rayvfx/Fx/NiagaraEmitters/NE_sphere.uasset,.uasset,96114,sA_Megapack_v1,vfx-candidate,medium
sA_Megapack_v1/sA_Rayvfx/Fx/NiagaraEmitters/NE_Trail.uasset,.uasset,162082,sA_Megapack_v1,vfx-candidate,medium
sA_Megapack_v1/sA_Rayvfx/Fx/NiagaraSystems/NS_Energy_1.uasset,.uasset,2367409,sA_Megapack_v1,vfx-candidate,medium
sA_Megapack_v1/sA_Rayvfx/Fx/NiagaraSystems/NS_Energy_2.uasset,.uasset,1448370,sA_Megapack_v1,vfx-candidate,medium
sA_Megapack_v1/sA_Rayvfx/Fx/NiagaraSystems/NS_Energy_3.uasset,.uasset,1829893,sA_Megapack_v1,vfx-candidate,medium
sA_Megapack_v1/sA_Rayvfx/Fx/NiagaraSystems/NS_Energy_4.uasset,.uasset,2396592,sA_Megapack_v1,vfx-candidate,medium
sA_Megapack_v1/sA_Rayvfx/Fx/NiagaraSystems/NS_Energy_5.uasset,.uasset,2001526,sA_Megapack_v1,vfx-candidate,medium
sA_Megapack_v1/sA_Rayvfx/Fx/NiagaraSystems/NS_Hit_1.uasset,.uasset,1569751,sA_Megapack_v1,vfx-candidate,medium
sA_Megapack_v1/sA_Rayvfx/Fx/NiagaraSystems/NS_Hit_2.uasset,.uasset,1900469,sA_Megapack_v1,vfx-candidate,medium
sA_Megapack_v1/sA_Rayvfx/Fx/NiagaraSystems/NS_Hit_3.uasset,.uasset,1114364,sA_Megapack_v1,vfx-candidate,medium
sA_Megapack_v1/sA_Rayvfx/Fx/NiagaraSystems/NS_Hit_4.uasset,.uasset,2205333,sA_Megapack_v1,vfx-candidate,medium
sA_Megapack_v1/sA_Rayvfx/Fx/NiagaraSystems/NS_Hit_5.uasset,.uasset,2316563,sA_Megapack_v1,vfx-candidate,medium
sA_Megapack_v1/sA_Rayvfx/Fx/NiagaraSystems/NS_Ray_1.uasset,.uasset,2142122,sA_Megapack_v1,vfx-candidate,medium
sA_Megapack_v1/sA_Rayvfx/Fx/NiagaraSystems/NS_Ray_2.uasset,.uasset,2417387,sA_Megapack_v1,vfx-candidate,medium
sA_Megapack_v1/sA_Rayvfx/Fx/NiagaraSystems/NS_Ray_3.uasset,.uasset,1484414,sA_Megapack_v1,vfx-candidate,medium
sA_Megapack_v1/sA_Rayvfx/Fx/NiagaraSystems/NS_Ray_4.uasset,.uasset,3150053,sA_Megapack_v1,vfx-candidate,medium
sA_Megapack_v1/sA_Rayvfx/Fx/NiagaraSystems/NS_Ray_5.uasset,.uasset,3274307,sA_Megapack_v1,vfx-candidate,medium
sA_Megapack_v1/sA_Rayvfx/Materials/M_ABScrollNiagara.uasset,.uasset,91345,sA_Megapack_v1,material-candidate,medium
sA_Megapack_v1/sA_Rayvfx/Materials/M_AdditiveScrollNiagara.uasset,.uasset,87434,sA_Megapack_v1,material-candidate,medium
sA_Megapack_v1/sA_Rayvfx/Materials/M_Master_Fresnel.uasset,.uasset,106492,sA_Megapack_v1,material-candidate,medium
sA_Megapack_v1/sA_Rayvfx/Materials/M_Master_Fresnel_Inst.uasset,.uasset,72803,sA_Megapack_v1,material-candidate,medium
sA_Megapack_v1/sA_Rayvfx/Materials/M_Master_Fresnel_Masked.uasset,.uasset,95879,sA_Megapack_v1,material-candidate,medium
sA_Megapack_v1/sA_Rayvfx/Materials/M_Master_RadialBeam.uasset,.uasset,72602,sA_Megapack_v1,material-candidate,medium
sA_Megapack_v1/sA_Rayvfx/Materials/M_Master_RefractFresnel.uasset,.uasset,77799,sA_Megapack_v1,material-candidate,medium
sA_Megapack_v1/sA_Rayvfx/Materials/M_Master_Solid_Panner.uasset,.uasset,73821,sA_Megapack_v1,material-candidate,medium
sA_Megapack_v1/sA_Rayvfx/Materials/M_PannerScroll.uasset,.uasset,91462,sA_Megapack_v1,material-candidate,medium
sA_Megapack_v1/sA_Rayvfx/Materials/M_sA_Aura.uasset,.uasset,93574,sA_Megapack_v1,material-candidate,medium
sA_Megapack_v1/sA_Rayvfx/Materials/MI_Aura_1.uasset,.uasset,72971,sA_Megapack_v1,material-candidate,medium
sA_Megapack_v1/sA_Rayvfx/Materials/MI_Aura_2.uasset,.uasset,72971,sA_Megapack_v1,material-candidate,medium
sA_Megapack_v1/sA_Rayvfx/Materials/MI_Aura_3.uasset,.uasset,74488,sA_Megapack_v1,material-candidate,medium
sA_Megapack_v1/sA_Rayvfx/Materials/MI_Aura_4.uasset,.uasset,80503,sA_Megapack_v1,material-candidate,medium
sA_Megapack_v1/sA_Rayvfx/Materials/MI_Enegy_1.uasset,.uasset,74831,sA_Megapack_v1,material-candidate,medium
sA_Megapack_v1/sA_Rayvfx/Materials/MI_Enegy_4.uasset,.uasset,75845,sA_Megapack_v1,material-candidate,medium
sA_Megapack_v1/sA_Rayvfx/Materials/MI_Energy_1_Dark.uasset,.uasset,81105,sA_Megapack_v1,material-candidate,medium
sA_Megapack_v1/sA_Rayvfx/Materials/MI_Energy_4_Dark.uasset,.uasset,81644,sA_Megapack_v1,material-candidate,medium
sA_Megapack_v1/sA_Rayvfx/Materials/MI_Energy_5_Dark.uasset,.uasset,80298,sA_Megapack_v1,material-candidate,medium
sA_Megapack_v1/sA_Rayvfx/Materials/MI_Fresnel_Space.uasset,.uasset,98556,sA_Megapack_v1,material-candidate,medium
sA_Megapack_v1/sA_Rayvfx/Materials/MI_PannerScroll.uasset,.uasset,72911,sA_Megapack_v1,material-candidate,medium
sA_Megapack_v1/sA_Rayvfx/Materials/MI_Projectile_3.uasset,.uasset,74194,sA_Megapack_v1,material-candidate,medium
sA_Megapack_v1/sA_Rayvfx/Materials/MI_Refract_Inst.uasset,.uasset,70055,sA_Megapack_v1,material-candidate,medium
sA_Megapack_v1/sA_Rayvfx/Materials/MI_SolidPanner.uasset,.uasset,75577,sA_Megapack_v1,material-candidate,medium
sA_Megapack_v1/sA_Rayvfx/Materials/MI_SolidPanner_2.uasset,.uasset,76932,sA_Megapack_v1,material-candidate,medium
sA_Megapack_v1/sA_Rayvfx/Materials/MI_SolidPanner_3.uasset,.uasset,77688,sA_Megapack_v1,material-candidate,medium
sA_Megapack_v1/sA_Rayvfx/Materials/MI_SolidPanner_3_a.uasset,.uasset,77931,sA_Megapack_v1,material-candidate,medium
sA_Megapack_v1/sA_Rayvfx/Materials/MI_Tail_2.uasset,.uasset,75105,sA_Megapack_v1,material-candidate,medium
sA_Megapack_v1/sA_Rayvfx/Materials/Textures/Beam01.png,.png,496469,sA_Megapack_v1,raster-image,high
sA_Megapack_v1/sA_Rayvfx/Materials/Textures/Noise00.png,.png,287022,sA_Megapack_v1,raster-image,high
sA_Megapack_v1/sA_Rayvfx/Materials/Textures/Noise00.uasset,.uasset,266417,sA_Megapack_v1,material-candidate,medium
sA_Megapack_v1/sA_Rayvfx/Materials/Textures/Noise000.png,.png,364000,sA_Megapack_v1,raster-image,high
sA_Megapack_v1/sA_Rayvfx/Materials/Textures/Noise000.uasset,.uasset,318109,sA_Megapack_v1,material-candidate,medium
sA_Megapack_v1/sA_Rayvfx/Materials/Textures/Noise01.png,.png,71609,sA_Megapack_v1,raster-image,high
sA_Megapack_v1/sA_Rayvfx/Materials/Textures/Noise01.uasset,.uasset,48154,sA_Megapack_v1,material-candidate,medium
sA_Megapack_v1/sA_Rayvfx/Materials/Textures/Noise02.png,.png,396918,sA_Megapack_v1,raster-image,high
sA_Megapack_v1/sA_Rayvfx/Materials/Textures/Noise02.uasset,.uasset,434987,sA_Megapack_v1,material-candidate,medium
sA_Megapack_v1/sA_Rayvfx/Materials/Textures/Noise04.png,.png,101446,sA_Megapack_v1,raster-image,high
sA_Megapack_v1/sA_Rayvfx/Materials/Textures/Noise04.uasset,.uasset,124841,sA_Megapack_v1,material-candidate,medium
sA_Megapack_v1/sA_Rayvfx/Materials/Textures/Noise06.png,.png,3739532,sA_Megapack_v1,raster-image,high
sA_Megapack_v1/sA_Rayvfx/Materials/Textures/Noise06.uasset,.uasset,3818359,sA_Megapack_v1,material-candidate,medium
sA_Megapack_v1/sA_Rayvfx/Materials/Textures/Noise07.png,.png,162436,sA_Megapack_v1,raster-image,high
sA_Megapack_v1/sA_Rayvfx/Materials/Textures/Noise07.uasset,.uasset,181780,sA_Megapack_v1,material-candidate,medium
sA_Megapack_v1/sA_Rayvfx/Materials/Textures/Noise08.png,.png,309880,sA_Megapack_v1,raster-image,high
sA_Megapack_v1/sA_Rayvfx/Materials/Textures/Noise08.uasset,.uasset,324776,sA_Megapack_v1,material-candidate,medium
sA_Megapack_v1/sA_Rayvfx/Materials/Textures/Noise09.png,.png,378068,sA_Megapack_v1,raster-image,high
sA_Megapack_v1/sA_Rayvfx/Materials/Textures/Noise09.uasset,.uasset,417637,sA_Megapack_v1,material-candidate,medium
sA_Megapack_v1/sA_Rayvfx/Materials/Textures/Noise10.png,.png,1210487,sA_Megapack_v1,raster-image,high
sA_Megapack_v1/sA_Rayvfx/Materials/Textures/Noise10.uasset,.uasset,1467927,sA_Megapack_v1,material-candidate,medium
sA_Megapack_v1/sA_Rayvfx/Materials/Textures/Noise11.png,.png,127366,sA_Megapack_v1,raster-image,high
sA_Megapack_v1/sA_Rayvfx/Materials/Textures/Noise11.uasset,.uasset,145782,sA_Megapack_v1,material-candidate,medium
sA_Megapack_v1/sA_Rayvfx/Materials/Textures/Noise12.png,.png,25029,sA_Megapack_v1,raster-image,high
sA_Megapack_v1/sA_Rayvfx/Materials/Textures/Noise12.uasset,.uasset,45486,sA_Megapack_v1,material-candidate,medium
sA_Megapack_v1/sA_Rayvfx/Materials/Textures/T_Beam_01.uasset,.uasset,511275,sA_Megapack_v1,material-candidate,medium
sA_Megapack_v1/sA_Rayvfx/Materials/Textures/T_Energy_1.uasset,.uasset,2898977,sA_Megapack_v1,material-candidate,medium
sA_Megapack_v1/sA_Rayvfx/Materials/Textures/T_Noise00.uasset,.uasset,362927,sA_Megapack_v1,material-candidate,medium
sA_Megapack_v1/sA_Rayvfx/Materials/Textures/T_Noise000.uasset,.uasset,406954,sA_Megapack_v1,material-candidate,medium
sA_Megapack_v1/sA_Rayvfx/Materials/Textures/T_Noise01.uasset,.uasset,423584,sA_Megapack_v1,material-candidate,medium
sA_Megapack_v1/sA_Rayvfx/Materials/Textures/T_Noise02.uasset,.uasset,427451,sA_Megapack_v1,material-candidate,medium
sA_Megapack_v1/sA_Rayvfx/Materials/Textures/T_Noise03.uasset,.uasset,756061,sA_Megapack_v1,material-candidate,medium
sA_Megapack_v1/sA_Rayvfx/Materials/Textures/T_Noise04.uasset,.uasset,385734,sA_Megapack_v1,material-candidate,medium
sA_Megapack_v1/sA_Rayvfx/Materials/Textures/T_Noise06.uasset,.uasset,827956,sA_Megapack_v1,material-candidate,medium
sA_Megapack_v1/sA_Rayvfx/Materials/Textures/T_Noise07.uasset,.uasset,619187,sA_Megapack_v1,material-candidate,medium
sA_Megapack_v1/sA_Rayvfx/Materials/Textures/T_Noise08.uasset,.uasset,467996,sA_Megapack_v1,material-candidate,medium
sA_Megapack_v1/sA_Rayvfx/Materials/Textures/T_Noise09.uasset,.uasset,525711,sA_Megapack_v1,material-candidate,medium
sA_Megapack_v1/sA_Rayvfx/Materials/Textures/T_Noise10.uasset,.uasset,475314,sA_Megapack_v1,material-candidate,medium
sA_Megapack_v1/sA_Rayvfx/Materials/Textures/T_Noise11.uasset,.uasset,441322,sA_Megapack_v1,material-candidate,medium
sA_Megapack_v1/sA_Rayvfx/Materials/Textures/T_Noise12.uasset,.uasset,411945,sA_Megapack_v1,material-candidate,medium
sA_Megapack_v1/sA_Rayvfx/Materials/Textures/T_Ray_5.uasset,.uasset,5546065,sA_Megapack_v1,material-candidate,medium
sA_Megapack_v1/sA_Rayvfx/Materials/Textures/T_Snow_Flake.uasset,.uasset,478856,sA_Megapack_v1,material-candidate,medium
sA_Megapack_v1/sA_Rayvfx/Materials/Textures/T_Space_1.uasset,.uasset,2569519,sA_Megapack_v1,material-candidate,medium
sA_Megapack_v1/sA_Rayvfx/Models/SM_Bended_X.uasset,.uasset,92046,sA_Megapack_v1,mesh-candidate,medium
sA_Megapack_v1/sA_Rayvfx/Models/SM_Hemi_Sphere.uasset,.uasset,104715,sA_Megapack_v1,mesh-candidate,medium
sA_Megapack_v1/sA_Rayvfx/Models/SM_RayTube_1.uasset,.uasset,229028,sA_Megapack_v1,mesh-candidate,medium
sA_Megapack_v1/sA_Rayvfx/Models/SM_RayTube_2.uasset,.uasset,243172,sA_Megapack_v1,mesh-candidate,medium
sA_Megapack_v1/sA_Rayvfx/Models/SM_UV_Sphere.uasset,.uasset,114281,sA_Megapack_v1,mesh-candidate,medium
sA_Megapack_v1/sA_ShootingVfxPack/Blueprints/BP_Greande_Throw.uasset,.uasset,194363,sA_Megapack_v1,blueprint-logic,high
sA_Megapack_v1/sA_ShootingVfxPack/Blueprints/BP_Impact.uasset,.uasset,22403,sA_Megapack_v1,blueprint-logic,high
sA_Megapack_v1/sA_ShootingVfxPack/Blueprints/BP_Impact_2.uasset,.uasset,21581,sA_Megapack_v1,blueprint-logic,high
sA_Megapack_v1/sA_ShootingVfxPack/Blueprints/BP_Impact_3.uasset,.uasset,30280,sA_Megapack_v1,blueprint-logic,high
sA_Megapack_v1/sA_ShootingVfxPack/Blueprints/BP_Projectile_1_Small.uasset,.uasset,143751,sA_Megapack_v1,blueprint-logic,high
sA_Megapack_v1/sA_ShootingVfxPack/Blueprints/BP_Projectile_2.uasset,.uasset,126773,sA_Megapack_v1,blueprint-logic,high
sA_Megapack_v1/sA_ShootingVfxPack/Blueprints/BP_Projectile_3.uasset,.uasset,126773,sA_Megapack_v1,blueprint-logic,high
sA_Megapack_v1/sA_ShootingVfxPack/Blueprints/BP_Projectile_Grenade.uasset,.uasset,172363,sA_Megapack_v1,blueprint-logic,high
sA_Megapack_v1/sA_ShootingVfxPack/Blueprints/BP_Projectile_Missle.uasset,.uasset,152098,sA_Megapack_v1,blueprint-logic,high
sA_Megapack_v1/sA_ShootingVfxPack/Blueprints/BP_Projectile_Spawner.uasset,.uasset,240542,sA_Megapack_v1,blueprint-logic,high
sA_Megapack_v1/sA_ShootingVfxPack/Blueprints/BP_RocketLauncher.uasset,.uasset,205704,sA_Megapack_v1,blueprint-logic,high
sA_Megapack_v1/sA_ShootingVfxPack/Blueprints/BP_Sniper.uasset,.uasset,205249,sA_Megapack_v1,blueprint-logic,high
sA_Megapack_v1/sA_ShootingVfxPack/Blueprints/BP_Weapon.uasset,.uasset,133848,sA_Megapack_v1,blueprint-logic,high
sA_Megapack_v1/sA_ShootingVfxPack/FX/NiagaraEmitters/NE_Beam.uasset,.uasset,154040,sA_Megapack_v1,vfx-candidate,medium
sA_Megapack_v1/sA_ShootingVfxPack/FX/NiagaraEmitters/NE_Muzzle_Flash.uasset,.uasset,294407,sA_Megapack_v1,vfx-candidate,medium
sA_Megapack_v1/sA_ShootingVfxPack/FX/NiagaraEmitters/NE_Muzzle_Part2.uasset,.uasset,308074,sA_Megapack_v1,vfx-candidate,medium
sA_Megapack_v1/sA_ShootingVfxPack/FX/NiagaraEmitters/NE_Plane.uasset,.uasset,247650,sA_Megapack_v1,vfx-candidate,medium
sA_Megapack_v1/sA_ShootingVfxPack/FX/NiagaraEmitters/NE_Ribbon.uasset,.uasset,103584,sA_Megapack_v1,vfx-candidate,medium
sA_Megapack_v1/sA_ShootingVfxPack/FX/NiagaraEmitters/NE_SimpleBurst.uasset,.uasset,200066,sA_Megapack_v1,vfx-candidate,medium
sA_Megapack_v1/sA_ShootingVfxPack/FX/NiagaraEmitters/Ne_SimpleSprite.uasset,.uasset,92573,sA_Megapack_v1,vfx-candidate,medium
sA_Megapack_v1/sA_ShootingVfxPack/FX/NiagaraEmitters/NE_Smoke_001.uasset,.uasset,197009,sA_Megapack_v1,vfx-candidate,medium
sA_Megapack_v1/sA_ShootingVfxPack/FX/NiagaraEmitters/NE_Smoke_01.uasset,.uasset,196954,sA_Megapack_v1,vfx-candidate,medium
sA_Megapack_v1/sA_ShootingVfxPack/FX/NiagaraEmitters/NE_Sparks.uasset,.uasset,172002,sA_Megapack_v1,vfx-candidate,medium
sA_Megapack_v1/sA_ShootingVfxPack/FX/NiagaraSystems/NS_AR_Muzzleflash_1_INFINITE.uasset,.uasset,2215764,sA_Megapack_v1,vfx-candidate,medium
sA_Megapack_v1/sA_ShootingVfxPack/FX/NiagaraSystems/NS_AR_Muzzleflash_1_ONCE.uasset,.uasset,2964707,sA_Megapack_v1,vfx-candidate,medium
sA_Megapack_v1/sA_ShootingVfxPack/FX/NiagaraSystems/NS_AR_Muzzleflash_2_INFINITE.uasset,.uasset,2101645,sA_Megapack_v1,vfx-candidate,medium
sA_Megapack_v1/sA_ShootingVfxPack/FX/NiagaraSystems/NS_AR_Muzzleflash_2_ONCE.uasset,.uasset,2110812,sA_Megapack_v1,vfx-candidate,medium
sA_Megapack_v1/sA_ShootingVfxPack/FX/NiagaraSystems/NS_BulletTrail_1.uasset,.uasset,847716,sA_Megapack_v1,vfx-candidate,medium
sA_Megapack_v1/sA_ShootingVfxPack/FX/NiagaraSystems/NS_BulletTrail_1_b.uasset,.uasset,744385,sA_Megapack_v1,vfx-candidate,medium
sA_Megapack_v1/sA_ShootingVfxPack/FX/NiagaraSystems/NS_BulletTrail_2.uasset,.uasset,1298141,sA_Megapack_v1,vfx-candidate,medium
sA_Megapack_v1/sA_ShootingVfxPack/FX/NiagaraSystems/NS_BulletTrail_3.uasset,.uasset,1344739,sA_Megapack_v1,vfx-candidate,medium
sA_Megapack_v1/sA_ShootingVfxPack/FX/NiagaraSystems/NS_Energy_Muzzleflash_1_INFINITE.uasset,.uasset,1434462,sA_Megapack_v1,vfx-candidate,medium
sA_Megapack_v1/sA_ShootingVfxPack/FX/NiagaraSystems/NS_ENERGY_Muzzleflash_2_ONCE.uasset,.uasset,1434292,sA_Megapack_v1,vfx-candidate,medium
sA_Megapack_v1/sA_ShootingVfxPack/FX/NiagaraSystems/NS_Explossion.uasset,.uasset,2172947,sA_Megapack_v1,vfx-candidate,medium
sA_Megapack_v1/sA_ShootingVfxPack/FX/NiagaraSystems/NS_GRENADE_RibbonTrail.uasset,.uasset,658024,sA_Megapack_v1,vfx-candidate,medium
sA_Megapack_v1/sA_ShootingVfxPack/FX/NiagaraSystems/NS_Impact_1.uasset,.uasset,1164654,sA_Megapack_v1,vfx-candidate,medium
sA_Megapack_v1/sA_ShootingVfxPack/FX/NiagaraSystems/NS_Impact_2.uasset,.uasset,2031202,sA_Megapack_v1,vfx-candidate,medium
sA_Megapack_v1/sA_ShootingVfxPack/FX/NiagaraSystems/NS_ROCKET_Muzzle.uasset,.uasset,3498028,sA_Megapack_v1,vfx-candidate,medium
sA_Megapack_v1/sA_ShootingVfxPack/FX/NiagaraSystems/NS_ROCKET_Trail.uasset,.uasset,2567973,sA_Megapack_v1,vfx-candidate,medium
sA_Megapack_v1/sA_ShootingVfxPack/FX/NiagaraSystems/NS_SNIPER_Muzzle.uasset,.uasset,2245944,sA_Megapack_v1,vfx-candidate,medium
sA_Megapack_v1/sA_ShootingVfxPack/Levels/LVL_Showroom.umap,.umap,573381,sA_Megapack_v1,map-or-data,medium
sA_Megapack_v1/sA_ShootingVfxPack/Levels/LVL_Showroom_BuiltData.uasset,.uasset,1052328,sA_Megapack_v1,map-or-data,medium
sA_Megapack_v1/sA_ShootingVfxPack/Materials/M_Basic_Particle.uasset,.uasset,70134,sA_Megapack_v1,material-candidate,medium
sA_Megapack_v1/sA_ShootingVfxPack/Materials/M_Ground.uasset,.uasset,85380,sA_Megapack_v1,material-candidate,medium
sA_Megapack_v1/sA_ShootingVfxPack/Materials/M_Master_Muzzle.uasset,.uasset,80157,sA_Megapack_v1,material-candidate,medium
sA_Megapack_v1/sA_ShootingVfxPack/Materials/M_Master_RadialBeam.uasset,.uasset,72611,sA_Megapack_v1,material-candidate,medium
sA_Megapack_v1/sA_ShootingVfxPack/Materials/M_Ribbon.uasset,.uasset,70070,sA_Megapack_v1,material-candidate,medium
sA_Megapack_v1/sA_ShootingVfxPack/Materials/M_Smoke.uasset,.uasset,72404,sA_Megapack_v1,material-candidate,medium
sA_Megapack_v1/sA_ShootingVfxPack/Materials/M_Smoke_00.uasset,.uasset,70316,sA_Megapack_v1,material-candidate,medium
sA_Megapack_v1/sA_ShootingVfxPack/Materials/MI_Ground_Showscene.uasset,.uasset,86605,sA_Megapack_v1,material-candidate,medium
sA_Megapack_v1/sA_ShootingVfxPack/Materials/MI_Muzzle_1.uasset,.uasset,73349,sA_Megapack_v1,material-candidate,medium
sA_Megapack_v1/sA_ShootingVfxPack/Materials/MI_Muzzle_2.uasset,.uasset,72354,sA_Megapack_v1,material-candidate,medium
sA_Megapack_v1/sA_ShootingVfxPack/Materials/MI_Muzzle_3.uasset,.uasset,72634,sA_Megapack_v1,material-candidate,medium
sA_Megapack_v1/sA_ShootingVfxPack/Materials/Textures/T_Circle_1.uasset,.uasset,387590,sA_Megapack_v1,material-candidate,medium
sA_Megapack_v1/sA_ShootingVfxPack/Materials/Textures/T_Gradient_1.uasset,.uasset,1252560,sA_Megapack_v1,material-candidate,medium
sA_Megapack_v1/sA_ShootingVfxPack/Materials/Textures/T_Gray_Noise_1.uasset,.uasset,1914634,sA_Megapack_v1,material-candidate,medium
sA_Megapack_v1/sA_ShootingVfxPack/Materials/Textures/T_Muzzle_1.uasset,.uasset,573960,sA_Megapack_v1,material-candidate,medium
sA_Megapack_v1/sA_ShootingVfxPack/Materials/Textures/T_Muzzle_3.uasset,.uasset,967389,sA_Megapack_v1,material-candidate,medium
sA_Megapack_v1/sA_ShootingVfxPack/Materials/Textures/T_Muzzle_Sniperr.uasset,.uasset,623230,sA_Megapack_v1,material-candidate,medium
sA_Megapack_v1/sA_ShootingVfxPack/Materials/Textures/T_RGB_Noise_1.uasset,.uasset,7449720,sA_Megapack_v1,material-candidate,medium
sA_Megapack_v1/sA_ShootingVfxPack/Materials/Textures/T_Smoke00_SubUV.uasset,.uasset,1959563,sA_Megapack_v1,material-candidate,medium
sA_Megapack_v1/sA_ShootingVfxPack/Materials/Textures/T_Smoke_SubUV.uasset,.uasset,1959555,sA_Megapack_v1,material-candidate,medium
sA_Megapack_v1/sA_ShootingVfxPack/Meshes/SM_Bullet_1.uasset,.uasset,85202,sA_Megapack_v1,mesh-candidate,medium
sA_Megapack_v1/sA_ShootingVfxPack/Meshes/SM_Fx_Sphere.uasset,.uasset,138949,sA_Megapack_v1,mesh-candidate,medium
sA_Megapack_v1/sA_ShootingVfxPack/Meshes/SM_Muzzle.uasset,.uasset,82034,sA_Megapack_v1,mesh-candidate,medium
sA_Megapack_v1/sA_ShootingVfxPack/Meshes/SM_Muzzle_1.uasset,.uasset,81708,sA_Megapack_v1,mesh-candidate,medium
sA_Megapack_v1/sA_ShootingVfxPack/Meshes/SM_Muzzle_Part2.uasset,.uasset,84560,sA_Megapack_v1,mesh-candidate,medium
sA_Megapack_v1/sA_ShootingVfxPack/Meshes/SM_Plane.uasset,.uasset,87955,sA_Megapack_v1,mesh-candidate,medium
sA_Megapack_v1/sA_ShootingVfxPack/Meshes/SM_Rifle.uasset,.uasset,124631,sA_Megapack_v1,mesh-candidate,medium
sA_Megapack_v1/sA_ShootingVfxPack/Meshes/SM_Rocket.uasset,.uasset,99120,sA_Megapack_v1,mesh-candidate,medium
sA_Megapack_v1/sA_ShootingVfxPack/Meshes/SM_RocketLauncher.uasset,.uasset,112768,sA_Megapack_v1,mesh-candidate,medium
sA_Megapack_v1/sA_ShootingVfxPack/Meshes/SM_Sniper_Riffle.uasset,.uasset,116620,sA_Megapack_v1,mesh-candidate,medium
sA_Megapack_v1/sA_ShootingVfxPack/Meshes/SM_Tail_1.uasset,.uasset,79149,sA_Megapack_v1,mesh-candidate,medium
sA_Megapack_v1/sA_SkillSet_1/Blueprints/BP_Projectile_1_Small.uasset,.uasset,127254,sA_Megapack_v1,blueprint-logic,high
sA_Megapack_v1/sA_SkillSet_1/Blueprints/BP_Projectile_2.uasset,.uasset,127210,sA_Megapack_v1,blueprint-logic,high
sA_Megapack_v1/sA_SkillSet_1/Blueprints/BP_Projectile_Spawner.uasset,.uasset,201171,sA_Megapack_v1,blueprint-logic,high
sA_Megapack_v1/sA_SkillSet_1/Blueprints/BP_RAY_Spawner.uasset,.uasset,201676,sA_Megapack_v1,blueprint-logic,high
sA_Megapack_v1/sA_SkillSet_1/Fx/NiagaraEmitters/Ne_Aura.uasset,.uasset,313072,sA_Megapack_v1,vfx-candidate,medium
sA_Megapack_v1/sA_SkillSet_1/Fx/NiagaraEmitters/Ne_Boulder.uasset,.uasset,267692,sA_Megapack_v1,vfx-candidate,medium
sA_Megapack_v1/sA_SkillSet_1/Fx/NiagaraEmitters/Ne_Boulder_Cycle.uasset,.uasset,268676,sA_Megapack_v1,vfx-candidate,medium
sA_Megapack_v1/sA_SkillSet_1/Fx/NiagaraEmitters/Ne_Boulder_Orbital.uasset,.uasset,268415,sA_Megapack_v1,vfx-candidate,medium
sA_Megapack_v1/sA_SkillSet_1/Fx/NiagaraEmitters/NE_BoulderBurst.uasset,.uasset,832903,sA_Megapack_v1,vfx-candidate,medium
sA_Megapack_v1/sA_SkillSet_1/Fx/NiagaraEmitters/NE_Flash.uasset,.uasset,259222,sA_Megapack_v1,vfx-candidate,medium
sA_Megapack_v1/sA_SkillSet_1/Fx/NiagaraEmitters/NE_Omniburst.uasset,.uasset,451747,sA_Megapack_v1,vfx-candidate,medium
sA_Megapack_v1/sA_SkillSet_1/Fx/NiagaraEmitters/NE_Ray1.uasset,.uasset,283336,sA_Megapack_v1,vfx-candidate,medium
sA_Megapack_v1/sA_SkillSet_1/Fx/NiagaraEmitters/NE_Smoke_01.uasset,.uasset,423347,sA_Megapack_v1,vfx-candidate,medium
sA_Megapack_v1/sA_SkillSet_1/Fx/NiagaraEmitters/NE_sphere.uasset,.uasset,223457,sA_Megapack_v1,vfx-candidate,medium
sA_Megapack_v1/sA_SkillSet_1/Fx/NiagaraEmitters/NE_Thorn.uasset,.uasset,259734,sA_Megapack_v1,vfx-candidate,medium
sA_Megapack_v1/sA_SkillSet_1/Fx/NiagaraEmitters/NE_Trail.uasset,.uasset,332716,sA_Megapack_v1,vfx-candidate,medium
sA_Megapack_v1/sA_SkillSet_1/Fx/NiagaraSystems/NS_Aoe.uasset,.uasset,3980668,sA_Megapack_v1,vfx-candidate,medium
sA_Megapack_v1/sA_SkillSet_1/Fx/NiagaraSystems/NS_Cast.uasset,.uasset,1931356,sA_Megapack_v1,vfx-candidate,medium
sA_Megapack_v1/sA_SkillSet_1/Fx/NiagaraSystems/NS_Energy.uasset,.uasset,2393599,sA_Megapack_v1,vfx-candidate,medium
sA_Megapack_v1/sA_SkillSet_1/Fx/NiagaraSystems/NS_Hit_Ray.uasset,.uasset,2737259,sA_Megapack_v1,vfx-candidate,medium
sA_Megapack_v1/sA_SkillSet_1/Fx/NiagaraSystems/NS_Projectile.uasset,.uasset,1193984,sA_Megapack_v1,vfx-candidate,medium
sA_Megapack_v1/sA_SkillSet_1/Fx/NiagaraSystems/NS_Projectile_Hit.uasset,.uasset,3182941,sA_Megapack_v1,vfx-candidate,medium
sA_Megapack_v1/sA_SkillSet_1/Fx/NiagaraSystems/NS_Ray.uasset,.uasset,3336476,sA_Megapack_v1,vfx-candidate,medium
sA_Megapack_v1/sA_SkillSet_1/Fx/NiagaraSystems/NS_Thorn_2.uasset,.uasset,4042264,sA_Megapack_v1,vfx-candidate,medium
sA_Megapack_v1/sA_SkillSet_1/Fx/NiagaraSystems/NS_Thorn_3.uasset,.uasset,3742811,sA_Megapack_v1,vfx-candidate,medium
sA_Megapack_v1/sA_SkillSet_1/Fx/NiagaraSystems/NS_Thorn_Projectile.uasset,.uasset,1465643,sA_Megapack_v1,vfx-candidate,medium
sA_Megapack_v1/sA_SkillSet_1/Fx/NiagaraSystems/NS_Thorns_1.uasset,.uasset,3938318,sA_Megapack_v1,vfx-candidate,medium
sA_Megapack_v1/sA_SkillSet_1/Materials/M_ABScrollNiagara.uasset,.uasset,91545,sA_Megapack_v1,material-candidate,medium
sA_Megapack_v1/sA_SkillSet_1/Materials/M_AdditiveScrollNiagara.uasset,.uasset,86960,sA_Megapack_v1,material-candidate,medium
sA_Megapack_v1/sA_SkillSet_1/Materials/M_Master_AoRoughMet.uasset,.uasset,88413,sA_Megapack_v1,material-candidate,medium
sA_Megapack_v1/sA_SkillSet_1/Materials/M_Master_RadialBeam.uasset,.uasset,72168,sA_Megapack_v1,material-candidate,medium
sA_Megapack_v1/sA_SkillSet_1/Materials/M_Master_Solid_Panner.uasset,.uasset,73566,sA_Megapack_v1,material-candidate,medium
sA_Megapack_v1/sA_SkillSet_1/Materials/M_PannerScroll.uasset,.uasset,91360,sA_Megapack_v1,material-candidate,medium
sA_Megapack_v1/sA_SkillSet_1/Materials/M_sA_Aura.uasset,.uasset,85072,sA_Megapack_v1,material-candidate,medium
sA_Megapack_v1/sA_SkillSet_1/Materials/M_Smoke.uasset,.uasset,72209,sA_Megapack_v1,material-candidate,medium
sA_Megapack_v1/sA_SkillSet_1/Materials/MI_Aura_1.uasset,.uasset,74735,sA_Megapack_v1,material-candidate,medium
sA_Megapack_v1/sA_SkillSet_1/Materials/MI_Aura_2.uasset,.uasset,75264,sA_Megapack_v1,material-candidate,medium
sA_Megapack_v1/sA_SkillSet_1/Materials/MI_Aura_3.uasset,.uasset,74814,sA_Megapack_v1,material-candidate,medium
sA_Megapack_v1/sA_SkillSet_1/Materials/MI_Boulder.uasset,.uasset,82994,sA_Megapack_v1,material-candidate,medium
sA_Megapack_v1/sA_SkillSet_1/Materials/MI_Enegy_4.uasset,.uasset,75734,sA_Megapack_v1,material-candidate,medium
sA_Megapack_v1/sA_SkillSet_1/Materials/MI_Energy_4_Dark.uasset,.uasset,81590,sA_Megapack_v1,material-candidate,medium
sA_Megapack_v1/sA_SkillSet_1/Materials/MI_Flash_1.uasset,.uasset,65395,sA_Megapack_v1,material-candidate,medium
sA_Megapack_v1/sA_SkillSet_1/Materials/MI_PannerScroll.uasset,.uasset,72725,sA_Megapack_v1,material-candidate,medium
sA_Megapack_v1/sA_SkillSet_1/Materials/MI_SolidPanner.uasset,.uasset,75404,sA_Megapack_v1,material-candidate,medium
sA_Megapack_v1/sA_SkillSet_1/Materials/MI_SolidPanner_2.uasset,.uasset,76941,sA_Megapack_v1,material-candidate,medium
sA_Megapack_v1/sA_SkillSet_1/Materials/MI_Thorn_1.uasset,.uasset,81241,sA_Megapack_v1,material-candidate,medium
sA_Megapack_v1/sA_SkillSet_1/Materials/MI_Thorn_3.uasset,.uasset,83856,sA_Megapack_v1,material-candidate,medium
sA_Megapack_v1/sA_SkillSet_1/Materials/MI_Thorn_4.uasset,.uasset,86840,sA_Megapack_v1,material-candidate,medium
sA_Megapack_v1/sA_SkillSet_1/Materials/Textures/Beam01.png,.png,496469,sA_Megapack_v1,raster-image,high
sA_Megapack_v1/sA_SkillSet_1/Materials/Textures/Noise00.png,.png,287022,sA_Megapack_v1,raster-image,high
sA_Megapack_v1/sA_SkillSet_1/Materials/Textures/Noise00.uasset,.uasset,266467,sA_Megapack_v1,material-candidate,medium
sA_Megapack_v1/sA_SkillSet_1/Materials/Textures/Noise000.png,.png,364000,sA_Megapack_v1,raster-image,high
sA_Megapack_v1/sA_SkillSet_1/Materials/Textures/Noise000.uasset,.uasset,318159,sA_Megapack_v1,material-candidate,medium
sA_Megapack_v1/sA_SkillSet_1/Materials/Textures/Noise01.png,.png,71609,sA_Megapack_v1,raster-image,high
sA_Megapack_v1/sA_SkillSet_1/Materials/Textures/Noise01.uasset,.uasset,48204,sA_Megapack_v1,material-candidate,medium
sA_Megapack_v1/sA_SkillSet_1/Materials/Textures/Noise02.png,.png,396918,sA_Megapack_v1,raster-image,high
sA_Megapack_v1/sA_SkillSet_1/Materials/Textures/Noise02.uasset,.uasset,435037,sA_Megapack_v1,material-candidate,medium
sA_Megapack_v1/sA_SkillSet_1/Materials/Textures/Noise04.png,.png,101446,sA_Megapack_v1,raster-image,high
sA_Megapack_v1/sA_SkillSet_1/Materials/Textures/Noise04.uasset,.uasset,124891,sA_Megapack_v1,material-candidate,medium
sA_Megapack_v1/sA_SkillSet_1/Materials/Textures/Noise06.png,.png,3739532,sA_Megapack_v1,raster-image,high
sA_Megapack_v1/sA_SkillSet_1/Materials/Textures/Noise06.uasset,.uasset,3818408,sA_Megapack_v1,material-candidate,medium
sA_Megapack_v1/sA_SkillSet_1/Materials/Textures/Noise07.png,.png,162436,sA_Megapack_v1,raster-image,high
sA_Megapack_v1/sA_SkillSet_1/Materials/Textures/Noise07.uasset,.uasset,181829,sA_Megapack_v1,material-candidate,medium
sA_Megapack_v1/sA_SkillSet_1/Materials/Textures/Noise08.png,.png,309880,sA_Megapack_v1,raster-image,high
sA_Megapack_v1/sA_SkillSet_1/Materials/Textures/Noise08.uasset,.uasset,324825,sA_Megapack_v1,material-candidate,medium
sA_Megapack_v1/sA_SkillSet_1/Materials/Textures/Noise09.png,.png,378068,sA_Megapack_v1,raster-image,high
sA_Megapack_v1/sA_SkillSet_1/Materials/Textures/Noise09.uasset,.uasset,417686,sA_Megapack_v1,material-candidate,medium
sA_Megapack_v1/sA_SkillSet_1/Materials/Textures/Noise10.png,.png,1210487,sA_Megapack_v1,raster-image,high
sA_Megapack_v1/sA_SkillSet_1/Materials/Textures/Noise10.uasset,.uasset,1467976,sA_Megapack_v1,material-candidate,medium
sA_Megapack_v1/sA_SkillSet_1/Materials/Textures/Noise11.png,.png,127366,sA_Megapack_v1,raster-image,high
sA_Megapack_v1/sA_SkillSet_1/Materials/Textures/Noise11.uasset,.uasset,145830,sA_Megapack_v1,material-candidate,medium
sA_Megapack_v1/sA_SkillSet_1/Materials/Textures/Noise12.png,.png,25029,sA_Megapack_v1,raster-image,high
sA_Megapack_v1/sA_SkillSet_1/Materials/Textures/Noise12.uasset,.uasset,45534,sA_Megapack_v1,material-candidate,medium
sA_Megapack_v1/sA_SkillSet_1/Materials/Textures/T_Aoe_1_BaseColor.uasset,.uasset,3049072,sA_Megapack_v1,material-candidate,medium
sA_Megapack_v1/sA_SkillSet_1/Materials/Textures/T_Aoe_1_Normal.uasset,.uasset,3660297,sA_Megapack_v1,material-candidate,medium
sA_Megapack_v1/sA_SkillSet_1/Materials/Textures/T_Aoe_1_OcclusionRoughnessMetallic.uasset,.uasset,1788438,sA_Megapack_v1,material-candidate,medium
sA_Megapack_v1/sA_SkillSet_1/Materials/Textures/T_Beam_01.uasset,.uasset,511283,sA_Megapack_v1,material-candidate,medium
sA_Megapack_v1/sA_SkillSet_1/Materials/Textures/T_Boulder_1_BaseColor.uasset,.uasset,1173137,sA_Megapack_v1,material-candidate,medium
sA_Megapack_v1/sA_SkillSet_1/Materials/Textures/T_Boulder_1_Emissive.uasset,.uasset,2621962,sA_Megapack_v1,material-candidate,medium
sA_Megapack_v1/sA_SkillSet_1/Materials/Textures/T_Boulder_1_Normal.uasset,.uasset,3006752,sA_Megapack_v1,material-candidate,medium
sA_Megapack_v1/sA_SkillSet_1/Materials/Textures/T_Boulder_1_OcclusionRoughnessMetallic.uasset,.uasset,653481,sA_Megapack_v1,material-candidate,medium
sA_Megapack_v1/sA_SkillSet_1/Materials/Textures/T_Noise00.uasset,.uasset,362931,sA_Megapack_v1,material-candidate,medium
sA_Megapack_v1/sA_SkillSet_1/Materials/Textures/T_Noise000.uasset,.uasset,406958,sA_Megapack_v1,material-candidate,medium
sA_Megapack_v1/sA_SkillSet_1/Materials/Textures/T_Noise01.uasset,.uasset,423588,sA_Megapack_v1,material-candidate,medium
sA_Megapack_v1/sA_SkillSet_1/Materials/Textures/T_Noise02.uasset,.uasset,427455,sA_Megapack_v1,material-candidate,medium
sA_Megapack_v1/sA_SkillSet_1/Materials/Textures/T_Noise03.uasset,.uasset,756065,sA_Megapack_v1,material-candidate,medium
sA_Megapack_v1/sA_SkillSet_1/Materials/Textures/T_Noise04.uasset,.uasset,385738,sA_Megapack_v1,material-candidate,medium
sA_Megapack_v1/sA_SkillSet_1/Materials/Textures/T_Noise06.uasset,.uasset,827960,sA_Megapack_v1,material-candidate,medium
sA_Megapack_v1/sA_SkillSet_1/Materials/Textures/T_Noise07.uasset,.uasset,619191,sA_Megapack_v1,material-candidate,medium
sA_Megapack_v1/sA_SkillSet_1/Materials/Textures/T_Noise08.uasset,.uasset,468000,sA_Megapack_v1,material-candidate,medium
sA_Megapack_v1/sA_SkillSet_1/Materials/Textures/T_Noise09.uasset,.uasset,525715,sA_Megapack_v1,material-candidate,medium
sA_Megapack_v1/sA_SkillSet_1/Materials/Textures/T_Noise10.uasset,.uasset,475318,sA_Megapack_v1,material-candidate,medium
sA_Megapack_v1/sA_SkillSet_1/Materials/Textures/T_Noise11.uasset,.uasset,441326,sA_Megapack_v1,material-candidate,medium
sA_Megapack_v1/sA_SkillSet_1/Materials/Textures/T_Noise12.uasset,.uasset,411949,sA_Megapack_v1,material-candidate,medium
sA_Megapack_v1/sA_SkillSet_1/Materials/Textures/T_Ray_5.uasset,.uasset,5546025,sA_Megapack_v1,material-candidate,medium
sA_Megapack_v1/sA_SkillSet_1/Materials/Textures/T_Smoke_SubUV.uasset,.uasset,1959506,sA_Megapack_v1,material-candidate,medium
sA_Megapack_v1/sA_SkillSet_1/Materials/Textures/T_Snow_Flake.uasset,.uasset,478816,sA_Megapack_v1,material-candidate,medium
sA_Megapack_v1/sA_SkillSet_1/Materials/Textures/T_Thorn_1_BaseColor.uasset,.uasset,1063739,sA_Megapack_v1,material-candidate,medium
sA_Megapack_v1/sA_SkillSet_1/Materials/Textures/T_Thorn_1_Emissive.uasset,.uasset,2807525,sA_Megapack_v1,material-candidate,medium
sA_Megapack_v1/sA_SkillSet_1/Materials/Textures/T_Thorn_1_Normal.uasset,.uasset,2831780,sA_Megapack_v1,material-candidate,medium
sA_Megapack_v1/sA_SkillSet_1/Materials/Textures/T_Thorn_1_OcclusionRoughnessMetallic.uasset,.uasset,549313,sA_Megapack_v1,material-candidate,medium
sA_Megapack_v1/sA_SkillSet_1/Materials/Textures/T_Thorn_3_BaseColor.uasset,.uasset,1328685,sA_Megapack_v1,material-candidate,medium
sA_Megapack_v1/sA_SkillSet_1/Materials/Textures/T_Thorn_3_Normal.uasset,.uasset,3050505,sA_Megapack_v1,material-candidate,medium
sA_Megapack_v1/sA_SkillSet_1/Materials/Textures/T_Thorn_3_OcclusionRoughnessMetallic.uasset,.uasset,686706,sA_Megapack_v1,material-candidate,medium
sA_Megapack_v1/sA_SkillSet_1/Models/Sm_Aoe_1.uasset,.uasset,114901,sA_Megapack_v1,mesh-candidate,medium
sA_Megapack_v1/sA_SkillSet_1/Models/Sm_Boulder_1.uasset,.uasset,214144,sA_Megapack_v1,mesh-candidate,medium
sA_Megapack_v1/sA_SkillSet_1/Models/Sm_Boulder_2.uasset,.uasset,214125,sA_Megapack_v1,mesh-candidate,medium
sA_Megapack_v1/sA_SkillSet_1/Models/Sm_Boulder_Cycle.uasset,.uasset,625138,sA_Megapack_v1,mesh-candidate,medium
sA_Megapack_v1/sA_SkillSet_1/Models/SM_Hemi_Sphere.uasset,.uasset,114214,sA_Megapack_v1,mesh-candidate,medium
sA_Megapack_v1/sA_SkillSet_1/Models/SM_RayTube_1.uasset,.uasset,239516,sA_Megapack_v1,mesh-candidate,medium
sA_Megapack_v1/sA_SkillSet_1/Models/SM_RayTube_2.uasset,.uasset,254437,sA_Megapack_v1,mesh-candidate,medium
sA_Megapack_v1/sA_SkillSet_1/Models/Sm_Ring_1.uasset,.uasset,96424,sA_Megapack_v1,mesh-candidate,medium
sA_Megapack_v1/sA_SkillSet_1/Models/Sm_Ring_2.uasset,.uasset,85236,sA_Megapack_v1,mesh-candidate,medium
sA_Megapack_v1/sA_SkillSet_1/Models/Sm_Thorn_1.uasset,.uasset,101991,sA_Megapack_v1,mesh-candidate,medium
sA_Megapack_v1/sA_SkillSet_1/Models/Sm_Thorn_2.uasset,.uasset,102515,sA_Megapack_v1,mesh-candidate,medium
sA_Megapack_v1/sA_SkillSet_1/Models/Sm_Thorn_3.uasset,.uasset,96519,sA_Megapack_v1,mesh-candidate,medium
sA_Megapack_v1/sA_SkillSet_1/Models/Sm_Thorn_4.uasset,.uasset,104100,sA_Megapack_v1,mesh-candidate,medium
sA_Megapack_v1/sA_SkillSet_1/Models/Sm_Thorns_Group.uasset,.uasset,140269,sA_Megapack_v1,mesh-candidate,medium
sA_Megapack_v1/sA_SkillSet_1/Models/SM_UV_Sphere.uasset,.uasset,134773,sA_Megapack_v1,mesh-candidate,medium
sA_Megapack_v1/sA_StylizedAttacksPack/BluePrints/BP_Basic_Movement.uasset,.uasset,75834,sA_Megapack_v1,blueprint-logic,high
sA_Megapack_v1/sA_StylizedAttacksPack/BluePrints/BP_Greande_Throw.uasset,.uasset,182015,sA_Megapack_v1,blueprint-logic,high
sA_Megapack_v1/sA_StylizedAttacksPack/BluePrints/BP_Impact_3.uasset,.uasset,29611,sA_Megapack_v1,blueprint-logic,high
sA_Megapack_v1/sA_StylizedAttacksPack/BluePrints/BP_Projectile.uasset,.uasset,81054,sA_Megapack_v1,blueprint-logic,high
sA_Megapack_v1/sA_StylizedAttacksPack/BluePrints/BP_Projectile1.uasset,.uasset,83462,sA_Megapack_v1,blueprint-logic,high
sA_Megapack_v1/sA_StylizedAttacksPack/BluePrints/BP_RAY_Spawner.uasset,.uasset,106608,sA_Megapack_v1,blueprint-logic,high
sA_Megapack_v1/sA_StylizedAttacksPack/BluePrints/GM_TestGamemode.uasset,.uasset,17272,sA_Megapack_v1,blueprint-logic,high
sA_Megapack_v1/sA_StylizedAttacksPack/FX/NiagaraEmitters/NE_Basic_Flash.uasset,.uasset,107069,sA_Megapack_v1,vfx-candidate,medium
sA_Megapack_v1/sA_StylizedAttacksPack/FX/NiagaraEmitters/NE_Basic_Mesh.uasset,.uasset,222725,sA_Megapack_v1,vfx-candidate,medium
sA_Megapack_v1/sA_StylizedAttacksPack/FX/NiagaraEmitters/NE_Flame_Basic.uasset,.uasset,330492,sA_Megapack_v1,vfx-candidate,medium
sA_Megapack_v1/sA_StylizedAttacksPack/FX/NiagaraEmitters/NE_Flame_Basic_001.uasset,.uasset,315054,sA_Megapack_v1,vfx-candidate,medium
sA_Megapack_v1/sA_StylizedAttacksPack/FX/NiagaraEmitters/NE_MeshBurst.uasset,.uasset,891560,sA_Megapack_v1,vfx-candidate,medium
sA_Megapack_v1/sA_StylizedAttacksPack/FX/NiagaraEmitters/NE_Plane.uasset,.uasset,260350,sA_Megapack_v1,vfx-candidate,medium
sA_Megapack_v1/sA_StylizedAttacksPack/FX/NiagaraEmitters/NE_Ribbon.uasset,.uasset,241927,sA_Megapack_v1,vfx-candidate,medium
sA_Megapack_v1/sA_StylizedAttacksPack/FX/NiagaraEmitters/NE_SimpleBurst.uasset,.uasset,451601,sA_Megapack_v1,vfx-candidate,medium
sA_Megapack_v1/sA_StylizedAttacksPack/FX/NiagaraEmitters/NE_Smoke_04.uasset,.uasset,423463,sA_Megapack_v1,vfx-candidate,medium
sA_Megapack_v1/sA_StylizedAttacksPack/FX/NiagaraEmitters/NE_Smoke_Basic.uasset,.uasset,330570,sA_Megapack_v1,vfx-candidate,medium
sA_Megapack_v1/sA_StylizedAttacksPack/FX/NiagaraEmitters/NE_Smoke_Basic_001.uasset,.uasset,268061,sA_Megapack_v1,vfx-candidate,medium
sA_Megapack_v1/sA_StylizedAttacksPack/FX/NiagaraSystems/NS_AOE_Attack_1.uasset,.uasset,2311286,sA_Megapack_v1,vfx-candidate,medium
sA_Megapack_v1/sA_StylizedAttacksPack/FX/NiagaraSystems/NS_AOE_Attack_1_InfMode.uasset,.uasset,2238085,sA_Megapack_v1,vfx-candidate,medium
sA_Megapack_v1/sA_StylizedAttacksPack/FX/NiagaraSystems/NS_AOE_Attack_2.uasset,.uasset,2347414,sA_Megapack_v1,vfx-candidate,medium
sA_Megapack_v1/sA_StylizedAttacksPack/FX/NiagaraSystems/NS_AOE_Attack_2_WallMode.uasset,.uasset,2319750,sA_Megapack_v1,vfx-candidate,medium
sA_Megapack_v1/sA_StylizedAttacksPack/FX/NiagaraSystems/NS_AOE_ATTACK_3.uasset,.uasset,4267759,sA_Megapack_v1,vfx-candidate,medium
sA_Megapack_v1/sA_StylizedAttacksPack/FX/NiagaraSystems/NS_AOE_Explosion_1.uasset,.uasset,7695468,sA_Megapack_v1,vfx-candidate,medium
sA_Megapack_v1/sA_StylizedAttacksPack/FX/NiagaraSystems/NS_AOE_Meteor_1.uasset,.uasset,7755275,sA_Megapack_v1,vfx-candidate,medium
sA_Megapack_v1/sA_StylizedAttacksPack/FX/NiagaraSystems/NS_ArrowAttack.uasset,.uasset,1456359,sA_Megapack_v1,vfx-candidate,medium
sA_Megapack_v1/sA_StylizedAttacksPack/FX/NiagaraSystems/NS_Aura.uasset,.uasset,2583360,sA_Megapack_v1,vfx-candidate,medium
sA_Megapack_v1/sA_StylizedAttacksPack/FX/NiagaraSystems/NS_BasicHit.uasset,.uasset,2321048,sA_Megapack_v1,vfx-candidate,medium
sA_Megapack_v1/sA_StylizedAttacksPack/FX/NiagaraSystems/NS_BasicHit_2.uasset,.uasset,2647883,sA_Megapack_v1,vfx-candidate,medium
sA_Megapack_v1/sA_StylizedAttacksPack/FX/NiagaraSystems/NS_Flame_Single.uasset,.uasset,1681933,sA_Megapack_v1,vfx-candidate,medium
sA_Megapack_v1/sA_StylizedAttacksPack/FX/NiagaraSystems/NS_Flame_Trail.uasset,.uasset,1591077,sA_Megapack_v1,vfx-candidate,medium
sA_Megapack_v1/sA_StylizedAttacksPack/FX/NiagaraSystems/NS_RibbonTrail.uasset,.uasset,658020,sA_Megapack_v1,vfx-candidate,medium
sA_Megapack_v1/sA_StylizedAttacksPack/Materials/M_AdditiveScrollNiagara1.uasset,.uasset,88640,sA_Megapack_v1,material-candidate,medium
sA_Megapack_v1/sA_StylizedAttacksPack/Materials/M_Basic_Hit.uasset,.uasset,71757,sA_Megapack_v1,material-candidate,medium
sA_Megapack_v1/sA_StylizedAttacksPack/Materials/M_Basic_Particle_2.uasset,.uasset,70189,sA_Megapack_v1,material-candidate,medium
sA_Megapack_v1/sA_StylizedAttacksPack/Materials/M_Fres_Trans.uasset,.uasset,79573,sA_Megapack_v1,material-candidate,medium
sA_Megapack_v1/sA_StylizedAttacksPack/Materials/M_Gradient_Vert.uasset,.uasset,82238,sA_Megapack_v1,material-candidate,medium
sA_Megapack_v1/sA_StylizedAttacksPack/Materials/M_Gradient_Vert2.uasset,.uasset,66846,sA_Megapack_v1,material-candidate,medium
sA_Megapack_v1/sA_StylizedAttacksPack/Materials/M_Gradient_Vert_Masked.uasset,.uasset,75669,sA_Megapack_v1,material-candidate,medium
sA_Megapack_v1/sA_StylizedAttacksPack/Materials/M_Ground.uasset,.uasset,84766,sA_Megapack_v1,material-candidate,medium
sA_Megapack_v1/sA_StylizedAttacksPack/Materials/M_Ground_Crack.uasset,.uasset,74811,sA_Megapack_v1,material-candidate,medium
sA_Megapack_v1/sA_StylizedAttacksPack/Materials/M_Ground_Crack_Masked.uasset,.uasset,78513,sA_Megapack_v1,material-candidate,medium
sA_Megapack_v1/sA_StylizedAttacksPack/Materials/M_Master_RadialBeam.uasset,.uasset,72240,sA_Megapack_v1,material-candidate,medium
sA_Megapack_v1/sA_StylizedAttacksPack/Materials/M_Meteor.uasset,.uasset,94496,sA_Megapack_v1,material-candidate,medium
sA_Megapack_v1/sA_StylizedAttacksPack/Materials/M_RadialGradient_1.uasset,.uasset,73150,sA_Megapack_v1,material-candidate,medium
sA_Megapack_v1/sA_StylizedAttacksPack/Materials/M_Ribbon.uasset,.uasset,69825,sA_Megapack_v1,material-candidate,medium
sA_Megapack_v1/sA_StylizedAttacksPack/Materials/M_Smoke.uasset,.uasset,74959,sA_Megapack_v1,material-candidate,medium
sA_Megapack_v1/sA_StylizedAttacksPack/Materials/M_Smoke_01.uasset,.uasset,72117,sA_Megapack_v1,material-candidate,medium
sA_Megapack_v1/sA_StylizedAttacksPack/Materials/MI_Fireball.uasset,.uasset,71007,sA_Megapack_v1,material-candidate,medium
sA_Megapack_v1/sA_StylizedAttacksPack/Materials/MI_Flame_1.uasset,.uasset,69980,sA_Megapack_v1,material-candidate,medium
sA_Megapack_v1/sA_StylizedAttacksPack/Materials/MI_Flame_2.uasset,.uasset,71897,sA_Megapack_v1,material-candidate,medium
sA_Megapack_v1/sA_StylizedAttacksPack/Materials/MI_FlameAura_1.uasset,.uasset,73743,sA_Megapack_v1,material-candidate,medium
sA_Megapack_v1/sA_StylizedAttacksPack/Materials/MI_Fres_Trans.uasset,.uasset,67585,sA_Megapack_v1,material-candidate,medium
sA_Megapack_v1/sA_StylizedAttacksPack/Materials/MI_Gradient_Vert.uasset,.uasset,66570,sA_Megapack_v1,material-candidate,medium
sA_Megapack_v1/sA_StylizedAttacksPack/Materials/MI_Ground_Crack_2.uasset,.uasset,71052,sA_Megapack_v1,material-candidate,medium
sA_Megapack_v1/sA_StylizedAttacksPack/Materials/MI_Ground_Showscene.uasset,.uasset,86815,sA_Megapack_v1,material-candidate,medium
sA_Megapack_v1/sA_StylizedAttacksPack/Materials/MI_Hit_1.uasset,.uasset,72181,sA_Megapack_v1,material-candidate,medium
sA_Megapack_v1/sA_StylizedAttacksPack/Materials/MI_Hit_2.uasset,.uasset,73136,sA_Megapack_v1,material-candidate,medium
sA_Megapack_v1/sA_StylizedAttacksPack/Materials/MI_Radial_2.uasset,.uasset,65372,sA_Megapack_v1,material-candidate,medium
sA_Megapack_v1/sA_StylizedAttacksPack/Materials/MI_Smoke_1.uasset,.uasset,71343,sA_Megapack_v1,material-candidate,medium
sA_Megapack_v1/sA_StylizedAttacksPack/Materials/Textures/Noise10.png,.png,1210487,sA_Megapack_v1,raster-image,high
sA_Megapack_v1/sA_StylizedAttacksPack/Materials/Textures/T_Circle_1.uasset,.uasset,387550,sA_Megapack_v1,material-candidate,medium
sA_Megapack_v1/sA_StylizedAttacksPack/Materials/Textures/T_FireBall.uasset,.uasset,845994,sA_Megapack_v1,material-candidate,medium
sA_Megapack_v1/sA_StylizedAttacksPack/Materials/Textures/T_Flame_Aura_1.uasset,.uasset,2744796,sA_Megapack_v1,material-candidate,medium
sA_Megapack_v1/sA_StylizedAttacksPack/Materials/Textures/T_FlameUV_1.uasset,.uasset,777833,sA_Megapack_v1,material-candidate,medium
sA_Megapack_v1/sA_StylizedAttacksPack/Materials/Textures/T_FlameUV_2.uasset,.uasset,703960,sA_Megapack_v1,material-candidate,medium
sA_Megapack_v1/sA_StylizedAttacksPack/Materials/Textures/T_Gradient_1.uasset,.uasset,1252520,sA_Megapack_v1,material-candidate,medium
sA_Megapack_v1/sA_StylizedAttacksPack/Materials/Textures/T_Gradient_Vertical.uasset,.uasset,24123,sA_Megapack_v1,material-candidate,medium
sA_Megapack_v1/sA_StylizedAttacksPack/Materials/Textures/T_Ground_Crack.uasset,.uasset,405689,sA_Megapack_v1,material-candidate,medium
sA_Megapack_v1/sA_StylizedAttacksPack/Materials/Textures/T_Ground_Crack_2.uasset,.uasset,804873,sA_Megapack_v1,material-candidate,medium
sA_Megapack_v1/sA_StylizedAttacksPack/Materials/Textures/T_Ground_Crack_3.uasset,.uasset,287072,sA_Megapack_v1,material-candidate,medium
sA_Megapack_v1/sA_StylizedAttacksPack/Materials/Textures/T_Hit_1.uasset,.uasset,238791,sA_Megapack_v1,material-candidate,medium
sA_Megapack_v1/sA_StylizedAttacksPack/Materials/Textures/T_Hit_2.uasset,.uasset,329757,sA_Megapack_v1,material-candidate,medium
sA_Megapack_v1/sA_StylizedAttacksPack/Materials/Textures/T_Hit_Circle.uasset,.uasset,257600,sA_Megapack_v1,material-candidate,medium
sA_Megapack_v1/sA_StylizedAttacksPack/Materials/Textures/T_Meteor_Ao.uasset,.uasset,1013418,sA_Megapack_v1,material-candidate,medium
sA_Megapack_v1/sA_StylizedAttacksPack/Materials/Textures/T_Meteor_basecolor.uasset,.uasset,1734284,sA_Megapack_v1,material-candidate,medium
sA_Megapack_v1/sA_StylizedAttacksPack/Materials/Textures/T_Meteor_normal.uasset,.uasset,18819069,sA_Megapack_v1,material-candidate,medium
sA_Megapack_v1/sA_StylizedAttacksPack/Materials/Textures/T_Noise10.uasset,.uasset,1154712,sA_Megapack_v1,material-candidate,medium
sA_Megapack_v1/sA_StylizedAttacksPack/Materials/Textures/T_Radial_1.uasset,.uasset,53171,sA_Megapack_v1,material-candidate,medium
sA_Megapack_v1/sA_StylizedAttacksPack/Materials/Textures/T_Smoke_1.uasset,.uasset,775157,sA_Megapack_v1,material-candidate,medium
sA_Megapack_v1/sA_StylizedAttacksPack/Materials/Textures/T_Smoke_SubUV.uasset,.uasset,1959515,sA_Megapack_v1,material-candidate,medium
sA_Megapack_v1/sA_StylizedAttacksPack/Models/SM_Arrow.uasset,.uasset,95962,sA_Megapack_v1,mesh-candidate,medium
sA_Megapack_v1/sA_StylizedAttacksPack/Models/SM_Arrow_Back.uasset,.uasset,92862,sA_Megapack_v1,mesh-candidate,medium
sA_Megapack_v1/sA_StylizedAttacksPack/Models/SM_Aura_1.uasset,.uasset,99791,sA_Megapack_v1,mesh-candidate,medium
sA_Megapack_v1/sA_StylizedAttacksPack/Models/SM_Aura_2.uasset,.uasset,97480,sA_Megapack_v1,mesh-candidate,medium
sA_Megapack_v1/sA_StylizedAttacksPack/Models/SM_Aura_3.uasset,.uasset,100420,sA_Megapack_v1,mesh-candidate,medium
sA_Megapack_v1/sA_StylizedAttacksPack/Models/SM_DebrisRock_1.uasset,.uasset,105414,sA_Megapack_v1,mesh-candidate,medium
sA_Megapack_v1/sA_StylizedAttacksPack/Models/SM_DebrisRock_2.uasset,.uasset,96338,sA_Megapack_v1,mesh-candidate,medium
sA_Megapack_v1/sA_StylizedAttacksPack/Models/SM_DebrisRock_3.uasset,.uasset,98220,sA_Megapack_v1,mesh-candidate,medium
sA_Megapack_v1/sA_StylizedAttacksPack/Models/SM_DebrisRock_4.uasset,.uasset,89970,sA_Megapack_v1,mesh-candidate,medium
sA_Megapack_v1/sA_StylizedAttacksPack/Models/SM_Fx_Sphere.uasset,.uasset,138079,sA_Megapack_v1,mesh-candidate,medium
sA_Megapack_v1/sA_StylizedAttacksPack/Models/SM_GroundCrackAura.uasset,.uasset,134814,sA_Megapack_v1,mesh-candidate,medium
sA_Megapack_v1/sA_StylizedAttacksPack/Models/SM_GroundCrackAura2.uasset,.uasset,125458,sA_Megapack_v1,mesh-candidate,medium
sA_Megapack_v1/sA_StylizedAttacksPack/Models/SM_GroundCrackAura3.uasset,.uasset,143092,sA_Megapack_v1,mesh-candidate,medium
sA_Megapack_v1/sA_StylizedAttacksPack/Models/SM_GroundCrackAura3a.uasset,.uasset,140611,sA_Megapack_v1,mesh-candidate,medium
sA_Megapack_v1/sA_StylizedAttacksPack/Models/SM_Hemi_Sphere.uasset,.uasset,168357,sA_Megapack_v1,mesh-candidate,medium
sA_Megapack_v1/sA_StylizedAttacksPack/Models/SM_LongPlane.uasset,.uasset,97072,sA_Megapack_v1,mesh-candidate,medium
sA_Megapack_v1/sA_StylizedAttacksPack/Models/SM_Meteor.uasset,.uasset,560118,sA_Megapack_v1,mesh-candidate,medium
sA_Megapack_v1/sA_StylizedAttacksPack/Models/SM_Meteor_Windy.uasset,.uasset,176528,sA_Megapack_v1,mesh-candidate,medium
sA_Megapack_v1/sA_StylizedAttacksPack/Models/SM_Plane.uasset,.uasset,87682,sA_Megapack_v1,mesh-candidate,medium
sA_Megapack_v1/sA_StylizedAttacksPack/Models/SM_Spiral.uasset,.uasset,157851,sA_Megapack_v1,mesh-candidate,medium
Splash/EdSplash.png,.png,699255,Splash,raster-image,high
Splash/Splash.png,.png,699255,Splash,raster-image,high
SwordTrailVFX/Demo/Anims/A_Combo_1.uasset,.uasset,5473869,SwordTrailVFX,animation-candidate,medium
SwordTrailVFX/Demo/Anims/A_Combo_2.uasset,.uasset,5473869,SwordTrailVFX,animation-candidate,medium
SwordTrailVFX/Demo/Anims/A_Combo_3.uasset,.uasset,5473869,SwordTrailVFX,animation-candidate,medium
SwordTrailVFX/Demo/Anims/A_Combo_4.uasset,.uasset,5473735,SwordTrailVFX,animation-candidate,medium
SwordTrailVFX/Demo/Anims/A_Combo_5.uasset,.uasset,5473735,SwordTrailVFX,animation-candidate,medium
SwordTrailVFX/Demo/Anims/A_Combo_6.uasset,.uasset,5473735,SwordTrailVFX,animation-candidate,medium
SwordTrailVFX/Demo/Anims/NS_Demo/A_NS_01.uasset,.uasset,5431529,SwordTrailVFX,animation-candidate,medium
SwordTrailVFX/Demo/Anims/NS_Demo/A_NS_02.uasset,.uasset,5423567,SwordTrailVFX,animation-candidate,medium
SwordTrailVFX/Demo/Anims/NS_Demo/A_NS_03.uasset,.uasset,5423567,SwordTrailVFX,animation-candidate,medium
SwordTrailVFX/Demo/Anims/NS_Demo/A_NS_04.uasset,.uasset,5423567,SwordTrailVFX,animation-candidate,medium
SwordTrailVFX/Demo/Anims/NS_Demo/A_NS_05.uasset,.uasset,5423567,SwordTrailVFX,animation-candidate,medium
SwordTrailVFX/Demo/Anims/NS_Demo/A_NS_06.uasset,.uasset,5423567,SwordTrailVFX,animation-candidate,medium
SwordTrailVFX/Demo/Anims/NS_Demo/A_NS_07.uasset,.uasset,5423567,SwordTrailVFX,animation-candidate,medium
SwordTrailVFX/Demo/Anims/NS_Demo/A_NS_08.uasset,.uasset,5423567,SwordTrailVFX,animation-candidate,medium
SwordTrailVFX/Demo/Anims/NS_Demo/A_NS_09.uasset,.uasset,5423567,SwordTrailVFX,animation-candidate,medium
SwordTrailVFX/Demo/Anims/NS_Demo/A_NS_10.uasset,.uasset,5423555,SwordTrailVFX,animation-candidate,medium
SwordTrailVFX/Demo/Anims/NS_Demo/A_NS_11.uasset,.uasset,5423555,SwordTrailVFX,animation-candidate,medium
SwordTrailVFX/Demo/Anims/NS_Demo/A_NS_12.uasset,.uasset,5423555,SwordTrailVFX,animation-candidate,medium
SwordTrailVFX/Demo/Anims/NS_Demo/A_NS_13.uasset,.uasset,5423555,SwordTrailVFX,animation-candidate,medium
SwordTrailVFX/Demo/Anims/NS_Demo/A_NS_14.uasset,.uasset,5423555,SwordTrailVFX,animation-candidate,medium
SwordTrailVFX/Demo/Anims/NS_Demo/A_NS_15.uasset,.uasset,5423555,SwordTrailVFX,animation-candidate,medium
SwordTrailVFX/Demo/Anims/NS_Demo/A_NS_16.uasset,.uasset,5423555,SwordTrailVFX,animation-candidate,medium
SwordTrailVFX/Demo/Anims/NS_Demo/A_NS_17.uasset,.uasset,5423555,SwordTrailVFX,animation-candidate,medium
SwordTrailVFX/Demo/Anims/NS_Demo/A_NS_18.uasset,.uasset,5423555,SwordTrailVFX,animation-candidate,medium
SwordTrailVFX/Demo/BP_Man.uasset,.uasset,33671,SwordTrailVFX,unreal-package-unresolved,low
SwordTrailVFX/Demo/M_Base.uasset,.uasset,8479,SwordTrailVFX,unreal-package-unresolved,low
SwordTrailVFX/Demo/SKM_Man/PhA_Man.uasset,.uasset,30222,SwordTrailVFX,unreal-package-unresolved,low
SwordTrailVFX/Demo/SKM_Man/Skeleton_Man.uasset,.uasset,28596,SwordTrailVFX,unreal-package-unresolved,low
SwordTrailVFX/Demo/SKM_Man/SKM_Man.uasset,.uasset,7151480,SwordTrailVFX,unreal-package-unresolved,low
SwordTrailVFX/Demo/SM_Sword.uasset,.uasset,48711,SwordTrailVFX,unreal-package-unresolved,low
SwordTrailVFX/Maps/Demo.umap,.umap,160723,SwordTrailVFX,map-or-data,medium
SwordTrailVFX/Maps/Demo_BuiltData.uasset,.uasset,1290110,SwordTrailVFX,map-or-data,medium
SwordTrailVFX/Materials/Draw/M_Draw.uasset,.uasset,12148,SwordTrailVFX,material-candidate,medium
SwordTrailVFX/Materials/Draw/M_Draw_N.uasset,.uasset,15980,SwordTrailVFX,material-candidate,medium
SwordTrailVFX/Materials/M_DefaultSprite.uasset,.uasset,12015,SwordTrailVFX,material-candidate,medium
SwordTrailVFX/Materials/M_Trail_Color.uasset,.uasset,58952,SwordTrailVFX,material-candidate,medium
SwordTrailVFX/Materials/M_Trail_Refraction.uasset,.uasset,12193,SwordTrailVFX,material-candidate,medium
SwordTrailVFX/Materials/Trails_MI/MI_Trail_Color_01.uasset,.uasset,13054,SwordTrailVFX,material-candidate,medium
SwordTrailVFX/Materials/Trails_MI/MI_Trail_Color_02.uasset,.uasset,12828,SwordTrailVFX,material-candidate,medium
SwordTrailVFX/Materials/Trails_MI/MI_Trail_Color_03.uasset,.uasset,12655,SwordTrailVFX,material-candidate,medium
SwordTrailVFX/Materials/Trails_MI/MI_Trail_Color_04.uasset,.uasset,11693,SwordTrailVFX,material-candidate,medium
SwordTrailVFX/Materials/Trails_MI/MI_Trail_Color_05.uasset,.uasset,12201,SwordTrailVFX,material-candidate,medium
SwordTrailVFX/Materials/Trails_MI/MI_Trail_Color_06.uasset,.uasset,12880,SwordTrailVFX,material-candidate,medium
SwordTrailVFX/Materials/Trails_MI/MI_Trail_Color_07.uasset,.uasset,12781,SwordTrailVFX,material-candidate,medium
SwordTrailVFX/Materials/Trails_MI/MI_Trail_Color_08.uasset,.uasset,13244,SwordTrailVFX,material-candidate,medium
SwordTrailVFX/Materials/Trails_MI/MI_Trail_Color_09.uasset,.uasset,14697,SwordTrailVFX,material-candidate,medium
SwordTrailVFX/Materials/Trails_MI/MI_Trail_Color_10.uasset,.uasset,14320,SwordTrailVFX,material-candidate,medium
SwordTrailVFX/Materials/Trails_MI/MI_Trail_Color_12.uasset,.uasset,16342,SwordTrailVFX,material-candidate,medium
SwordTrailVFX/Materials/Trails_MI/MI_Trail_Color_13.uasset,.uasset,16150,SwordTrailVFX,material-candidate,medium
SwordTrailVFX/Materials/Trails_MI/MI_Trail_Color_14.uasset,.uasset,15044,SwordTrailVFX,material-candidate,medium
SwordTrailVFX/Materials/Trails_MI/MI_Trail_Color_15.uasset,.uasset,14289,SwordTrailVFX,material-candidate,medium
SwordTrailVFX/Materials/Trails_MI/MI_Trail_Color_16.uasset,.uasset,15120,SwordTrailVFX,material-candidate,medium
SwordTrailVFX/Materials/Trails_MI/MI_Trail_Color_17.uasset,.uasset,15892,SwordTrailVFX,material-candidate,medium
SwordTrailVFX/Materials/Trails_MI/MI_Trail_Color_18.uasset,.uasset,15663,SwordTrailVFX,material-candidate,medium
SwordTrailVFX/Materials/Trails_MI/MI_Trail_Color_19.uasset,.uasset,15212,SwordTrailVFX,material-candidate,medium
SwordTrailVFX/Materials/Trails_MI/MI_Trail_Color_20.uasset,.uasset,15137,SwordTrailVFX,material-candidate,medium
SwordTrailVFX/Textures/Mask/T_TrailMask_01.uasset,.uasset,156608,SwordTrailVFX,texture-candidate,medium
SwordTrailVFX/Textures/Mask/T_TrailMask_02.uasset,.uasset,696952,SwordTrailVFX,texture-candidate,medium
SwordTrailVFX/Textures/Mask/T_TrailMask_03.uasset,.uasset,1388280,SwordTrailVFX,texture-candidate,medium
SwordTrailVFX/Textures/Mask/T_TrailMask_04.uasset,.uasset,925312,SwordTrailVFX,texture-candidate,medium
SwordTrailVFX/Textures/Mask/T_TrailMask_05.uasset,.uasset,645434,SwordTrailVFX,texture-candidate,medium
SwordTrailVFX/Textures/Mask/T_TrailMask_06.uasset,.uasset,543823,SwordTrailVFX,texture-candidate,medium
SwordTrailVFX/Textures/Mask/T_TrailMask_07.uasset,.uasset,422436,SwordTrailVFX,texture-candidate,medium
SwordTrailVFX/Textures/Mask/T_TrailMask_08.uasset,.uasset,946773,SwordTrailVFX,texture-candidate,medium
SwordTrailVFX/Textures/Mask/T_TrailMask_09.uasset,.uasset,498641,SwordTrailVFX,texture-candidate,medium
SwordTrailVFX/Textures/Mask/T_TrailMask_11.uasset,.uasset,222282,SwordTrailVFX,texture-candidate,medium
SwordTrailVFX/Textures/Mask/T_TrailMask_12.uasset,.uasset,360259,SwordTrailVFX,texture-candidate,medium
SwordTrailVFX/Textures/Mask/T_TrailMask_14.uasset,.uasset,727331,SwordTrailVFX,texture-candidate,medium
SwordTrailVFX/Textures/Mask/T_TrailMask_15.uasset,.uasset,817302,SwordTrailVFX,texture-candidate,medium
SwordTrailVFX/Textures/Mask/T_TrailMask_16.uasset,.uasset,559572,SwordTrailVFX,texture-candidate,medium
SwordTrailVFX/Textures/Mask/T_TrailMask_17.uasset,.uasset,29323,SwordTrailVFX,texture-candidate,medium
SwordTrailVFX/Textures/Mask/T_TrailMask_18.uasset,.uasset,468886,SwordTrailVFX,texture-candidate,medium
SwordTrailVFX/Textures/Mask/T_TrailMask_19.uasset,.uasset,731415,SwordTrailVFX,texture-candidate,medium
SwordTrailVFX/Textures/Mask/T_TrailMask_20.uasset,.uasset,479739,SwordTrailVFX,texture-candidate,medium
SwordTrailVFX/Textures/Mask/T_TrailMask_21.uasset,.uasset,342484,SwordTrailVFX,texture-candidate,medium
SwordTrailVFX/Textures/Mask/T_TrailMask_22.uasset,.uasset,287712,SwordTrailVFX,texture-candidate,medium
SwordTrailVFX/Textures/RT_Draw.uasset,.uasset,4042,SwordTrailVFX,texture-candidate,medium
SwordTrailVFX/Textures/RTs/RT_Draw_01.uasset,.uasset,179913,SwordTrailVFX,texture-candidate,medium
SwordTrailVFX/Textures/RTs/RT_Draw_N_01.uasset,.uasset,135909,SwordTrailVFX,texture-candidate,medium
SwordTrailVFX/Textures/T_Base_LC.uasset,.uasset,4531,SwordTrailVFX,texture-candidate,medium
SwordTrailVFX/VFX/NS_Trail_01.uasset,.uasset,554707,SwordTrailVFX,vfx-candidate,medium
SwordTrailVFX/VFX/NS_Trail_02.uasset,.uasset,556808,SwordTrailVFX,vfx-candidate,medium
SwordTrailVFX/VFX/NS_Trail_03.uasset,.uasset,1190562,SwordTrailVFX,vfx-candidate,medium
SwordTrailVFX/VFX/NS_Trail_04.uasset,.uasset,848552,SwordTrailVFX,vfx-candidate,medium
SwordTrailVFX/VFX/NS_Trail_05.uasset,.uasset,831964,SwordTrailVFX,vfx-candidate,medium
SwordTrailVFX/VFX/NS_Trail_06.uasset,.uasset,869625,SwordTrailVFX,vfx-candidate,medium
SwordTrailVFX/VFX/NS_Trail_07.uasset,.uasset,869331,SwordTrailVFX,vfx-candidate,medium
SwordTrailVFX/VFX/NS_Trail_08.uasset,.uasset,854941,SwordTrailVFX,vfx-candidate,medium
SwordTrailVFX/VFX/NS_Trail_09.uasset,.uasset,855654,SwordTrailVFX,vfx-candidate,medium
SwordTrailVFX/VFX/NS_Trail_10.uasset,.uasset,1790760,SwordTrailVFX,vfx-candidate,medium
SwordTrailVFX/VFX/NS_Trail_11.uasset,.uasset,1780512,SwordTrailVFX,vfx-candidate,medium
SwordTrailVFX/VFX/NS_Trail_12.uasset,.uasset,1929612,SwordTrailVFX,vfx-candidate,medium
SwordTrailVFX/VFX/NS_Trail_13.uasset,.uasset,1367342,SwordTrailVFX,vfx-candidate,medium
SwordTrailVFX/VFX/NS_Trail_14.uasset,.uasset,1702889,SwordTrailVFX,vfx-candidate,medium
SwordTrailVFX/VFX/NS_Trail_15.uasset,.uasset,1346836,SwordTrailVFX,vfx-candidate,medium
SwordTrailVFX/VFX/NS_Trail_16.uasset,.uasset,1351286,SwordTrailVFX,vfx-candidate,medium
SwordTrailVFX/VFX/NS_Trail_17.uasset,.uasset,1351038,SwordTrailVFX,vfx-candidate,medium
SwordTrailVFX/VFX/NS_Trail_18.uasset,.uasset,1351518,SwordTrailVFX,vfx-candidate,medium
